name,place_id,city
Crossroads,ChIJZwG1dNNfmogRQcODiJZdnFw,Alabama
Crossroad,ChIJ3b6q1abjYYgR1fNJVwIh-uQ,Alabama
Saints Crossroads,ChIJbcHoLF1UfYgRXQlWeAiyEN0,Alabama
Crossroads,ChIJX6RYYk4Iy4cRhwBFPHNL-oc,Arkansas
Crossroads,ChIJC9-ZTk6U0YcRP2DAos56iLs,Arkansas
Crossroads,ChIJyQhLE_tr0ocR0D4FYWAcE24,Arkansas
Crossroads,ChIJHzYN5Y5hzIcR48J_20V8Lac,Arkansas
Crossroad,ChIJdd-jqH4Z04cRb0Qx3jwnihM,Arkansas
Crossroad,ChIJbe6MpQyCzocR0BhvlU-7R9I,Arkansas
Crossroad,ChIJ_bQHLOnRLYYRcUzehQj3MUU,Arkansas
Cross Roads,ChIJeWY_rTZZLYYRmlIYNOHpn2I,Arkansas
Cross Roads,ChIJ1V3O2439NIYRZd9ySLg6AO4,Arkansas
Cross Roads,ChIJyemIA941M4YRSy-v9eggGTU,Arkansas
Cross Roads,ChIJuzUrEjhrMoYRf3u0rpDMpVc,Arkansas
Cross Roads,ChIJXU-wKIdFyYcR0jNYXblg338,Arkansas
Cross Roads,ChIJ342SkNSZLYYRFEYkESei0Ug,Arkansas
Crossroads,ChIJ3x9-7f7b3kcRXq0d7rBrWPk,Ashford
Crossroads,ChIJH53iqpze3kcRQuV5KO_sKKs,Ashford
Crossroads,ChIJh1iNkgr2dkgRezVMrV5OS1s,Aylesbury
SD No. 3 Kerobokan Kelod,ChIJ22GIW0dH0i0RPwi7MVtpRvA,Badung Regency
SD N 2 Seminyak,ChIJBy-nPiJH0i0RcshL92SIXJs,Badung Regency
RA & SD AL-HIJRIYAH,ChIJO-cAljA50i0R4qww_lMeN5c,Badung Regency
SD 3 Kerobokan,ChIJgZhZO6Q40i0R6m5QDokI1og,Badung Regency
SD No. 1 Kerobokan Kelod,ChIJD4sTjmpH0i0Rcp55ExghGGM,Badung Regency
Sdn petak bahandang,ChIJOzQsaQBH0i0Ry0_RvcY0Cp4,Badung Regency
SDN 5 Dalung,ChIJSZbua8Y40i0R9JD1bAPIkI4,Badung Regency
Kuta Elementary School 1,ChIJV_q_pgVE0i0RG3bKXwjEJxo,Badung Regency
SDN 1 Sempidi,ChIJhS-9-So50i0RCUv94VOzTxU,Badung Regency
ELEMENTARY SCHOOL STATE 2 Of Tuban,ChIJGwzoahtE0i0RPNyL-LU9yso,Badung Regency
ELEMENTARY SCHOOL STATE 4 OF TUBAN KUTA,ChIJd0Da9g9E0i0RFfrK6DENErA,Badung Regency
ELEMENTARY SCHOOL STATE 6 OF TUBAN KUTA,ChIJHwz5hQ9E0i0RJqRIyfnKRAc,Badung Regency
SDN 1 Sedang,ChIJqWBSin4-0i0RpGMVlpUcfgg,Badung Regency
SDN 1 Kekeran,ChIJiSyczG450i0RtWvV9KovqrA,Badung Regency
SDN 9 Benoa,ChIJ30PnzWRD0i0RadEYxQmhzlQ,Badung Regency
SD No. 5 Kuta,ChIJL9EKrqBG0i0RB5GkX1aDLJg,Badung Regency
SDN 2 Munggu,ChIJR9ciSqw50i0RlDBCnMiL96s,Badung Regency
SDN 3 Sibang Gede,ChIJK5_Y_pY-0i0RfZ0JMPOZyTE,Badung Regency
SDN 6 Kapal,ChIJ2ZIRyVw50i0R1Cweyh8Imdc,Badung Regency
SD Negeri 1 Kerobokan Kaja,ChIJO0U9mcA40i0Rx6V-NEXHkDs,Badung Regency
SD Negeri 4 Dalung - ᭞ᬏᬲ᭄ ᬤᬾ᭞ ᬦᭂᬕᭂᬭᬶ ᭔‌‌ ᬤᬮᬸᬂ᭟,ChIJezXncMY40i0RxjyGMEtB5aM,Badung Regency
SD No. 1 Kuta,ChIJw-CNZ6VG0i0Rc7veWQzXsIg,Badung Regency
SD Negeri 1 Canggu,ChIJ4354o4w40i0Ro6kwLy6U9t0,Badung Regency
SD Negeri 2 Jagapati,ChIJi5VMd1c-0i0RHjNAAy6-KG8,Badung Regency
SD No. 4 Jimbaran,ChIJBSE-eWFF0i0RVQNtKOwTSrk,Badung Regency
SD Negeri 1 Mambal,ChIJAQj4Nzk80i0R1j7gN-SSOFM,Badung Regency
SDN No.4 Mambal,ChIJeRd_UUQ80i0RAM1Z7zzeKzo,Badung Regency
SDN 2 Angantaka,ChIJcwcMxmA-0i0R5D2Ge43Hefw,Badung Regency
SDN 3 Penarungan,ChIJXZEhPG880i0RrwaVTCi5J-E,Badung Regency
SDN 2 Penarungan,ChIJW9D5ynM80i0R2ESwhDpNeJI,Badung Regency
SDN No.2 Abiansemal,ChIJWcLJlfM80i0RZ4LZJUFOOQ4,Badung Regency
SDN 2 Carangsari,ChIJhcNbehIj0i0R6wzER-v5jI8,Badung Regency
Junior High School State 2 of Kuta,ChIJt0l7QTtH0i0RqBw5H225TPM,Badung Regency
SMP Negeri 3 Kuta Utara,ChIJVxN3PqQcg6ERTopTyKE9f9E,Badung Regency
SMP Negeri 1 Kuta Utara,ChIJ0UceMqQ40i0R7xk8zXLSglM,Badung Regency
SMP Budi Utama Kerobokan,ChIJC6rClthG0i0Rt8gHgUwgRJo,Badung Regency
SMP/SMAS/SMKS Ngurah Rai,ChIJ3c9tsKM40i0RZLZNcXS1-94,Badung Regency
SMP Sunari Loka Kuta,ChIJvTtoeJBA0i0RBf2xVJQJPmU,Badung Regency
SMP Pancasila,ChIJE1jlJxJH0i0RXFiQjOgBS60,Badung Regency
SMP TEGALJAYA,ChIJ2-FarM840i0R4fxxV-bFHmo,Badung Regency
State Junior High School 5 Mengwi,ChIJC0iEKNQ-0i0RmB-CasdA1S0,Badung Regency
State Junior High School 1 Kuta,ChIJaVLXIh9E0i0RzvEbx9B9r8s,Badung Regency
SMP Negeri 4 Kuta Utara,ChIJl6vt3PU50i0R2uYIKCCwAvw,Badung Regency
Sekolah Tiara Nirwana,ChIJvzOEOq840i0RPmuGoKhG7u8,Badung Regency
SMP Angkasa,ChIJ8X-bzRxE0i0RTHDI7Z9S8rY,Badung Regency
SMP Dharmasastra,ChIJ0You5C450i0RobLzRU1AedI,Badung Regency
SMPN 3 Mengwi,ChIJu29-7hk50i0RVcOZQt2krwA,Badung Regency
SMPK 2 HARAPAN,ChIJl5w872VH0i0R059YvaaAcLA,Badung Regency
SMP Pancasila Canggu,ChIJ_QwWIY440i0RzdAZbV1mtkA,Badung Regency
SMP Negeri 3 South Kuta,ChIJ0ZmQM6VD0i0RwYZ3CquQ23s,Badung Regency
SMP Swastika Kapal,ChIJ1eLB4Ao50i0R56goJsdNlyo,Badung Regency
Les Privat Matematika SMP dan SMA Tuban,ChIJNb3JmYdF0i0RMRBNmIYJ5q0,Badung Regency
SMP SENI UKIR TANGEB,ChIJN8MdkWo50i0RvSJOtiXFRNc,Badung Regency
Smp negeri 7 mengwi,ChIJc9AS78k50i0RmLU0G95aJVM,Badung Regency
Junior State 2 Mengwi,ChIJRcMbqEQ50i0RoV05BqEdXGU,Badung Regency
Sekolah SMP Nusa Dua,ChIJ08n-ZgpD0i0Rm0R-K_Igkjc,Badung Regency
SMPN 2 Abiansemal,ChIJB-A_55Y80i0RI6Y370JsASw,Badung Regency
SMPN 4 Kuta Selatan,ChIJT4GztT5D0i0R4atXtw7N7LM,Badung Regency
SMP Widya Dharma,ChIJJSYAr8k_0i0RgAogX6I-llk,Badung Regency
SMP Widiatmika,ChIJG-eInJBE0i0Rnj3IP-EA7oY,Badung Regency
Bali Kiddy School,ChIJy_hnGThH0i0RcPAbIYDzsSM,Badung Regency
SMP Dwijendra Bualu,ChIJgR97y0dD0i0RLewVPhzi2wo,Badung Regency
SMP Parama Dipta,ChIJs6zl7sI70i0RbriGHQd6mKM,Badung Regency
Smp Cendekia Harapan,ChIJDby9PNtE0i0RmQIhf2mzuLU,Badung Regency
SMP Negeri 1 Mengwi,ChIJU34Vg5g70i0R0_Mt1XZxOq0,Badung Regency
Tuntas Solution-Bimbingan Belajar (Bimbel) Les Privat Matematika SD/SMP/SMA/SMK,ChIJ9zxGdwA50i0RKZwAucJKqkc,Badung Regency
SMP NEGERI 5 ABIANSEMAL,ChIJIYy8eMI90i0RwDGh9Z_9mq4,Badung Regency
SMP N 5 South Kuta,ChIJkybKUVFb0i0R5UVEyDwDeQY,Badung Regency
SMP SWADHYAYA SENI UKIR PENARUNGAN,ChIJIXQX1nM80i0RSE7W1pM3ELM,Badung Regency
SMP Widhya Brata Mengwi,ChIJTbAa5CM70i0RIrBmUypRrSI,Badung Regency
Jembatan Budaya School,ChIJee9aubxG0i0Rab9ciG5JQLU,Badung Regency
State Junior High School 2 South Kuta,ChIJkbzC50Vb0i0RWYlUAtRZQBY,Badung Regency
SMP Negeri 1 Abiansemal,ChIJ7wQ0sps80i0RuFve-5y5Qf4,Badung Regency
SMP PGRI 4 Badung,ChIJa1q7K6Y80i0RcSK2agJNZNg,Badung Regency
SD No. 2 Sangeh,ChIJmz3zPU8j0i0RMueGA0yq1dI,Badung Regency
SD NO 1 SANGEH,ChIJUeeuHEsj0i0RgsHYEuYDLFg,Badung Regency
SD No. 3 Sangeh,ChIJZ55NWrM80i0R_fGlwi6xUhs,Badung Regency
SD No. 1 Selat,ChIJM6mD8bU80i0RYq6lZHadw4U,Badung Regency
SD No. 1 Ayunan,ChIJqx70Ea480i0R0Bvgp5pd_KY,Badung Regency
SD No. 5 Carangsari,ChIJp4n4Hgoj0i0RQFZwfWbppLs,Badung Regency
SD No. 1 Kuwum,ChIJN29VQgAl0i0R7Q0m_qy0Y0I,Badung Regency
SD No. 1 Sobangan,ChIJ2YIyLqg80i0Rld2BFHD-V4U,Badung Regency
SD NO. 1 TAMAN,ChIJieJgdPIj0i0RTYxvzfd41ac,Badung Regency
SD No. 6 Dalung,ChIJN3gc7qEk0i0RquVto5ZEoiw,Badung Regency
SD No. 3 Sembung,ChIJqxnBGugl0i0RW2dxKLGj-mQ,Badung Regency
SD No. 1 Sembung,ChIJA9bPhp4k0i0RkQCfYMcpwNk,Badung Regency
SD No.4 Sembung,ChIJC9-TzzUl0i0RrbCHYWg5dcs,Badung Regency
SD NO 1 PUNGGUL,ChIJB1t3v8U80i0RXwHJE5LWj00,Badung Regency
SD. NO3 CARANGSARI,ChIJC4AY8Tgj0i0RqxWLy0Uccpw,Badung Regency
SD Negeri 2 Taman,ChIJ_8deXNI80i0RoJQUWleBv4o,Badung Regency
SD NO. 5 TAMAN,ChIJYSUNfS4j0i0RESf5kUIjYYk,Badung Regency
Sd No 1 Getasan,ChIJo9GO7IMj0i0RsIC8g_xNW1k,Badung Regency
SD Negeri 1 Werdi Bhuwana,ChIJDTIM5Vg70i0Rrhkdiua16SI,Badung Regency
Sd Negeri 2 Punggul,ChIJEdw7hMM80i0RY0YLt6tMr4o,Badung Regency
SD 1 BONGKASA,ChIJq8vu4Y890i0R1SVAd-HRLyc,Badung Regency
SD No. 2 Ayunan,ChIJ1eRQPaM80i0Re2Odi71mSBs,Badung Regency
SD No. 3 Taman,ChIJi2fuVRcj0i0RY3QQOuQYgJo,Badung Regency
SD No. 4 Blahkiuh,ChIJ37rLGL480i0RCDrFS5X93so,Badung Regency
SD No 4 TAMAN,ChIJLy2nu-o90i0RwV4lIw7x5BA,Badung Regency
SD NO. 3 WERDI BHUWANA,ChIJVVG7FgA70i0RR72p_2svrGM,Badung Regency
SD Negeri 2 Bongkasa,ChIJB5B2HKE90i0RUJUhRLUX2NI,Badung Regency
SD 1 Pangsan,ChIJUVLBjdgj0i0RY16YO26s_TI,Badung Regency
SD 2 Pangsan,ChIJ-cKNTdoj0i0RmovOV9XLB9M,Badung Regency
SD No. 1 Bongkasa Pertiwi,ChIJg62YHtci0i0Rn2JPbNsPkjQ,Badung Regency
SD No. 3 Blahkiuh,ChIJLUJyQZA80i0RTvzTpBLCXEI,Badung Regency
SD 2 Bongkasa Pertiwi,ChIJ1cqmIdci0i0RxizFbVeSHyQ,Badung Regency
SD No 2 Kuwum,ChIJ3-58nYQk0i0RZ4hSInc4VT0,Badung Regency
SD No 2 Getasan,ChIJjRcFLgAj0i0R99oDO5FaGdY,Badung Regency
SD No. 4 Bongkasa,ChIJ0ze3GxdWBAUR9tPSWWBZSvo,Badung Regency
SD No. 1 Baha,ChIJ9VD4j8g70i0RzhXoRuM10KU,Badung Regency
SD No.3 Pangsan,ChIJyXUAoNoj0i0RHXg1TwBB1_Q,Badung Regency
SD N 2 Dauh Yeh Cani,ChIJZ089O4880i0RuHuizykmfEY,Badung Regency
SD No. 2 Baha,ChIJ3avzMXw70i0R5j9XJhznnE4,Badung Regency
SD No 2 Werdi Bhuwana,ChIJR-_5SXA70i0R8fWnVfvCRyM,Badung Regency
SD No. 3 Dauh Yeh Cani,ChIJHzwaDog80i0ReaaoeubpX4c,Badung Regency
Sd no 14 pemecutan,ChIJj4kyS-Mn0i0RRvpi7HbkVtQ,Badung Regency
SD No. 4 Abiansemal Dauh Yeh Cani,ChIJ84ComrU90i0RmU8Z5j_FE6Y,Badung Regency
SD 2 MAMBAL,ChIJGUu78VY80i0RD6mAX8aOTPc,Badung Regency
SD No 1 Petang,ChIJu-YTxd8h0i0RiDZI8efulGc,Badung Regency
SD 5 gulingan,ChIJYTjhTbY90i0RR81McKvPrWQ,Badung Regency
SD No. 2 Mengwi,ChIJLU9VrJ470i0RlEMV34F13hs,Badung Regency
SD NO. 2 PETANG,ChIJWZlVN4Uh0i0RLGd302-4XYY,Badung Regency
SD Negeri 3 Mambal,ChIJsf2cbDg80i0RfMl9sxeGu5w,Badung Regency
SD No. 1 Mekar Bhuana,ChIJU7xRTQ9XBAURlknYjY_N_jA,Badung Regency
SD No. 3 Mekar Bhuwana,ChIJNxvJATY80i0R7Pj-pntDtD0,Badung Regency
SD No.2 Mekar Bhuana,ChIJv7YmHmg90i0RCSUxbvEgCoY,Badung Regency
SD No. 4 Mekar Bhuana,ChIJU7xRTQ9XBAURd1IzDy2mojE,Badung Regency
SD No. 4 Sibangkaja,ChIJobXZ_C090i0R2AUYWpPUktc,Badung Regency
SD No 3 Sibangkaja,ChIJfSA6dRU80i0RvVPUBWQsAiA,Badung Regency
SD No. 2 Lukluk,ChIJZxlRJao-0i0R3RHD-cCB8Tc,Badung Regency
SD. No.2 Sedang.,ChIJt6OxU0Q80i0RVODpD76hpJk,Badung Regency
Pertokoan bundaran,ChIJUfGMNgA50i0RFYqFhleIADA,Badung Regency
RUMAH FIRA,ChIJwXcUIlc50i0Rz9h0HDVdTzQ,Badung Regency
"Bundaran fried chicken, ayam geprek, teh poci aneka rasa cabang bundaran dalung",ChIJYyCABp450i0RTmoKNSH2sFI,Badung Regency
Taman desa Dalung,ChIJM3GANwA50i0R15r5sdxigP4,Badung Regency
1,ChIJYWNk--g50i0REqaM_1doH-c,Badung Regency
Monumen Perjuangan Bangsal Bali,ChIJceyzwSc50i0ReLcmCNcCLIA,Badung Regency
Monumen Carangsari,ChIJ9aBi6KUj0i0R19PXnN1R1no,Badung Regency
Monumen Resimen Mahasiswa Ugracena,ChIJLf0LPGdH0i0RUvsPD7Eros0,Badung Regency
Monumen perjuangan rakyat Penarungan desa,ChIJPbMtcQA90i0RD1qmx6ql5o0,Badung Regency
Patung Garuda Wisnu Kencana,ChIJ790fQLVE0i0R1w-Ejc2k8Po,Badung Regency
Monumen perjuangan rakyat Sibang Kaja desa,ChIJHSIYIAA90i0Rr89DhpduoWY,Badung Regency
Taman Mumbul Sangeh,ChIJQWvBDkoj0i0RLYVMkHhMqGw,Badung Regency
Tugu Perjuangan,ChIJM4jYjh480i0RkqzAdxA-e-I,Badung Regency
Tugu Perbatasan Kab. Badung - Kab. Gianyar,ChIJmxoEFgA90i0Ri9ByWY1jP4Y,Badung Regency
Tugu Perjuangan Desa Punggul,ChIJ8SxKDsM90i0RFlDxdqIK544,Badung Regency
Tugu Selamat Datang Desa Pelaga,ChIJrT28CAAh0i0R5P1kAQGqiUU,Badung Regency
Balai Banjar Kuwum,ChIJsfBY2X8j0i0Rw-eWQRPGazg,Badung Regency
Balai Banjar Tegal,ChIJuY_7YUFF0i0RnVt2rGI0uzY,Badung Regency
Balai Banjar Bedil,ChIJJWppmNU70i0Rj1dJ_6RKQTs,Badung Regency
Balai Banjar Bukian,ChIJY3X-TWeK0S0RiMHFUze3Ox4,Badung Regency
Balai Banjar Sedahan,ChIJmUqpjk440i0RfUYehWlRESY,Badung Regency
Balai Banjar Juwet,ChIJ6QHsv_M80i0RVuS1QuJQgmw,Badung Regency
Balai Banjar Sedang,ChIJX2QKvjc_0i0RLcWMH_1LlOs,Badung Regency
Balai Banjar Pangsan,ChIJVZjjM8Uj0i0RMK7O_ZpP5Qs,Badung Regency
Balai Banjar Kiadan,ChIJvXa7LyuL0S0RZljJ10mJ6-4,Badung Regency
Balai banjar badung tengah,ChIJB7rC64A90i0R66NZ02xCOE0,Badung Regency
BALAI BANJAR BATULANTANG,ChIJT65o6zAh0i0RSg6JaZf1aoU,Badung Regency
Balai Banjar Auman,ChIJY1DWTW2K0S0R5mEHgA6h2WE,Badung Regency
Balai Banjar Belulang,ChIJXTBQOUU50i0R-66js-JxIZg,Badung Regency
Balai Banjar Busana Kelod,ChIJCdy1g4c90i0R53faeimHiS0,Badung Regency
Balai banjar tengah SOBANGAN,ChIJnw24PwA90i0RTwLUJge9Vhw,Badung Regency
BALAI BANJAR WANAKELING,ChIJh3HbdUIh0i0RaJfxqUdFLJ4,Badung Regency
Balai Banjar Sulangai,ChIJG_Mhotwh0i0RxX1qsFNEoQQ,Badung Regency
Balai Banjar Adat Belok,ChIJ_9zk9cyL0S0RhktDMKyOWA4,Badung Regency
Balai Banjar Tegalnarungan,ChIJgeBhguk70i0RiZHxYSkDkPU,Badung Regency
Balai Banjar kasianan,ChIJhXUu814j0i0RTVCTBNdo1Zo,Badung Regency
Balai Banjar Adat Tohpati,ChIJjec0TAA90i0RLR4JlEjDiz0,Badung Regency
Balai Banjar Bhineka Asri,ChIJ7491DCk50i0R-K-fDSMnhaI,Badung Regency
Balai Banjar Pengilian,ChIJz14tIgA50i0Rnktb5gC1pDE,Badung Regency
Banjar Jambe Kerobokan,ChIJd6LstKQ40i0Rj9ltys-Qtyg,Badung Regency
SMP Negeri 4 Abiansemal,ChIJxw40TNw80i0RYU1Pqjm0Y2g,Badung Regency
SMP Negeri 6 Mengwi,ChIJHQcIAGU50i0R-LvVIIJ8B0Y,Badung Regency
Saint Thomas Aquino Catholic Junior High School,ChIJBewpueQ40i0R54SeKi_wroo,Badung Regency
SMPN 7 Mengwi new,ChIJa7WgeKs50i0RvAN6fKltBL8,Badung Regency
SDN 1 Blahkiuh,ChIJydNOGJQ80i0Rvx84km0ZkTY,Badung Regency
SD Negeri 1 Jimbaran,ChIJTz8fOWNE0i0RHGVVMHYcqsI,Badung Regency
SD NEGERI 1 PECATU,ChIJJ_hJYKhb0i0Rj9xayaMT94Q,Badung Regency
SD negeri 1 Blang Bladeh,ChIJo7FKnRhH0i0R_rikF0y-9dc,Badung Regency
SD Negeri 1 Kutuh,ChIJtwjmPVtb0i0RSB7TNoFT1xg,Badung Regency
SD No. 4 Ungasan,ChIJC7eSkTJb0i0RS-MFBmIuRQI,Badung Regency
3 Public Elementary School Pecatu Bali,ChIJu1Eagada0i0R23Iuyo5pmGA,Badung Regency
Balai Banjar Samuan Kangin,ChIJNy9q0hEj0i0RDHAjSaOd9_s,Badung Regency
Balai Banjar Sangut,ChIJx1bvbwcj0i0RQqRpsAUxgW4,Badung Regency
Balai Banjar Anyar,ChIJTQBCOAAj0i0RQdzOm6JxKOM,Badung Regency
Balai Banjar Pemamoran,ChIJO0xKgbpG0i0RUSgPGlY80to,Badung Regency
Balai Banjar Benehkawan,ChIJ8RYrnJY80i0R2FkipWOVOQw,Badung Regency
Balai Banjar Agung Mambal,ChIJaUBvLD880i0R1NfJZdekmgc,Badung Regency
Balai Banjar Sukajati,ChIJvXHaHIgj0i0RpPomTH5YDeo,Badung Regency
Balai Banjar Angantiga,ChIJdbxTh2Ih0i0RnkS1oFYT7lM,Badung Regency
Balai Banjar Adat Kedampal,ChIJXeGCrY880i0R4LXNs_BKMTc,Badung Regency
Balai Banjar Lebah Sari Desa Mambal,ChIJOb-Tgzs80i0Rj7jEyFpqhX8,Badung Regency
BALAI BANJAR MUNGGU,ChIJPUkOKQA70i0RLElFHTXVPfc,Badung Regency
Br. Banjaran Abiansemal,ChIJB_7KDg090i0R-lSzEUSzp6s,Badung Regency
Balai Banjar Sedahan,ChIJ72HMvpM70i0RoGlR9O8gvXA,Badung Regency
Balai Banjar Gumasih Mambal Kajanan,ChIJWctzrUA80i0RGbXOGRZlCDE,Badung Regency
The Junction House - Cafe & Restaurant Seminyak,ChIJcbdOlxBH0i0RcpgJ7RO3POI,Badung Regency
JUNCTION CAFE CANGGU,ChIJt1THgi050i0R2b2AD6Mnn90,Badung Regency
Berawa Junction,ChIJK__Tk0A50i0RSgldS8RPO-Q,Badung Regency
Desa Adat Dalung,ChIJe-ACZQA50i0Ry0MLUoldb9o,Badung Regency
Desa Adat Kutaraga,ChIJCcWqZAA90i0RZQ9hwBXfo1Y,Badung Regency
Kantor Desa Kerobokan Badung Bali,ChIJuzHumKY40i0RxUpkY4nE0tI,Badung Regency
Kantor Kepala Desa Punggul,ChIJ9z6MTMQ80i0Rct2vW9uNJAo,Badung Regency
Kantor Perbekel Desa Dalung - ᬓᬦ᭄ᬢᭀᬃ ᬧᭂᬃᬩᭂᬓᭂᬮ᭄ ᬤᬰ ᬤᬮᬸᬂ᭟,ChIJRUxqFic50i0R7kF0f-iwlrA,Badung Regency
Kantor Desa Adat Jimbaran,ChIJ87UkTGJE0i0R_5cvesfzYqo,Badung Regency
Kantor Perbekel Desa Canggu,ChIJremlxYs40i0RYpC9KM7sSPo,Badung Regency
Kantor Desa Tibubeneng,ChIJtb0MvIFH0i0RoYXnEoPav3k,Badung Regency
Kantor Kepala Desa Bongkasa,ChIJC4-kxd480i0R1Tk39E-Qxa4,Badung Regency
Kantor Perbekel Desa Buduk,ChIJNzy13hg50i0RT_GdQ82dNB4,Badung Regency
Kantor Kelurahan Legian,ChIJK0AeoMVG0i0RcGp8NQKXEGI,Badung Regency
Kantor Lurah Kerobokan Kelod,ChIJh9ZxYRVH0i0R9-l5L7F8bko,Badung Regency
Kantor Perbekel Desa Munggu,ChIJmZg-n0040i0R_Gzy0ao9YFo,Badung Regency
Kantor Desa Sibang Kaja,ChIJ6dNL4SY80i0RSM_JXwd3gIA,Badung Regency
Balai Banjar Telugtug,ChIJqVms9EAj0i0R3pN_uVzEcuY,Badung Regency
Balai Banjar Karang Dalem I,ChIJnQeeRuAi0i0R7vvuXUgKxYM,Badung Regency
Balai Banjar Jempeng,ChIJzbAvGhwj0i0R-aDvkiMcL6k,Badung Regency
Balai Banjar Kauh Getasan,ChIJlYWBxqQj0i0RhnpmV9n8F0A,Badung Regency
Balai Banjar Tebejero,ChIJ9fTJaykj0i0RFCnhGIZ4p84,Badung Regency
Balai Banjar Mekarsari,ChIJ_2ovlQMj0i0RZgfcSBWm-lI,Badung Regency
Balai Banjar munduk damping,ChIJ7Qsyt7Ih0i0RR3Ko1Tirp-o,Badung Regency
BALAI BANJAR TEGUAN,ChIJjcrIH0I90i0RHStosNhvPLk,Badung Regency
Balai Banjar Pacung Sangeh,ChIJX7lbCzUj0i0RuwZDAHHIPaM,Badung Regency
Balai Banjar Pengembungan,ChIJaWFJQyk90i0RNTbYUDBa__Q,Badung Regency
Balai Banjar Dirgahayu Gerih,ChIJQx6Idhc80i0Rg0EYr3e1h4s,Badung Regency
Balai Banjar Pasekan,ChIJw5xvegAl0i0RwrI7JylWrZY,Badung Regency
Balai Banjar Adat Celuk,ChIJtab3ysU40i0RvEbwN0Rq66M,Badung Regency
"Balai Serba Guna Banjar Cabe, Darmasaba, Abiansemal, Badung",ChIJW5ODDgA_0i0RkPlj_0Ip75s,Badung Regency
Balai Banjar Berawa,ChIJ86TWd2hH0i0RWJfuv8R6ItY,Badung Regency
Balai Banjar Adat Tatag Seminyak,ChIJkcfz3SdH0i0RhAeVAahgyWM,Badung Regency
Balai Banjar Tuka,ChIJayKwCeE50i0RdF7_J7UOp7I,Badung Regency
Balai Banjar Celuk Kapal,ChIJ-VfxSgA70i0RddfwkFoOXws,Badung Regency
Balai Banjar Dukuh Badung,ChIJbfWsxhQ50i0RORq381-i1M0,Badung Regency
Balai Banjar Badung,ChIJ5cgQ45Y-0i0R5pHETqyYGDs,Badung Regency
Balai Banjar Sigaran,ChIJIVdYnvo_0i0RoCkRTBxxHzw,Badung Regency
Balai Banjar Padang Sumbu Kaja,ChIJW1JHpjtH0i0R5g7hXCanaYQ,Badung Regency
"Balai Banjar Badung, Desa Ayunan, Kec. Abiansemal",ChIJi1fkDwA90i0RUjWdK8jQ7E0,Badung Regency
Balai Banjar Padang Tawang Canggu,ChIJd-ZHmOQ40i0RS7xf2e0yR6g,Badung Regency
Balai Banjar Gunung Buduk,ChIJNYRnwRc50i0RvAhQhz8-e7g,Badung Regency
BALAI BANJAR DAMA,ChIJXTr06ic50i0REcf1wfEbbNw,Badung Regency
Balai Banjar Belawan Abiansemal,ChIJF9-YJJo90i0RfeGeimzOh1I,Badung Regency
Balai Banjar Kelan Abian,ChIJ9UoMgXJE0i0RPoUDNJ4H2dQ,Badung Regency
Balai Banjar Kelan Desa,ChIJq-RFvQ1E0i0R7rKLqG5IqtM,Badung Regency
Balai Banjar Adat Gegadon,ChIJX6IY2a850i0RZoL-EycZdTo,Badung Regency
"Balai Banjar Adat Muncan, Desa Adat Kapal",ChIJXwsTrlA50i0RGLxGZelgX2o,Badung Regency
Balai Banjar Cica,ChIJ0Y6bhbs50i0RTC_0e6i5Wew,Badung Regency
Banjar Cabe,ChIJ1eiKse4-0i0RuhPBPuv5EJw,Badung Regency
Balai Banjar Menak Beringkit,ChIJbdIEo4c70i0RUiaawv7T0tM,Badung Regency
Balai Banjar Penyarikan,ChIJn0c6dTBD0i0RdnLKGWplHmI,Badung Regency
Balai Banjar Undagi Desa Mambal,ChIJkxuFXjw80i0Rx_b8Mi-fqWQ,Badung Regency
balai banjar pengembungan,ChIJHxhC2W840i0R4ACim58tm8E,Badung Regency
Balai Banjar Badung Gulingan,ChIJSaXSXyQ70i0RH7qJMmHUPNs,Badung Regency
Banjar Penyarikan,ChIJ2y32wug50i0R3Nyez0o46xM,Badung Regency
Pertigaan Jalan Pitu,ChIJ7e0aMgA90i0RteHppcPZ_p8,Badung Regency
Pertigaan,ChIJE-taVAA50i0RQ3hVPqj7-pw,Badung Regency
Pertigaan antasura,ChIJd67749E_0i0RHQG505EwNw4,Badung Regency
Pertigaan Kemunafikan,ChIJDQQQGbw_0i0RWQAz85xCrdw,Badung Regency
Pertigaan Muncan (Muncan Junction),ChIJ_xB_YwA50i0RfAGCac_WzQo,Badung Regency
Pertigaan Jagapati,ChIJGWNmbAA_0i0R6dWB2JF4-P0,Badung Regency
Pasraman Puri Puncak Bangsal,ChIJqetBwSc50i0RP2GJ_CfLDis,Badung Regency
Geprek Pertigaan,ChIJyYzgp4080i0RkEemTECyZ9g,Badung Regency
Pertigaan dalung,ChIJJxGq8yU50i0RSbqCbutpUAY,Badung Regency
Balai Banjar Madya Sari,ChIJvRAv1Fo_0i0R7rqzInqv3xI,Badung Regency
Balai Banjar Gadon,ChIJd_wwUqM40i0RamIrekhJTwk,Badung Regency
Balai Banjar Padang Lestari,ChIJpUln6IdH0i0RneUS7qzzuAQ,Badung Regency
Balai Banjar Puseh,ChIJw1R1GMg-0i0RUy7E7h5-wEA,Badung Regency
Balai Banjar Sengguan-Pasekan Sading,ChIJOT5c184-0i0RaBe2b-E22DU,Badung Regency
Balai Banjar Adat Aseman Dan Ratih,ChIJxce-v30-0i0RPSiojTV-74E,Badung Regency
Banjar Babakan,ChIJ01PmzUY50i0RHI5FV9DhCf8,Badung Regency
Balai Banjar Kekeran,ChIJr3InSBY_0i0RBg9xOMTpaSg,Badung Regency
"Banjar Taman, Desa Darmasaba",ChIJRzSQg8E-0i0RbpKDguR_wBo,Badung Regency
Balai Banjar Gunung Pande,ChIJTclu8QE50i0Ri4mJXeQPCYs,Badung Regency
Balai Banjar Perumahan Cempaka Mas,ChIJAWElcyA50i0RAKT8Hh0CQRk,Badung Regency
Balai Banjar Alas War Lukluk,ChIJwfGBIKw-0i0RGX5ujf_2TAI,Badung Regency
"Balai Banjar Kwanji Dalung, Badung",ChIJFdgaZgk50i0R5LspvP87raE,Badung Regency
Balai Banjar Bumi Kertha,ChIJaXvnehY50i0R9xPuIF-rcnw,Badung Regency
Balai Banjar Surya Bhuana,ChIJS_gLrrg40i0RqsmovjUrJIg,Badung Regency
"Balai Banjar Delod Yeh, Kekeran",ChIJ4_McW2k50i0R_SqfYiE-Q_c,Badung Regency
"Balai Banjar Karang Suwung, Sading",ChIJw6zwHQA_0i0RdkJ3H8rar-4,Badung Regency
Balai Banjar Delod Pempatan,ChIJ9X8kT2I50i0R1aQXf-FLMEU,Badung Regency
Balai Banjar Trijata Desa Mambal,ChIJTweZ3Dg80i0R6sxXeZBPirQ,Badung Regency
"Balai Banjar Pendem, Desa Adat Padang Luwih Dalung Kuta Utara Badung",ChIJ4cTHJAA50i0R0t7wq9Cyvtk,Badung Regency
Balai Banjar Silayukti,ChIJ_yJlaQA50i0R2nZ1J6n8vJc,Badung Regency
Balai Banjar Selat Beringkit,ChIJN3xOxeQ70i0RBIcPzvDr5CU,Badung Regency
Banjar Delod Pempatan,ChIJEcHEejU50i0RkNE_UChFtTY,Badung Regency
Balai Banjar Nuansa Utama Selatan,ChIJrWjQ86ZE0i0RSckmXtUiRLE,Badung Regency
Bale Banjar Celuk Desa Adat Kapal,ChIJF1IzvPw70i0RZgtiJzGCLbc,Badung Regency
Banjar Seminyak,ChIJIdASUHlH0i0R3yrhy-OQeF0,Badung Regency
Balai Banjar Tandeg .,ChIJCWKYT4U40i0RfQGGkdWolBw,Badung Regency
"Balai Banjar Tegal Permai, Perumahan Dalung Permai",ChIJY4em7rs50i0RhE1GBHJEzRU,Badung Regency
Balai Banjar Bebengan,ChIJv0WnahM50i0Rf9lMv_RQmXA,Badung Regency
Balai Banjar Uma Sari,ChIJ7fujwmVH0i0Rmw0RJuUIiDE,Badung Regency
Balai Banjar Perang Lukluk,ChIJm_Q5FAA_0i0Rxtb0Cmh5PrI,Badung Regency
Banjar Desa Lebak & Banjar Adat Lebak,ChIJhSf3USc50i0RSyMeaTAWNXo,Badung Regency
Balai Banjar Jempinis,ChIJN2WpcGc40i0RB9ec7EI73cA,Badung Regency
Banjar Anyar Kaja,ChIJS9UPrZk40i0RXdRpF36_MdU,Badung Regency
Balai Banjar Bumi Jimbaran Asri,ChIJUZdb1kRF0i0RhBqKRrO9q20,Badung Regency
Balai Banjar Tiying Tutul Tumbakbayuh,ChIJTxjFpfc40i0R9pwUNHSSaAA,Badung Regency
Bale Banjar - Balinese Cultural Hub,ChIJxYReVyxD0i0RPdTjk4JP_Js,Badung Regency
Balai Serbaguna Banjar Tegeh,ChIJlfhx3Ng40i0Rc3QpRKY_rpA,Badung Regency
Balai Banjar Kangkang Desa Pererenan,ChIJ9fnXPlw40i0RPIJoVQ8naYs,Badung Regency
Balai Banjar Kelepekan,ChIJAVMB-1c40i0RLzNiCBRmW-M,Badung Regency
Kantor Desa Adat Kerobokan,ChIJKz9-Q7k50i0RJMoHhu3Le_M,Badung Regency
Bale Banjar Campuan Asri,ChIJOfM4xsM40i0RKpcwJ5gbEgk,Badung Regency
Bale Banjar Tampak Kerep,ChIJLUsOnBg50i0RhHGl8N4EgD0,Badung Regency
Banjar Tegal Jaya Permai,ChIJMWMOYcg40i0Rd5p2Zq-i-Z8,Badung Regency
Banjar Gaji,ChIJFSP35Nw50i0Ry-sIqPizHqk,Badung Regency
Banjar village Tibubeneng Tibubeneng,ChIJfRPPu-s40i0RU-puTlKlIog,Badung Regency
Indigenous Banjar Dukuh,ChIJyzJTXt440i0RQretMzUUI3c,Badung Regency
Banjar Tegal Luwih,ChIJBb_tGsQ40i0RffI7JKO820s,Badung Regency
Balai Banjar Untal-Untal,ChIJ5ZZpUgA50i0Rbo7GGHZiPsk,Badung Regency
Br. Umagunung Sempidi,ChIJHcFsuS450i0REOJT0aCVTo4,Badung Regency
Bale Banjar Gunung Sari,ChIJtRyoodM40i0RRcHc2_KqwZA,Badung Regency
Banjar Pendem,ChIJfTN3dwk50i0RpwRezq5jCKk,Badung Regency
Banjar Bhuana Graha,ChIJM5O62so50i0RC_1xcUTO_UY,Badung Regency
Banjar Wira Bhuana,ChIJOwkNlCE50i0RExFdprKAr3w,Badung Regency
Banjar Kwanji Kelod,ChIJD94DLmg50i0RcyZTnsaYkRU,Badung Regency
Banjar Sengguan Desa Buduk,ChIJm0v3ILI50i0R9QR9OG33VEU,Badung Regency
Balai Banjar Pempatan,ChIJjd1ZO2850i0RvtoJL_C3EC4,Badung Regency
banjar pasekan buduk,ChIJ_XD3QgA50i0RUrnNZdoapBw,Badung Regency
Banjar Suka Duka Pande Sempidi,ChIJw8TiCS050i0RL04kTLxiGps,Badung Regency
Balai Banjar Jerowan,ChIJ9zbRs_840i0R6q9eCb7-_8c,Badung Regency
Banjar Umacandi Buduk,ChIJccLrBAA50i0RNP-p5e7fJEk,Badung Regency
Banjar grokgak,ChIJowyV8tY50i0RJHwnIa6Ulkk,Badung Regency
Banjar Gede,ChIJF5eXdqQ40i0RjQCU606j5vo,Badung Regency
Banjar Sebita,ChIJYSimtAQ50i0RI96f2X3s_B8,Badung Regency
BR TENGAH BUDUK,ChIJf7AUhk050i0Rf2W7a81w3Vk,Badung Regency
Banjar Aseman Kawan,ChIJxwHhCpE40i0R2V-5A77ada4,Badung Regency
Banjar Canggu Permai,ChIJ1WzsroY40i0RiinoIcXiRuU,Badung Regency
Balai Banjar Cemenggon,ChIJnSrmLQA90i0R6bCKHmAJUt0,Badung Regency
Balai Banjar Gunung Sari,ChIJ67Af_UI70i0RCF7loY-BWkM,Badung Regency
Balai Banjar Kelod Kauh Beringkit,ChIJP92aPoE70i0R1lWZWdzaNLM,Badung Regency
Balai Banjar Wira Dharma,ChIJ4yGOfyo70i0R61oYa7_YJSE,Badung Regency
Badung Regent Office,ChIJSxf-mSs50i0RVXosBGg6P2M,Badung Regency
BALAI BANJAR KAJA KANGIN,ChIJb0auudw50i0RlBLNC2f9VLo,Badung Regency
Balai Banjar Purwakerta Gerih,ChIJC6YYKz890i0R4FUcvkTEm5o,Badung Regency
Bagian Perencanaan dan Keuangan Setda Kabupaten Badung,ChIJO5qglvw50i0RUvD3VteJY2o,Badung Regency
Balai Banjar Mengening Desa Cemagi,ChIJ_wijN1050i0RMNUk8QN-6CQ,Badung Regency
Dinas Kebudayaan Kabupaten Badung (Puspem),ChIJWf6ArIs50i0RMY9504CAMRQ,Badung Regency
Kantor Camat Mengwi Baru,ChIJp0FjD5w70i0Rqn-IeIhXlj4,Badung Regency
Kantor Camat Abiansemal Badung,ChIJ8ch0z7880i0R5GSxFtR8iXw,Badung Regency
Kantor (Sementara) Camat Kuta Utara,ChIJt5NUIj050i0RYbf7VQzYDgE,Badung Regency
Kantor Camat Kuta Utara,ChIJbwjsspk40i0RvRv5WhxeTH8,Badung Regency
Kantor Camat Petang,ChIJ5adWm2Yh0i0Rxa-tAGHMU8M,Badung Regency
Kantor Lurah Kelurahan Kapal,ChIJi01gBFc50i0RGwJT2qsAVJs,Badung Regency
Kantor lurah sading,ChIJ00chNtg_0i0Rf51M6TEB6H0,Badung Regency
Kantor Lurah Abianbase,ChIJ1Ul2lU450i0ROHMOmTOPfKw,Badung Regency
Kantor Desa / Lurah Sempidi,ChIJzw6F9Co50i0R7Djzts3sd4c,Badung Regency
Kantor Lurah Lukluk,ChIJWdO-RE050i0RXWHFWyRH5t4,Badung Regency
Kantor Lurah Kerobokan Kaja,ChIJe2VUrro40i0RlH-_6ESw9zg,Badung Regency
Kantor Kelurahan Seminyak,ChIJAeXr4CVH0i0RKiC0KtW_tk0,Badung Regency
Kantor Lurah Kerobokan,ChIJMd5VIqQ40i0RT7xWzAmVL5c,Badung Regency
Desa Wisata Penarungan,ChIJreRWRms90i0RYU9LXUrJ1fQ,Badung Regency
Objek Wisata Sangeh,ChIJD_uUnkcj0i0RRgli0Ct1dFI,Badung Regency
DESA WISATA BONGKASA PERTIWI,ChIJDSBFSJ0j0i0RHxMPAusBX14,Badung Regency
Beji Samuan Park,ChIJN9qoL0wj0i0RJYDoRRCpZzQ,Badung Regency
Melasti Beach Ungasan,ChIJf6d0f5Nb0i0Rq_tEZeZB_Nc,Badung Regency
Lapangan Umum Pratu I Ketut Ridis Desa Buduk,ChIJG6iwgf040i0RGe8RoSX3gGE,Badung Regency
Lapangan Umum Desa Canggu,ChIJJ3pyDPA40i0RT848-K2Fqik,Badung Regency
"Lapangan Banteng, Seminyak, Kuta",ChIJb5KPFyJH0i0RB2MM3GEpRm0,Badung Regency
lapangan prathu i genthir munggu,ChIJM7UGP0840i0RiM1PSksNN-Y,Badung Regency
Lapangan Umum Desa Adat Mambal,ChIJPbxQ7j480i0R3uLGGPiQBgo,Badung Regency
Lapangan Umum Desa Sibang Gede,ChIJu-zU654-0i0R6B31B6i4AH0,Badung Regency
Lapangan Umum Abianbase,ChIJudgIPjk50i0RhGSaGK28skA,Badung Regency
Kopral I Wayan Surem Soccer Field,ChIJ6TTHf5I80i0R5Z31ArKMG-M,Badung Regency
LAPANGAN I WAYAN GESO,ChIJM6rLWJ4_0i0RTu-rsGdeZQo,Badung Regency
Lapangan Umum Darmasaba,ChIJ--WfFyM_0i0RL_kXlaSXXyk,Badung Regency
Lapangan Gelora Trisakti,ChIJr1w0EMZG0i0RoIzSVmBNPfk,Badung Regency
Lapangan Bina Raga Dalung,ChIJu5aZ3dg40i0R3cl_FBF6XEA,Badung Regency
Lapangan Pratu Rai Madra Kekeran,ChIJmb9u-9870i0R2Ceo9TDaBv4,Badung Regency
Lapangan Pratu Ketut Ridis,ChIJzY3zteY50i0RVgS7Kd6yCJ8,Badung Regency
Blok D Banjar Lingga Bumi,ChIJveY25MI40i0RcB24GGpYMX0,Badung Regency
Banjar Dangin Yeh,ChIJu3Ql1zk50i0R_wEI311Bea4,Badung Regency
Balai Banjar Pemaron Delodan,ChIJ3QDXJCo50i0R08EwDGihDQQ,Badung Regency
SMA Negeri 1 Kuta,ChIJU-bhfqNG0i0RZHqucmvOuDE,Badung Regency
State Senior High School 2 North Kuta,ChIJEcxqjas50i0RyYKJNl6CzgY,Badung Regency
SMA NEGERI 2 KUTA,ChIJGfr9aWlE0i0Rjs2ToY-WjUg,Badung Regency
State Senior High School 2 Mengwi,ChIJhx62_kg40i0RRygvkiYcVUQ,Badung Regency
SMA Negeri 1 Kuta Utara,ChIJjUjc7Ng40i0ReVYr2nVy6s0,Badung Regency
Senior High School 1 Mengwi,ChIJK1DEWpQ70i0RMO6ax1G0h24,Badung Regency
SMA Negeri 3 Kuta Selatan,ChIJoXeQRIlF0i0RxG0yyNLEcv8,Badung Regency
SMA Negeri 1 Kuta Selatan,ChIJoXPNz65c0i0Rzcxlj8B33A4,Badung Regency
SMA Negeri 1 Abiansemal,ChIJMxxF8pY80i0R5OSHt7GP7Mc,Badung Regency
SMAN 2 Abiansemal,ChIJv67ehC4_0i0Rv0Ib8NSgqLc,Badung Regency
SMA Kuta Pura,ChIJ6YFf1x5E0i0RY2igdKAGw2w,Badung Regency
SMAN 1 Wongsorejo,ChIJ-VcZfQBH0i0RL2dCMHriOeE,Badung Regency
SMAN 2 Kuta Selatan,ChIJ-72dYzBD0i0RkiBbKaXcBLk,Badung Regency
Sceinsa 36,ChIJe-ndBD050i0RNXuf_Ay3XTs,Badung Regency
Kantor Kepala Desa Selat,ChIJ4THdETQj0i0RQjwTH8o2DGI,Badung Regency
Command Center Badung Regency,ChIJG6ysbSU50i0RflrJPzITi0Y,Badung Regency
Dinas Kependudukan dan Catatan Sipil Kabupaten Badung,ChIJjRUTCptA0i0ROABKtgLWFY0,Badung Regency
Badan Pendapatan Daerah Kabupaten Badung,ChIJt0b-7ko50i0R-V61olDa-Co,Badung Regency
Dinas Perindustrian dan Tenaga Kerja Kab. Badung,ChIJmWF5qC850i0R3WPyFwmknn4,Badung Regency
Dinas Perumahan Rakyat dan Kawasan Permukiman Kabupaten Badung,ChIJXavu0S850i0RuC4e51FiORw,Badung Regency
Dinas Lingkungan Hidup dan Kebersihan Kabupaten Badung,ChIJ8RMMai850i0R9V8exgdzthI,Badung Regency
Patung Kesatria Jatayu,ChIJq8omyY0j0i0R1XYVa7U9SIM,Badung Regency
Patung Rahwana dan Sinta,ChIJt_dZFoiL0S0Rl6hvecOurfY,Badung Regency
Patung Dewa Ruci,ChIJUav7irFG0i0RbanNhcIxA_w,Badung Regency
Patung Mahakala ᬧᬢᬸᬂ​ᬫᬳᬓᬮ᭟​,ChIJf11d_U870i0RWfL4l-bv1qA,Badung Regency
ᬅᬃᬘᬮᬶᬗ᭄ᬕᬪᬶᬫᬲ᭄ᬳᬓ᭄ᬢᬶ᭟ Arca Lingga Bhima Shakti,ChIJ9za4JZc70i0RrmAij96Bews,Badung Regency
Sita and Lakshmana Statue,ChIJ9xi3dCM90i0RbDcrFU8r8kY,Badung Regency
Patung wisnu,ChIJEYYZSaw70i0R3XolbApIRfQ,Badung Regency
Shri Ram Statue,ChIJX5DK5lo90i0REZj1iLFs1fg,Badung Regency
Anya Sari Ukir,ChIJ5TWc0d890i0Rpe4k28iZhus,Badung Regency
Patung beton,ChIJs8OFttI90i0RFUl9D8uVuqE,Badung Regency
UD. Sari Wangi,ChIJDYux9vc70i0RJVcGRnsfSkk,Badung Regency
The Ogoh Ogoh Bali Museum,ChIJa5VWJZc70i0R-2YvmAg9duA,Badung Regency
Rama Shinta Garden,ChIJd8DqUu870i0RAdKDbBLPMuc,Badung Regency
Balai banjar sandakan kangin,ChIJZ-dNah4h0i0Rh2fgKhv0hJw,Badung Regency
Pertamina,ChIJvfy58co90i0RkbYtY0pd__U,Badung Regency
SPBU Pertamina 54.803.19,ChIJ3b-NryZH0i0RtmOlXCUnne8,Badung Regency
SPBU Latu Abiansemal,ChIJF7jojUE80i0R36mcWvfq9j4,Badung Regency
Pertamina Gas Station 54.803.01,ChIJlz9Nbyo_0i0Rhz8YXIvW_eo,Badung Regency
Pertamina gas station 54.803.08,ChIJz-m3JFE50i0RbPVaGq_sDrc,Badung Regency
SPBU Darmasaba,ChIJSwY6Kus-0i0Rd3OcHqN5j8Q,Badung Regency
Pertamina Gas Station,ChIJE82Fflw40i0R15Y1AimBHK8,Badung Regency
SPBU Kerobokan,ChIJn_23zLs40i0RUuxafH5zgtM,Badung Regency
PERTAMINA,ChIJfY1pckU80i0R4200LutOMyo,Badung Regency
SPBU 54.803.11 Abianbase,ChIJ5bVjriQ50i0RwKoROjE8E1Y,Badung Regency
Pertamina Lukluk,ChIJHfKP5DQ50i0Rr9RRYnDNZ-8,Badung Regency
Pertamina,ChIJe0ETKus-0i0RWwkECiZRcfs,Badung Regency
Pertamina,ChIJf64QNac50i0RYIzSkEkeP-4,Badung Regency
Pertamina,ChIJheDZCFk70i0Ruq7EaQ2e-XU,Badung Regency
PERTAMINA,ChIJhc9wMmIh0i0RNkHzvjvE8GM,Badung Regency
PERTAMINA,ChIJ8-8Hkoo70i0RWiYM246vXH4,Badung Regency
Pertamina,ChIJ-fZOSEAj0i0RQP-7z0u0yvE,Badung Regency
SPBU 54.803.39 Darmasaba,ChIJGxuk56I_0i0R3GszwfqhVZM,Badung Regency
SPBU Pertamina,ChIJcVmNOCQ80i0RPUxtI8NrIxE,Badung Regency
PERTAMINA,ChIJac8eCgQ80i0RNGuIBzx4gME,Badung Regency
Pertamina Mengwi Belayu Gas Station 54.803.14,ChIJOV33tm870i0R4rECis8Kzww,Badung Regency
SPBU Pertamina,ChIJv1Zf5TdH0i0RE6p5aiC3ULI,Badung Regency
Pertamina gas station 54.803.37,ChIJtzzFODU40i0RzK07T34qsfk,Badung Regency
SPBU Pertamina 54.801.44 Gatsu Barat,ChIJpa7Md2o50i0RqNDRGwY8_Pk,Badung Regency
Pertamina SPBU Pelaga,ChIJUT6RZp0g0i0RnA6WqaGonyA,Badung Regency
PERTAMINA,ChIJLR1w2EY50i0Rbb_pCp66pIk,Badung Regency
Pertashop Pertamina Cepaka,ChIJV2CaYtM50i0R82BREx5qk2A,Badung Regency
Pertamina,ChIJc0AHIk5D0i0R-AiP495k4BI,Badung Regency
Balai Banjar Datengan,ChIJv4_nLz050i0RvE1EuFcCVBk,Badung Regency
kantor desa Sulangai,ChIJzXLSAOkg0i0Re29a8CqjfnA,Badung Regency
Kantor Kepala Desa Pangsan,ChIJjwGLNNoj0i0R2t3R5z9NiQk,Badung Regency
Kantor Perbekel Desa Sembung,ChIJXwGPZp8k0i0RqhAQdwC3ER0,Badung Regency
Kantor Perbekel Desa Petang,ChIJ5w1Wv8cj0i0R3SEOOgEpcms,Badung Regency
Perbekel Desa Kuwum,ChIJO2XEVIIk0i0RJI2CFxtuTAU,Badung Regency
Kantor Perbekel Desa Sangeh,ChIJ7WW06koj0i0RiJZYIGiLkIs,Badung Regency
Kantor Perbekel Getasan,ChIJB5afYaQj0i0Rcz4fDIKwKjs,Badung Regency
Kantor Perbekel Desa Ayunan,ChIJkXBlQKU80i0RGNxUJJgy0Fw,Badung Regency
Kantor Desa Bongkasa Pertiwi,ChIJNQRcIMkj0i0Rq11KJ-BwK5Q,Badung Regency
Kantor Perbekel Desa Pelaga,ChIJW83OelCK0S0RZJr_eiXg81s,Badung Regency
Kantor Desa Baha,ChIJryBs62I70i0Rwss0lUbGS20,Badung Regency
Kantor Perbekel Desa Werdi Bhuwana,ChIJX3tkLVo70i0RxO1DtlGsFqc,Badung Regency
Kantor Perbekel Desa Penarungan,ChIJ_____2w80i0R3moAGaU1BKE,Badung Regency
Kantor Desa Belok/Sidan,ChIJX97JHP6K0S0RZSkghCJbNUs,Badung Regency
KANTOR DESA MENGWI,ChIJ8-lvt2o70i0RJpyuVnijEtM,Badung Regency
Kantor Perbekel Desa Punggul,ChIJfwnhTMQ80i0Rydyoln_7HFo,Badung Regency
KANTOR PERBEKEL DESA ABIANSEMAL DAUH YEH CANI,ChIJodiT9os80i0RQmAiFF1cSkI,Badung Regency
Kantor Desa Mengwitani,ChIJsYiUaAA70i0RvEYAIK5HQBE,Badung Regency
Puskesmas desa getasan,ChIJLZN-4iAj0i0RE0b2xkJItlQ,Badung Regency
"BANJAR PENGUBENGAN KAUH, KEROBOKAN KELOD",ChIJa1MCoU1H0i0RAfiyrJhDty4,Badung Regency
"Banjar Pande, Desa Adat Bualu",ChIJJdb1ktVD0i0R9DPBS-Cuo8A,Badung Regency
Banjar Kancil Desa Adat Kerobokan,ChIJXQPaa6E40i0RD8j7nGq4a4c,Badung Regency
Pempatan agung Pancoran mbah,ChIJdeWfeDYh0i0R7qmWDZ5ku3M,Badung Regency
WARPAT (warung perempatan),ChIJ3UCTawA90i0RCQSUDQPwjfY,Badung Regency
Panwaslu Kecamatan Mengwi,ChIJWaVc8A870i0Rpy8n0P0t-zk,Badung Regency
Balai Penyuluhan KB Kecamatan Petang,ChIJ73BLPNEh0i0RVfGT-3muHj8,Badung Regency
KORWIL DISDIK PETANG,ChIJEXzi2IEh0i0R69WqfKcc18k,Badung Regency
Kantor Pemadam Kebakaran Petang,ChIJ93nmNG8h0i0RHRk3UI8GQcs,Badung Regency
kantor BPSB Mengwi,ChIJAeh2lP0l0i0RrWnnGtergV8,Badung Regency
Balai Banjar Adat Lipah,ChIJMV8u7Ich0i0RBWi-pmoodYY,Badung Regency
Polsek petang,ChIJG8TxVoIh0i0R1eUB3NN0eUY,Badung Regency
Balai Banjar Kerta,ChIJ4YArqRwh0i0RuFiBPbL8EcU,Badung Regency
Kantor Urusan Agama (KUA) Kec. Petang,ChIJ_7_c1hoh0i0RMyLZi6I-IIs,Badung Regency
UPTD Puskesmas Petang I,ChIJ0TLqTgAh0i0R_BtZTYZlnmU,Badung Regency
Bebalang Rock City,ChIJZZcSZacj0i0R4fDUSS4Sd4M,Badung Regency
Pura Desa Adat Sedang,ChIJA6domQs_0i0RWyoXOzWp8js,Badung Regency
"Pura Dalem, Desa Adat Bongkasa",ChIJyaU8GeA80i0RKck17aLG4X0,Badung Regency
Pura DESA LAN PUSEH DESA ADAT SIGARAN,ChIJvYyvGzU80i0RP_b9-hRUryY,Badung Regency
Pura Puseh Desa Adat Sedang,ChIJDb4O9ug90i0RXAuidSN3LYs,Badung Regency
Setra Desa Adat Angantaka,ChIJe4EOQa4_0i0RxmgBnMc5NaU,Badung Regency
Pura Desa Adat Kekeran,ChIJvXIfc-o_0i0RidPvdSr07rg,Badung Regency
Pura Dalem Desa Adat Kutaraga,ChIJASI0WAA90i0RRS4ny1Oh7_E,Badung Regency
Taman Beji Pura Desa lan Pura Puseh Desa Adat Kutaraga,ChIJXSbiNwA90i0R6GBfKxuDm_A,Badung Regency
Pura Dalem Lan Prajapati Desa Adat Abiansemal,ChIJj3Y_gKs90i0RemTSsv9SFeI,Badung Regency
Pura Prajapati Desa Adat Kutaraga,ChIJ3xpOEQA90i0RNDGr9pv-M2Q,Badung Regency
"Pura Desa, Desa Adat Jagapati",ChIJfxGuBAA_0i0RK52McpPolpE,Badung Regency
Taman Beji Pura Dalem Desa Adat Kutaraga,ChIJF3eCDAA90i0RcjdB_JXSThw,Badung Regency
Pura melanting desa adat jempeng,ChIJj2c2lwYj0i0RM7GvwzgfX2E,Badung Regency
Pura Desa Puseh Desa Adat Semana,ChIJM4YV6FY80i0RMJp0O8sdr_I,Badung Regency
Setra Gandamayu Desa Adat Bindu,ChIJEaodErI90i0RFyJF8sDwyM8,Badung Regency
PURA DALEM DESA ADAT SEDANG,ChIJwRZhTQA_0i0RPCyYQPPA-5U,Badung Regency
PURA DADIA PASEK GELGEL DESA ADAT KEKERAN,ChIJxTbjp94_0i0R6EnzaVV21KU,Badung Regency
Pura Segara Desa Adat Lambing,ChIJvTP3zcs90i0RC7VIFOsCZS8,Badung Regency
Desa adat kerta,ChIJfThbLNkh0i0RxqpYsTba7Xw,Badung Regency
PURA TUWED IDA BHATARA RATU MAS DESA ADAT SEDNG,ChIJHzApBAA90i0RT4sZV4c4GXw,Badung Regency
PURA PRAJEPATI DESA ADAT SIBANGKAJA,ChIJNRJT7S890i0R53rvQxCOoGs,Badung Regency
LPD Desa Adat Lambing Sibangkaja,ChIJXf-iIc490i0RAXkQ3GmBY1o,Badung Regency
Lembaga Perkreditan Desa Adat Angantaka,ChIJA3yCal4-0i0RKClY3oJwuQ0,Badung Regency
Sekretariat Panwaslu Petang 2024,ChIJwQSS4A8h0i0RZXQlz5FJ04U,Badung Regency
Kantorpos Petang,ChIJo6qqqhYh0i0ReJ-W0D_mx8Y,Badung Regency
UPTD Instalasi Farmasi Dinas Kesehatan Kab. Badung,ChIJxcpsprg70i0RO6CpY_NJsC4,Badung Regency
Br. Pempatan Sembung,ChIJMYHfF10R0i0RDp-MpSE386k,Badung Regency
Puskesmas Pembantu Sulangai I,ChIJcYKi-cMg0i0RgAuMQoJD4gA,Badung Regency
Puskesmas Pembantu (Pustu) Angantaka,ChIJp9O9EH0-0i0Rz5Ae-4RVWKQ,Badung Regency
Puskesmas pembantu mekar bhuwana,ChIJqb7H3IA90i0RQwxiRyKumOs,Badung Regency
Puskesmas pembantu ayunan,ChIJQcS1_V890i0R2FwzPANWJC0,Badung Regency
Puskesmas Pembantu Abiansemal (Pustu),ChIJt6O9fs490i0RJfdpiLf1hL8,Badung Regency
Puskesmas Pembantu Mambal,ChIJrQkk-YU90i0RRcwplmn7YpI,Badung Regency
UPT Puskesmas Pembantu Dalung Permai,ChIJdQDs-sY40i0RRKGHk1eNm3U,Badung Regency
Puskesmas pembantu penarungan,ChIJ-S1vxTM90i0RtO9_M2sn5fg,Badung Regency
Puskesmas Pembantu Selat,ChIJs739kkcj0i0RqW7z6oK4z_Q,Badung Regency
Jagapaty community health center,ChIJ6VZjksk_0i0RRc00C81CN1s,Badung Regency
Puskesmas Pembantu Sangeh,ChIJybZbR0oj0i0RL7hyFDW0Pgo,Badung Regency
Puskesmas Pembantu Getasan,ChIJb2QNVvYj0i0R0T9T6Q6JN5s,Badung Regency
Puskesmas Pembantu Baha,ChIJR7ZkagA70i0RBEeA8T0Npms,Badung Regency
Puskesmas Pembantu (Pustu)Kapal,ChIJDw0R-nE50i0RA54JSmiIcOw,Badung Regency
Puskesmas Pembantu Mengwi,ChIJV9GioZY70i0RDnUziRhpDVs,Badung Regency
Puskemas Pembantu,ChIJJwVNm38_0i0RyId_LHGdQwI,Badung Regency
PUSKESMAS Pembantu . Tumbakbayuh,ChIJj2IIvhE50i0Rwlg4uEo1zzc,Badung Regency
UPTD. PUSKESMAS ABIANSEMAL I,ChIJ_XlxfAA90i0RbEGLiChZqak,Badung Regency
Puskesmas Pembantu Seminyak,ChIJd1wyCiNH0i0RVXvanXH73oM,Badung Regency
Puskesmas Pembantu Abianbase,ChIJraGUZAA50i0Rv4TgGaQB8_o,Badung Regency
Puskesmas Pembantu,ChIJOyzsox050i0R_dhMIJ_5t5E,Badung Regency
Puskesmas pembantu werdi bhuwana,ChIJE79vsoc70i0RREq_v3_ldPY,Badung Regency
Puskesmas Pembantu Desa Pererenan,ChIJndQuO1w40i0RrM_qfPqrHb4,Badung Regency
Puskesmas Pembantu Dalung,ChIJTVhrMd840i0RhxT7ovE9dWg,Badung Regency
Puskesmas Pembantu Desa Munggu,ChIJXRCauU440i0Rj4EzMxuMsUg,Badung Regency
Puskesmas Pembantu Sembung,ChIJD6CKZp8k0i0RN-TOmNmtZik,Badung Regency
Puskesmas Pembantu Desa Tibubeneng,ChIJH7c__n840i0RaCyK1ZRqZ0E,Badung Regency
Puskesmas Pembantu Canggu,ChIJsQGxWgA50i0RlMRJ5WK-aIY,Badung Regency
Puskesmas Pembantu Pangsan,ChIJaRsQ23Yh0i0RMnnQjw9nyb0,Badung Regency
puskesmas pembantu cemagi,ChIJuWf7KXA50i0R35-kNbifFrM,Badung Regency
Puskesmas pembantu Sulangai II,ChIJwwrGGxgh0i0R27RRVeb5Z_Y,Badung Regency
Kantor Kelurahan Jimbaran,ChIJww3m869E0i0R1_P_Z62IAl8,Badung Regency
Puskesmas Abiansemal III,ChIJXzm5mZ0-0i0RMDuz3F95ArA,Badung Regency
Puskesmas Abiansemal II,ChIJZfygFis80i0RYyaGcN3pkSM,Badung Regency
Puskesmas punggul,ChIJJypRtMU80i0RynqGKyMtsWU,Badung Regency
Puskesmas Lukluk,ChIJ65UYW0050i0RcOv_p6lVDMQ,Badung Regency
UPT. Puskesmas Petang 1,ChIJYXzGmmYh0i0R6XiS-H3EIwc,Badung Regency
KLINIK SIDHI SAI,ChIJ8-AI54c80i0RrQxS07As9XQ,Badung Regency
UPT Abiansemal IV,ChIJlTRbztci0i0R1cwT3TKcOg8,Badung Regency
Puskesmas Mengwi I,ChIJDyjDR-870i0RdoTwlWN52Mc,Badung Regency
UPTD Puskesmas Kuta Utara,ChIJ24BWOKQ40i0RzM-CnGqF4AM,Badung Regency
Puskesmas Mengwi III,ChIJ6ewP-Cw50i0RnGBg8vmz5p4,Badung Regency
Puskesmas Gulingan,ChIJH7bIY4470i0RFNmYXyXdl1E,Badung Regency
Puskesmas Mengwi II,ChIJAx52pQs50i0Rq4IdNPscj-E,Badung Regency
Puri Oka Carangsari,ChIJcd6wTAgj0i0RCbILwpvtJh0,Badung Regency
Puri Kawan Carangsari,ChIJNQQtsQkj0i0RXx7eNP_4CTA,Badung Regency
Alit eka,ChIJr51g3Ocj0i0Rn3hX3xATcn0,Badung Regency
Puri Saren Kangin Carangsari,ChIJe4ouRQgj0i0RM5hBseAH3Tk,Badung Regency
Saren Lebah,ChIJL6iBWQgj0i0REg1HJHGA4x0,Badung Regency
Puri Gerana,ChIJx-z1wWoj0i0RI7vVS_XRWMA,Badung Regency
Puri Saren Kauh Carangsari,ChIJGcjKTQgj0i0R_ms1Imnx2cQ,Badung Regency
Puri Bebalang Carangsari,ChIJV_lh_Kcj0i0RSvnGpPqP9PQ,Badung Regency
Puri Agung Carangsari,ChIJw5CAQ_oj0i0R3P9J5_0dwjI,Badung Regency
Puri Kaja Kangin Carangsari,ChIJjfR3EwAj0i0RydWMPy4LaQg,Badung Regency
Ancient Tree,ChIJ8a83vP-L0S0RZJCk8pqpHog,Badung Regency
Bendungan Latu,ChIJ6RH4y-880i0RUTDg8gz_IEI,Badung Regency
Puri Mustika Carangsari,ChIJVyTq2bcj0i0ROeuBGktP2lE,Badung Regency
Puri Mayun Singhasari Blahkiuh,ChIJW6GKEjk90i0R18AAenwlkhI,Badung Regency
Puri Saren Ageng Carangsari,ChIJ8aO3OgAj0i0RgZlNWD9XS9w,Badung Regency
Deadi House,ChIJr1sVTgAh0i0Ri_oUvjE8IhE,Badung Regency
Griya Agung Abiansemal,ChIJSa9PQGA80i0RXgnGm-IFPaI,Badung Regency
Puri Gede Abiansemal,ChIJ5V4AjO090i0R-9GZlc4arv8,Badung Regency
Puri Puniasari Carangsari,ChIJS72hSggj0i0RcyF4Lz8m7pg,Badung Regency
Puri kawan tegal Selat,ChIJ33w1BGY90i0Ry4BUfTmimj0,Badung Regency
Bucu kauh,ChIJwSi1RQA90i0RfMyjBOFYdLA,Badung Regency
Puri Selat,ChIJRRyFm6Mj0i0RXwtVCNlQLG8,Badung Regency
Dam Mambal,ChIJGZzF5OI90i0RsOiMzf4obKI,Badung Regency
Taman Beji Batur Sari Grobogan,ChIJ5ww5OKc90i0RJbld4W2_Y9Y,Badung Regency
Jero Aseman Abiansemal,ChIJr2cChGA80i0RqGrrhXfesKk,Badung Regency
Semanggen Puri,ChIJ-fzFMAAj0i0RtPxumSejC-o,Badung Regency
Gapura masuk desa ayunan,ChIJ1bQQdQA90i0RCp0upf-VUkQ,Badung Regency
Puri Agung Abiansemal,ChIJpfREUwA90i0RtwI0FGr-atI,Badung Regency
Puri Selat,ChIJb6T9_Noj0i0RpgUJ88n8s4Q,Badung Regency
Griya Gaduh,ChIJqWF_DwA90i0RX8pvjw1kYdU,Badung Regency
Jero Saren Kawan - Aseman,ChIJV44giQk90i0RMB53snKE2GU,Badung Regency
Pesraman kapak puntul,ChIJy1Zj8i070i0R89W2mrbnqPs,Badung Regency
UMAH NE TEMPE,ChIJfYc-2T6L0S0RtcmWIpQk9aI,Badung Regency
Griya Tegeh Abiansemal Dauh Yeh Cani,ChIJl5H7htg90i0R6S51BJEe7NA,Badung Regency
Olimo Campuhan,ChIJR34tkWWL0S0Ry4yitPjeBVA,Badung Regency
Arena Tajen Puseh Sekarmukti,ChIJp3sdGW-L0S0RhfPNqPArF8Q,Badung Regency
Rumah dekmas,ChIJUad1EAAj0i0RNs5MF1PezIc,Badung Regency
Rumah Mita Cantik,ChIJ6_PNNAA70i0RaX1nSJ6fPhA,Badung Regency
Saren Kaleran Puri Gede Aseman,ChIJzRc3Wf490i0RXdHpJwuAPYo,Badung Regency
Guy Lord Castle,ChIJMVfTcQA90i0Rxob32h2TY8g,Badung Regency
Puri Mayun Kaleran,ChIJp267QBA70i0RihZ7_d7_sew,Badung Regency
KRAMAT GEBLUGAN GULINGAN MENGWI,ChIJ_zl3OAA70i0R2k3NnlhjYR4,Badung Regency
Omah Lengka,ChIJMd9_EgA90i0RnDPjtf4G2vo,Badung Regency
Pondok dek bell,ChIJ2U1QIwCL0S0RarfEIb7Lc0w,Badung Regency
AnaBunda Midwifery care,ChIJ1WAJ-TU80i0RyM1oHCJcWlQ,Badung Regency
Bale Banjar Desa Adat Lambing,ChIJr0osNqM90i0RATr4UFqnmI4,Badung Regency
Bale Banjar Desa Adat Semana,ChIJWxXR8FY80i0RyFN3LveTugA,Badung Regency
Desa Adat Banjar Samu Mekar Bhuana,ChIJMfXHZTc80i0RYkSZKwcnpA0,Badung Regency
"Balai Banjar Pande, Desa Abiansemal",ChIJu4YqNIs80i0R1mMFy3DiEiE,Badung Regency
BALAI BANJAR TANGGAYUDA,ChIJK1rEfQI90i0RKUxQbEeDuxs,Badung Regency
Hall Middle Banjar Sibangkaja.,ChIJpy2D0SY80i0Rs78a49AlB8s,Badung Regency
Banjar Adat Dangin Peken,ChIJG02np3o80i0REXxcUTNdbdU,Badung Regency
Balai Banjar Uma Kapal,ChIJJYuf0vI70i0R-x5F8aJvCZI,Badung Regency
Balai Banjar Kedua,ChIJf5eNcQA70i0RyxVSf9K4OEc,Badung Regency
Br. Lambing Sibangkaja,ChIJJX9Cr5M90i0R2lhvLWbLGMU,Badung Regency
Banjar Pikah,ChIJdfvsNJA80i0Rv6tmN3O2FmQ,Badung Regency
Balai Banjar Pengadangan,ChIJgQWufpc70i0Rao3ww8slYmc,Badung Regency
Banjar Blungbang,ChIJdbJaMHk90i0ROKy4z1A2LfQ,Badung Regency
Balai Banjar Belang Sembung,ChIJ4wX5ZQAl0i0R9Cb2rlxz91k,Badung Regency
Balai Banjar Munggu - Mengwi,ChIJq8qjcAA70i0R6oPlMghwSW0,Badung Regency
Banjar Tegal Sari,ChIJ1f3UJcE40i0RfilA4YBb060,Badung Regency
Banjar Srijati Sibanggede,ChIJidCsC3w_0i0RRyAYenJfwDM,Badung Regency
Lapangan umum,ChIJsTjUBQAj0i0R-hDiFR5-S-0,Badung Regency
Lapangan umum petang,ChIJUflwlmkh0i0RrVywttj0yh0,Badung Regency
Lapangan Umum Pelaga,ChIJ1aDI8lGK0S0RB4W_YMbdi48,Badung Regency
LAPANGAN MENGWI,ChIJYzcuaZg70i0RYGYtCb6uMaE,Badung Regency
Lapangan Sepak Bola Sading,ChIJ4XexGtQ-0i0R4hmqI75fvTM,Badung Regency
SPBU GERANA SANGEH,ChIJyW4LSEAj0i0R9mmNu_E0RSU,Badung Regency
SPBU Sayan Baleran,ChIJGyK3Rw870i0Rkh63gndTuNc,Badung Regency
SPBU Sigaran,ChIJ_akQ7so90i0Rl6eNWNN50Zw,Badung Regency
SPBU 54.803.22 DALUNG Pertamina,ChIJM3AX6cY40i0R7ZgqVD0SDwQ,Badung Regency
Pertashop Desa Taman Abiansemal Badung,ChIJqwl8N4Ij0i0Rk7kG6cO1u9M,Badung Regency
SPBU PERTAMINI WARMA,ChIJJ8ctSwBH0i0R3TpTxXCOCfg,Badung Regency
UPT Dinas Pendidikan Provinsi Bali di Kabupaten Badung,ChIJBUoCE7s40i0RIlOlsTtjBgU,Badung Regency
Kantor Camat Kuta,ChIJNVW_ma9G0i0RIwU4OSFdL70,Badung Regency
Balai Banjar Nungnung,ChIJ5YqhP7mL0S0RFJpN-7oWkVw,Badung Regency
Balai Banjar Sekarmukti,ChIJ50JbWACL0S0RgI1R2if2cv4,Badung Regency
Sd 3 Sulangai,ChIJMZzTA-gg0i0R0aEMb6IHgjM,Badung Regency
SD No. 6 Belok,ChIJQ4YyRAAh0i0RELjdCElMFqA,Badung Regency
SD N 2 SULANGAI,ChIJJ72CSH4h0i0RwOSFnt8e3Vs,Badung Regency
SD No. 4 Sibang Gede,ChIJ04U-vp4-0i0RAKBUY2J9afw,Badung Regency
SDN 2 Kedewatan,ChIJa2ZSrcQi0i0RBRA_nULWXgY,Badung Regency
SDN 17 Dauh Puri,ChIJ22FBhmYh0i0R00KTi1UleIg,Badung Regency
SDN 4 Sulangai,ChIJOzgxHvEg0i0Rq9Syf3pmyg8,Badung Regency
SDN 1 Sulangai,ChIJkfEgqcYg0i0RYwf0A1D4kAQ,Badung Regency
SDN 3 Petang,ChIJHcHxtRgh0i0RUnUf8_alAKk,Badung Regency
SDN 2 Sembung,ChIJWdztqlgj0i0RGMhCGNALO6o,Badung Regency
SDN 1 Cau Belayu,ChIJTc7XOWEj0i0Rt_UEZKqcPrc,Badung Regency
SDN 3 Sobangan,ChIJ19Qo7aU80i0Rywsp_4QdsEQ,Badung Regency
SDN 2 Sobangan,ChIJH-708Fg70i0RrDwFZLhIi_4,Badung Regency
SDN 3 Kuwum,ChIJUTp1M3wj0i0ROWC_VajWOFk,Badung Regency
SDN 4 Mengwi badung,ChIJNSMwjJI70i0REzrEUxU_LzI,Badung Regency
Bale Adat Banjar Legian Kaja,ChIJ45qBS7RH0i0RpE7H3fyZn08,Badung Regency
Banjar Pering Kuta,ChIJzzp157pG0i0RECa5FcslGjc,Badung Regency
Banjar Padang,ChIJjSvhAaA40i0RoNZRWzXXvPA,Badung Regency
Bale Banjar Peliatan,ChIJpwTQMmBH0i0RNgCwPhc868s,Badung Regency
Banjar Teba Sari Kuta,ChIJabBNKdZH0i0RAXCynbyHuEY,Badung Regency
Banjar Pande Mas Kuta,ChIJGefQ57pG0i0RvtOHDAvuw1c,Badung Regency
SMK 1 South Kuta,ChIJl4C_GmhD0i0RAQ2JFmMqeCM,Badung Regency
SMK Wira Harapan,ChIJk0Jwqc840i0RgsQ3ar2FB7k,Badung Regency
Smkn 5 Dps,ChIJS6fixsBG0i0RHt8vlW8GPZk,Badung Regency
SMK Negeri 2 Kuta Selatan,ChIJf3YAsGxF0i0RMJZGdszzasY,Badung Regency
SMK Pariwisata Mengwitani,ChIJYdwJTt470i0RKO14yN0XbGc,Badung Regency
SMK Kesehatan Bali Khresna Medika,ChIJOQHAaTI50i0Rah9CLf8qJvg,Badung Regency
SMK PGRI 2 Badung,ChIJZYquFpQ70i0RL8ANBtUzCVI,Badung Regency
SMK Ilkom Ganesha Udayana,ChIJLwiCwMFE0i0RgmKmVWZuyKA,Badung Regency
PEREMPATAN EVENT ORGANIZER AND PRODUCTION,ChIJmfJjfKJF0i0R5lQTnwfl7aM,Badung Regency
Perempatan Event Organizer And Production,ChIJIfZedxtE0i0RnbW8uyCzEH8,Badung Regency
Banjar Delod Perempatan Barat,ChIJC8XeejU50i0RDBp7gY8uhFU,Badung Regency
Banjar Delod Perempatan Timur,ChIJvy9QZTU50i0RfB3WDGjNOJM,Badung Regency
Nasi Jinggo perempatan Alfamart,ChIJTbXlQGRH0i0RTbNA3Vhy8U0,Badung Regency
Nasi Jinggo Kimia Farma Legian,ChIJi0YoO3hH0i0RSIN3xZOzSLI,Badung Regency
Warung Bali Perempatan Kelan,ChIJVVVVVQxE0i0R4ockyzdzm5A,Badung Regency
Warung perempatan,ChIJm4XMTl9H0i0Rl1im7-DYOf0,Badung Regency
Sentra Kreasi Niaga,ChIJM_7-SSRH0i0RQt4ZJSz7BWU,Badung Regency
Satria Gatotkaca Park,ChIJ3Urujw9E0i0RWSEmcOlT2sg,Badung Regency
Jaya Printing Nakula,ChIJiat6s9NG0i0Rx_DMwT-ef18,Badung Regency
Mokofella Coffee And Food Truck,ChIJ6aH-YUwXei4RmFmDUvbhSic,Badung Regency
Warung Galungan,ChIJQzmkV6ZH0i0RqzZhQWzX4k4,Badung Regency
Pantai Double - Six,ChIJj2WsFphH0i0RpPagQ9ga8cg,Badung Regency
Desa Wisata Munggu,ChIJBTBZHBE50i0R5ViFNiCYJ4U,Badung Regency
Sastra Bali Tour & Taxi,ChIJ45ND_XxH0i0R2tb_OuKLvl0,Badung Regency
Pantai Sarinande Seminyak,ChIJpdMDmk9H0i0RKiKeS1Lgdws,Badung Regency
Taman Sari Wisata Bahari,ChIJfYwuCblD0i0RdboF9NLoLyo,Badung Regency
Wisata Kuta Beach,ChIJeXTtyLlH0i0RwDB3eUlpNqQ,Badung Regency
Tanjung Benoa Bali Watersport,ChIJ_bVUeKVD0i0R3CPp_zpepes,Badung Regency
Seminyak Beach,ChIJIRKcGuFG0i0R1lwGkPPONWE,Badung Regency
Monumen Taman Mumbul,ChIJmxB2eGND0i0RhpmxbY4bWUY,Badung Regency
Rio Bali Tour,ChIJD4IfONQi0i0R5kj87_pj9oY,Badung Regency
Masceti Temple,ChIJQb-1aK1A0i0RsnE0na57Qkk,Badung Regency
Bali Cheap Ticket Atv and Rafting + Watersport and Dolpin,ChIJN17jFgBH0i0R322WjMpLNBg,Badung Regency
Peninsula Island,ChIJM51wq9dC0i0RktOawQYW3jk,Badung Regency
Mybestbalitour,ChIJH6flf5c50i0R4lmQZn_vY2I,Badung Regency
Legian Art Painting,ChIJIfjjlNxG0i0RhNvJN7frVas,Badung Regency
Bali golden adventure,ChIJWQ24C7dH0i0RAxAdiX8WOHs,Badung Regency
PT. Thalia Tour Travel,ChIJ4QV5G2E50i0RRfi-cKPsUZE,Badung Regency
Seminyak markets,ChIJ2ddA9RpH0i0RhKd81FoVelA,Badung Regency
Fuad Bali Tour,ChIJB0pQcp9H0i0R_uEaENo2aAM,Badung Regency
paket tour bali murah,ChIJ61rCqLtG0i0RXZMb1RiwNvM,Badung Regency
Kantor Perbekel Mengwitani,ChIJwXGO1-w70i0RxIlV8iMbc2w,Badung Regency
KANTOR PERBEKEL DESA PEKEN BELAYU,ChIJBZDkH0Q70i0RihweMMnLAfs,Badung Regency
Kantor Perbekel Desa Blahkiuh,ChIJ9Zm07uo80i0R1LeQwdODRHI,Badung Regency
Kantor Perbekel Abiansemal,ChIJDz0G0Io80i0Rm_yHCmUb5qU,Badung Regency
Kantor Perbekel Mengwi,ChIJiw_sA9U70i0RclbMaB_MF1g,Badung Regency
Kantor Perbekel Desa Kekeran,ChIJ2UcL8t870i0RJCn0A4d6ynY,Badung Regency
Kantor Perbekel Jagapati,ChIJq669dlc-0i0RPv-ZpJyXwTA,Badung Regency
KANTOR PERBEKEL DESA MEKAR BHUANA,ChIJKQ7Awgc90i0RwJOTeEpLkn8,Badung Regency
Kantor Perbekel Desa Mambal,ChIJnSZ7azg80i0RjXkyipR5TQo,Badung Regency
Kantor Desa Darmasaba,ChIJgSyBMrk-0i0RS_7FnHXCWls,Badung Regency
Kantor Perbekel Desa Sedang,ChIJbY_-zH8-0i0RYM1iH2neoHA,Badung Regency
Kantor Perbekel Desa Pererenan,ChIJxSI2LQA50i0RyP1qlpK43QY,Badung Regency
Perbekel office Kutuh,ChIJ3W4vVVtb0i0Rn-oLqRGGxv8,Badung Regency
Pecatu Sub-District Office,ChIJLfnYWcRa0i0RHMZgVVjGpO0,Badung Regency
Banjar Canggu,ChIJ-3KErX040i0RA85sq37OrG8,Badung Regency
SMKS Pariwisata Dalung,ChIJvbkt8LY40i0R1jG4DFkwRu8,Badung Regency
SMK TI Bali Global Badung,ChIJC0fzQ7Q40i0R80uQ4QPPVO0,Badung Regency
SMK Pariwisata Triatma Jaya Badung,ChIJhWgyJM440i0RyaR_Ty_XeO4,Badung Regency
SMK Prshanti Nilayam Kuta,ChIJy0LMgaNG0i0RZLEVeYgWFTk,Badung Regency
SMK PGRI 3 Badung,ChIJXeLKirg40i0RopoXwyUk9GM,Badung Regency
SMK Seni Ukir Tangeb,ChIJfa4uEUI50i0Rv3xr5vTHzYw,Badung Regency
SMK Nusa Dua,ChIJ0WLAHG9D0i0RtkPQMp-E4Ik,Badung Regency
SMK TI Mengwitani,ChIJ02HJ58I70i0RxWRh6IFj9lo,Badung Regency
SMK Kesehatan Gana Husada,ChIJX7zLAW9D0i0RbxI6xnOneek,Badung Regency
SMK Widya Mandala,ChIJ_5am0j480i0RH6L-YBHXKEA,Badung Regency
SMK Widya Wisata Jimbaran,ChIJSezMh0FF0i0RimLttjXx4-s,Badung Regency
SMK Pandawa Bali Global,ChIJ71xvUYk80i0Rr93HMO3QWlU,Badung Regency
"Sekolah Kalam Kudus Bali (PG/ TK, SD, SMP, SMA)",ChIJqWX1Obo40i0R-3D3sA9M6K0,Badung Regency
SMK PGRI 1 Badung,ChIJbafC1UE80i0RjmB27eITJ2g,Badung Regency
SMK TI Udayana,ChIJOy4dw1w70i0RknazOZlrPKc,Badung Regency
SMK Kharisma Mengwi,ChIJO4HzBG870i0RjSSXQfMRmoI,Badung Regency
Smk Pariwisata Banyuatis,ChIJq6ru32ZD0i0RgHY7PA2DblM,Badung Regency
LPK - SMK PGRI 2 BADUNG,ChIJJ6_GuBM70i0RRZsz8evtx9Q,Badung Regency
Teaching Factory Smk Pgri 2 Bandung,ChIJd_Kkz-470i0RQKmX1IgNO1k,Badung Regency
Smk Kesehatan Kerti Usada,ChIJgQYMQF080i0RaviqYi16RYU,Badung Regency
Teaching Factory Smk Pusat Keunggulan Pgri 2 Badung,ChIJv5qvbJQ70i0REDDo_vaxaRs,Badung Regency
"Banjar Umahanyar, Desa Darmasaba",ChIJs8RwcMM-0i0RuOAv99rpYOA,Badung Regency
Banjar Dauh Peken,ChIJpbFtb3o80i0REVYA-L2KYd4,Badung Regency
"Banjar Delod Pasar , Desa Belahkiuh",ChIJE1tbeZM80i0RqomBHdFm9-E,Badung Regency
"Banjar Darmasaba, Desa Darmasaba (ᬩᬜ᭄ᬚᬃ ᬤᬃᬫᬲᬩ᭟)",ChIJ02XOqpU-0i0R3DQsk8jP_GY,Badung Regency
"Banjar Pane , Sibanggede",ChIJabEPVJY-0i0R7xJjqcmpJZo,Badung Regency
"Banjar Penenjoan, Desa Darmasaba (ᬩᬜ᭄ᬚᬃ ᬧᭂᬦᬾᬜ᭄ᬚᭀᬯᬦ᭄᭟)",ChIJz-yoh5U-0i0RlpXnC-7Ufps,Badung Regency
Br. Keraman Abiansemal Badung,ChIJbQKuuoo80i0RBijw0RpOX28,Badung Regency
Banjar Pasek Jagapati,ChIJcaVvsEs_0i0RS7DoU6yOto4,Badung Regency
Griya Kediri Sangeh,ChIJCYUK_0oj0i0RWuD-t-4DgRw,Badung Regency
Markas SanggarTugek Carangsari,ChIJ5fH5ZVoj0i0Rjsx0PK0OUb8,Badung Regency
شلال,ChIJp1rqIAAj0i0Ra-cKERV2H5M,Badung Regency
Museum Yadnya,ChIJ2ynI0pA70i0RvcmfJ9ETfrk,Badung Regency
Griya Tirta Amertha Sari,ChIJOzLCSA4j0i0RACgzdNtWWH4,Badung Regency
Banjar Umopoh,ChIJfRIqu3w80i0RH0jtz-vZpFY,Badung Regency
Bali Alaska Adventure Rafting,ChIJ2d9J-ig90i0RSzZ9taKeeJI,Badung Regency
Pasraman Jungring Salaka,ChIJMQMVehI90i0RyqaQicjNxPw,Badung Regency
Banjar Bantas Penarungan,ChIJe2NTK5k90i0RMMkpKcee8_g,Badung Regency
"Balai Banjar Aseman,Abiansemal",ChIJpcZlj2A80i0RnxEWJI5JniU,Badung Regency
"Puri Belangsinga Punggul - Abiansemal, Badung, Bali",ChIJEc-ShsM80i0ReVJ-le14Zn8,Badung Regency
BOR HOME,ChIJ27qs2yQ90i0RgKTDpRvU6Nw,Badung Regency
Wantilan Desa Adat Gerih,ChIJm73IeUI90i0RWIwZJnTpJAg,Badung Regency
Br. Babakan Kangin kabupaten bandung desa gulingan,ChIJMfhVt9A70i0RhrhlW8OKHqk,Badung Regency
Komisi Pemilihan Umum Kabupaten Gianyar,ChIJMT8biF0W0i0RxS-PckeaVro,Bali
Kantor Desa Serongga,ChIJzbw83oAW0i0RXnvKpnWk8yk,Bali
Balai Banjar Desa Adat Tojan,ChIJ_ZdQQ-oV0i0R3bIiXHB50KY,Bali
Kantor Desa Mendoyo Dauh Tukad,ChIJ7T_NGYnY0y0RekHtTbvsClI,Bali
Bali Tour Queen,ChIJibNJdgBH0i0RY6R8IdBhJKQ,Bali
BALIWIL,ChIJO193ZJxB0i0R33ynksKgEPI,Bali
Junior High School 2 of Balikpapan,ChIJNU5t8hdH8S0RIWqBDNQHQnc,Balikpapan City
Junior High School 1 of Balikpapan,ChIJP52doSJH8S0R9YLA7shshr4,Balikpapan City
Crossroads,ChIJR6mo8AXLdkgRtO5Zw5yyxaw,Bampton
Kantor Kelurahan Sukarame,ChIJF3UIuWvbQC4Rub3yrjMeKgU,Bandar Lampung City
SMP Negeri 1 Bandung,ChIJWb9GBN8eeS4RtnUc-0GOm5w,Bandung City
National Junior High School 17,ChIJgyosQV7daC4R_l9tw8Uy3JE,Bandung City
State Junior High School 16 Bandung,ChIJHRnStL3naC4RNMaVl6HAe-s,Bandung City
SMPN 10,ChIJ-_xykJ3oaC4RHoXXGbkhpGA,Bandung City
SDN 017 Sekejati Kota Bandung,ChIJIcuYFhHoaC4RO4vlsjdwNMs,Bandung City
SDN 016 Dr. Cipto Pajajaran,ChIJnyReQkDmaC4RyXhxBLPGBUs,Bandung City
035 Soka Elementary School,ChIJu9IDac7naC4RjMnZv2OxuIE,Bandung City
001 Merdeka State Elementary School,ChIJfQa3fjDmaC4R2M86orYpFqs,Bandung City
Kopo District Head Office,ChIJFy_oja_oaC4RyEZbTqzzAao,Bandung City
Kantor Kelurahan Braga,ChIJG6dxzzPnaC4RmBK4I6vQkUM,Bandung City
Kantor Kelurahan Margasuka,ChIJ16_QfTbvaC4Rt89if4guZB8,Bandung City
Kantor Pemerintahan,ChIJMWrlVILoaC4Rt570ibYDvFA,Bandung City
Bandung City Mayor Office,ChIJf63gYjfmaC4Rw3lQ3bkuhr0,Bandung City
Pemerintah Kota Bandung,ChIJu7XbLC7maC4RvtLXm3Ux7lw,Bandung City
Kantor Pemerintahan,ChIJfaRVsyPmaC4RI0756ynPYLI,Bandung City
Pemerintahan,ChIJa0ZIfrvnaC4RCRyDN8ZuLNU,Bandung City
Dinas Tenaga Kerja Kota Bandung,ChIJVdFmNXroaC4RnlSsUYc6U3k,Bandung City
UPT Puskesmas Babakan Tarogong,ChIJUwrb2gjpaC4R3sfsK81fdq4,Bandung City
PUSKESMAS AHMAD YANI,ChIJf9Q-mUDnaC4Rx3ew9CEEQEo,Bandung City
Babakan Sari Community Health Center,ChIJBymP_OLnaC4R-EC8Fh9iYmE,Bandung City
Puskesmas Arcamanik,ChIJD-wRkFrdaC4Ruihzb5S3r3g,Bandung City
UPTD Puskesmas Tamblong,ChIJNXSdGS_maC4R3kZDa8TrcYg,Bandung City
Regional Secretariat Bandung,ChIJnV6xfDfmaC4Rs-Z-On7CSDU,Bandung City
BKPSDM Kota Bandung,ChIJH1qNWQDnaC4RC91VzPBXnp8,Bandung City
Puskesmas Nagreg,ChIJbcmzs8HIaC4RzqQvbRwAzgE,Bandung Regency
Puskesmas Pembantu (Pustu),ChIJ89OwZZ9_gy0Riso-nfpAnYU,Banggai Islands Regency
Puskesmas Pembantu,ChIJ45KcG_p6hi0RNZtPEGOWiT0,Banggai Regency
Puskesmas Pembantu Poh,ChIJKePcyzm5hi0RfG7R4zceQQc,Banggai Regency
Balai Banjar Semarapura,ChIJR8fNzMmphS0RxPs-OdDMLx8,Banggai Regency
Suramadu Bridge,ChIJAacuE4cD2C0R5q7AcePfHiM,Bangkalan Regency
SD Negeri 2 Taman Bali,ChIJrUP4rxYX0i0RKx4lrroo1Zw,Bangli Regency
SDN 2 Demulih,ChIJ5XcZQX0X0i0RJJCjQIT1dTg,Bangli Regency
SDN 1 ABUAN,ChIJ0YRBZFEZ0i0RPRsFBScJqXU,Bangli Regency
SDN 4CEMPAGA,ChIJU-YSVHYZ0i0RMVc9AHAkVxQ,Bangli Regency
SDN 1 Susut,ChIJXSLQ9_0Y0i0R24rhvaYtaig,Bangli Regency
SDN 1 Apuan,ChIJZZeL1vUZ0i0R5j2Y7sCklLM,Bangli Regency
Sdn 4 KAWAN,ChIJbT3dHLwZ0i0RIw4ZyxaeMvI,Bangli Regency
SDN 5 Susut,ChIJAQDA1fsY0i0RiuWCYrKau3U,Bangli Regency
SDN 1 Undisan,ChIJRekGPzoa0i0RyC-tdx28wVc,Bangli Regency
SDN 6 Jehem,ChIJeQyiXwMZ0i0RgQHR1KB4drA,Bangli Regency
SDN 4 Tembuku,ChIJD6r7Wi8a0i0RKsd66ifeIzE,Bangli Regency
SD Negeri 5 Kawan,ChIJrUkpceoZ0i0R6fQoJ8uWOrw,Bangli Regency
SD No 6 YANGAPI,ChIJM3bR_P4b0i0RMvOKBPNj1c0,Bangli Regency
SDN 1 JEHEM,ChIJQXtH_TcZ0i0RTs_NzyQLLfQ,Bangli Regency
SDN 4 Sulahan,ChIJnyHff2IZ0i0RYUHKbTnvj1s,Bangli Regency
SDN 5 Sulahan,ChIJMc477dcZ0i0RmP4iaqtZWxY,Bangli Regency
Patung Kapten Mudita,ChIJ-a-7NcAZ0i0R4CYyJqtl9ds,Bangli Regency
Tugu Pahlawan Penglipuran,ChIJA2FD_DUZ0i0RAtg0oQJNnkg,Bangli Regency
Tugu Banaspati Raja,ChIJcX0qwr4Z0i0RwnB8Oxmxmy8,Bangli Regency
Tugu Penghoramatan JIM,ChIJF93xq7IZ0i0Rjyhfh04_NRY,Bangli Regency
Tugu Jam Tembuku Bangli,ChIJYyVh5cIb0i0RAPXcr9H_5pU,Bangli Regency
SD Negeri 2 Bunutin,ChIJxfVgCB0X0i0RpHef6sovWpA,Bangli Regency
SD Negeri 3 Demulih,ChIJH9rpa50X0i0RVQHhtYDhd-I,Bangli Regency
SD Negeri 3 Bunutin,ChIJ4wx-O6gX0i0RAxDFuhAdVtU,Bangli Regency
SD Negeri 2 Abuan,ChIJrdxZGtQZ0i0RxswvnbLNYxY,Bangli Regency
SD Negeri No. 2 Apuan,ChIJR9vcyXUX0i0RRsMhTws2qqU,Bangli Regency
SD Negeri 4 Tamanbali,ChIJobvpNxUX0i0RA0VwfrYBugA,Bangli Regency
SD Negeri 3 Bebalang,ChIJQVRlyuAZ0i0RC0oqibXUHv4,Bangli Regency
SD Negeri 1 Bebalang,ChIJFR2QHN0Z0i0RYIjPHtmVytI,Bangli Regency
SD Negeri 2 Bebalang,ChIJgfWRBNwZ0i0RF7kgUD2OJJ0,Bangli Regency
SD NEGERI 3 TAMANBALI,ChIJN552Go8X0i0RJ2nOD0f-ID0,Bangli Regency
SD Negeri 1 Kawan,ChIJ8XWJ3pUZ0i0Rf0eKjc13fec,Bangli Regency
SD Negeri 3 Susut,ChIJO6vzBfsZ0i0R1uK7JXlGy90,Bangli Regency
SD Negeri 6 Kawan,ChIJkZQ7zZUZ0i0RoFTrBbqsJBw,Bangli Regency
Balai Banjar,ChIJRy3b-kL10S0RQeoHRcdmdNo,Bangli Regency
Balai Banjar Pule bangli,ChIJDQYPsC0Z0i0R9bS4U6aqv_E,Bangli Regency
Balai Banjar Peselatan,ChIJs_I-qo0d0i0RHM8Rz3hqFC4,Bangli Regency
Balai Banjar Kawan,ChIJ-zOR2L0Z0i0R6ayaMJyPcyI,Bangli Regency
Balai Banjar Desa Banua,ChIJu7AH4-Af0i0RHZZ_kFBrWaU,Bangli Regency
Balai Banjar Pandan,ChIJe5Y1FQCN0S0R3Fj7PyKmrPc,Bangli Regency
Balai Banjar Mundung,ChIJFSlZ9SoZ0i0Rj6YfHWbVxg4,Bangli Regency
Balai Banjar Kutuh,ChIJk6G6e8Xz0S0RCrij0fPm8oM,Bangli Regency
Balai Banjar Desa Satra,ChIJbQUa7NCN0S0RH64Em23VRuw,Bangli Regency
Balai Banjar Dusun Umanyar,ChIJ_ZCm2GYX0i0Rcv-T9nUY0fo,Bangli Regency
Balai Banjar Bias Kelod,ChIJ1VUFMF4d0i0RFjz_Y7zGwOQ,Bangli Regency
Balai Banjar Desa,ChIJ82Exz9Dy0S0R-rTzr_mKBMk,Bangli Regency
Balai Banjar Bunutin,ChIJ9fuW6D0X0i0RqB3cKw-O1K8,Bangli Regency
Balai Banjar Dukuh,ChIJJTvhmhIX0i0RilAY7n-a5ms,Bangli Regency
Balai Banjar Desa Kedisan,ChIJmSG7wnv20S0RAdKangI6BFY,Bangli Regency
SMP Gurukula,ChIJrcBA33UZ0i0Rc3ZMixNRyrM,Bangli Regency
SMP Negeri 1 Susut,ChIJpa99BxcZ0i0R_EpvBiX6ymo,Bangli Regency
SD Negeri 1 Pengiangan,ChIJEwzaJS0Z0i0RQjEugjg5c9k,Bangli Regency
SD Negeri 3 Abuan,ChIJTSSW-0wY0i0ROeScsDxv5QY,Bangli Regency
"Balai Banjar, Br.Manuk",ChIJm2TUjDkZ0i0RXMj1fjzjLv0,Bangli Regency
Balai Banjar Br. Glagahlinggah,ChIJm0giM9z10S0R5HfhWQkQ_os,Bangli Regency
"Balai Banjar Demulih, Bangli",ChIJz0A5zLAZ0i0RVmV7qgjMRA4,Bangli Regency
Balai Banjar Gunaksa,ChIJFwDK6pgZ0i0ROcENsdhS1qI,Bangli Regency
Balai Banjar Penatahan,ChIJSwBAKzoZ0i0Rd0NzocsJZ-Q,Bangli Regency
Balai Banjar Suka Duka Tempek Bebalang,ChIJy_6L2d0Z0i0RsNG7GMYFYEo,Bangli Regency
Balai Banjar Mampeh,ChIJ659SkpEZ0i0RxYwr_tkEGIs,Bangli Regency
Banjar Tanggahan Talang Jiwa,ChIJCaQP9wwX0i0R_IFNyTLZ4RM,Bangli Regency
Balai Banjar Sidembunut,ChIJg3qH4ZoZ0i0RfRcmHL0MzPQ,Bangli Regency
Balai Banjar Blungbang,ChIJn6CnsuoZ0i0RJjNMKfTtHS8,Bangli Regency
Balai Banjar Jalanbau,ChIJKYmzjj4Z0i0RqCxHElSKuhI,Bangli Regency
Balai Banjar Griya Sama,ChIJnzLRMwQb0i0RwMWzILWf32Y,Bangli Regency
Balai Banjar Geriya Bangli,ChIJza4eLpQZ0i0RSRKVUKREubg,Bangli Regency
Balai Banjar Pengiangan Kawan,ChIJhevrm4IZ0i0RS0rt4iyVFt4,Bangli Regency
Balai Banjar Tangkas,ChIJRZR91EoZ0i0RdwHZSCCXdRk,Bangli Regency
CENTER BANJAR Kayang,ChIJP6bBZEQZ0i0Rg8q3mOcLZns,Bangli Regency
Balai Banjar Desa Adat Kubu,ChIJUV_vw28Z0i0RRqfIiUIXGhY,Bangli Regency
Balai Banjar Susut Kelod,ChIJp6S2CQAZ0i0R_rpJQbofXZ4,Bangli Regency
"Balai Banjar Tambahan Kelod, Bangli",ChIJvWgO4UwZ0i0RuOkTV_4ih4I,Bangli Regency
Balai Banjar Pekuwon,ChIJNSnSnhsZ0i0RX-uVKL-njYA,Bangli Regency
Balai Banjar Tegallalang Bangli,ChIJhR9Um-wZ0i0R5WS_xT_A9f0,Bangli Regency
Balai Banjar Tanggahan Tengah,ChIJq6qq6noX0i0RwIDfmyZ3_U8,Bangli Regency
Balai Banjar Bangkiangsidem,ChIJ1ep4ZGYb0i0R2rX-pqT_1js,Bangli Regency
BALAI BANJAR BANGUN LEMAH KAWAN,ChIJ0cxJIOEX0i0R7NGdscT3HLU,Bangli Regency
Balai Banjar Songlandak,ChIJq8P_dHMf0i0Rp_Zq2mBqvfs,Bangli Regency
Balai Banjar Tambahan Bakas,ChIJRSJRI4IZ0i0Rm4pnLACakMY,Bangli Regency
BALAI BANJAR DESA TINGKAD BATU,ChIJQ7NkwCca0i0RgoZqwZJNiqo,Bangli Regency
Balai Banjar Guliang Kawan,ChIJ4ynpEooX0i0RA6SRa6JvtXA,Bangli Regency
Balai Banjar Dinas Galiran,ChIJr5g6Ib8Z0i0R2TEUb8nzZyw,Bangli Regency
Balai Banjar Desa Sekaan,ChIJYfdPHgwf0i0RxV45Mi1Amkc,Bangli Regency
Balai Banjar Penida Kelod,ChIJFUwOKQAb0i0RYMz0uDssowM,Bangli Regency
Balai Banjar Tingas,ChIJBS8r__od0i0RZdEaCZB6VOQ,Bangli Regency
Balai Banjar Kayupadi,ChIJaQ2EhXuN0S0RST2Ew-ZAbyw,Bangli Regency
"Balai Banjar, Banjar Dinas Sekaan",ChIJRTh4SgMb0i0RPPM4spb1KW0,Bangli Regency
Balai Banjar tanah embut,ChIJs8v6c-GN0S0RReaocInXAd8,Bangli Regency
Balai Banjar Langgahan Kangin,ChIJkzniZ6WK0S0RDgK3UWCzLBk,Bangli Regency
Balai banjar selulung,ChIJi0pff7eN0S0Rh-ea414ap5c,Bangli Regency
BALAI BANJAR KAYUSELEM,ChIJA7w7GsDx0S0RBOU-D22Enzw,Bangli Regency
Kantor Camat Bangli,ChIJ8QduKcIZ0i0RewEqxzVUlTg,Bangli Regency
Kantor Camat Tembuku,ChIJByAa7iMa0i0R6jtPgHM6Oig,Bangli Regency
Kantor Kecamatan Susut,ChIJD_XSrQgZ0i0RkTbGB5dJrdo,Bangli Regency
Kantor Lurah Kawan,ChIJG9ylSb4Z0i0R0idD3x7ARA4,Bangli Regency
Kantor Lurah Cempaga,ChIJUzHTbJ8Z0i0R22S0kE1BZco,Bangli Regency
Kantor Kelurahan Cempaga Bangli,ChIJJ_HX75gZ0i0RNcu_DysaOL0,Bangli Regency
KANTOR KELURAHAN KUBU BANGLI,ChIJURvInroe0i0RFvkdNpNlNu4,Bangli Regency
Kantor Perbekel Desa Bunutin Kecamatan Bangli,ChIJV27fcHwX0i0RPr969vD03qs,Bangli Regency
Penglipuran Village,ChIJqfTkrG4Z0i0RGTQM35oWGTM,Bangli Regency
Tibumana Waterfall,ChIJ3Q2bdlkX0i0R_eYgl2LfIf0,Bangli Regency
Pengibul Waterfall,ChIJ05RvaKAX0i0R0GaluXYojxs,Bangli Regency
Objek Wisata Penglipuran,ChIJZZndzJcZ0i0ROHRN6eJ1-sM,Bangli Regency
Objek Wisata Tukad Batu Liuu,ChIJFSIvE6AZ0i0RwdFJB3iX6UI,Bangli Regency
Air terjun goa,ChIJk4UjFAAX0i0RkLk6IlqAxwE,Bangli Regency
Wisata Segening Kawan,ChIJo-l8LwAZ0i0RAulWagS7N0k,Bangli Regency
objek wisata seganing,ChIJl0yCVlMZ0i0RrTYKe2oCuD4,Bangli Regency
Desa Wisata Cekeng,ChIJUz_7IAAZ0i0RVdNSsiDpVq8,Bangli Regency
Wisata Alam Gredeg,ChIJmyByORsZ0i0RPMbb-JYPizU,Bangli Regency
Desa Wisata Pule,ChIJC8qnMGIZ0i0RaESfRBcKDpA,Bangli Regency
Balai Banjar Bukti,ChIJtQr5_awd0i0RcHSoLkppGJk,Bangli Regency
Kantor Ketahanan Pangan Pemerintah Kabupaten Bangli,ChIJV_UXacIZ0i0RguoliyzgVNY,Bangli Regency
TPST Dinas Lingkungan Hidup Kabupaten Bangli,ChIJbSYzRU0X0i0RoV9EpBMnpSk,Bangli Regency
Dinas Komunikasi Informatika Dan Persandian Kab. Bangli,ChIJTW_nU8AZ0i0RRhHvtA_A_J8,Bangli Regency
Pengadilan Negeri Bangli,ChIJSUzm8DwR0i0RwQuEPeQ0Ckk,Bangli Regency
Patung Bali,ChIJ-zXPLJAf0i0Rg4B9lIJoaKw,Bangli Regency
Patung DEWI DANU,ChIJWdiEXg7x0S0RPgKN3hFMX9w,Bangli Regency
Patung Tri Murti,ChIJPZj5GAAZ0i0RGEs9YfXmX-I,Bangli Regency
Cuk Art Patung Kayuambua,ChIJ7ZYqfgAf0i0R6Sps8rcHZdQ,Bangli Regency
Patung Narasinga,ChIJy0zpbQAZ0i0RW8Ag9vjlM-4,Bangli Regency
Tugu Pahlawan Desa Catur,ChIJI5KRcLTz0S0Rt5kLHYQzuBc,Bangli Regency
Tugu Batas Desa Pupuan,ChIJe6MsPmAf0i0Rk18Fn7ms3H8,Bangli Regency
Patung Catur Muka,ChIJK41qGz0Z0i0RWIa88MZYC4k,Bangli Regency
Balai Banjar Jelekungkang,ChIJKYBqARUX0i0RrjHBpuelc8k,Bangli Regency
Balai Masyarakat Banjar Siladan,ChIJ1U-DM2kX0i0RCtGpNUQwwqQ,Bangli Regency
Balai Banjar Tambahan Tengah,ChIJUQoYI7AZ0i0RcrdbAr2z058,Bangli Regency
"Balai Banjar Adat Petak, Bebalang",ChIJc_rAMgAX0i0RKCNKWKZGQgY,Bangli Regency
BALAI BANJAR DINAS CINGGANG,ChIJozaZIQAZ0i0RMJUuWdMOFYo,Bangli Regency
Balai banjar antugan,ChIJw1jzPVYZ0i0RUIC5DjIYyks,Bangli Regency
Balai Banjar Tembuku Sesetan,ChIJiVAYoyUb0i0RQXAQP-Ylbec,Bangli Regency
SPBU Bunutin,ChIJteeqDRsX0i0RiErio9KqQuY,Bangli Regency
SPBU Pertamina 54.806.08,ChIJz21GKEIZ0i0R7aZxQK7wKhI,Bangli Regency
SPBU Pertamina 54.806.01,ChIJWROf_MIZ0i0RTTOTbF1mnz4,Bangli Regency
PERTAMINA,ChIJkxWqjrwZ0i0Rk7O7cd-QGjA,Bangli Regency
PERTAMINA,ChIJO4p78GgZ0i0RSalcgMw-UpE,Bangli Regency
Pertamina,ChIJMdbGOSEa0i0R2plPbiPEo2U,Bangli Regency
PERTAMINA,ChIJrUjldv8b0i0RCK1F66vRgig,Bangli Regency
Kantor Kepala Desa,ChIJ_____-KK0S0RzQNutVy0jAE,Bangli Regency
Kantor Desa Selat,ChIJSf2qRnYZ0i0R_IAih8J6xPw,Bangli Regency
Kantor desa Manikliyu,ChIJcayhMeb10S0RhoYCIfRW8ms,Bangli Regency
"Kantor Desa Bunutin, Kecamatan Kintamani",ChIJNZA_LWCL0S0RbsdoVe5UojY,Bangli Regency
Kantor Desa Sekaan,ChIJQ14bcMAf0i0R2VJdeTaKhqI,Bangli Regency
"Kantor Desa Abuan, Susut",ChIJlw5jZMsZ0i0Rm_lzn7OjWGs,Bangli Regency
Kantor Desa Banua,ChIJexpnbbAf0i0RE-x21xCtKio,Bangli Regency
KANTOR PERBEKEL DESA ULIAN,ChIJ3aiax6-L0S0Ri5S3Ep3lzSM,Bangli Regency
KANTOR PERBEKEL DESA BINYAN,ChIJ1VaIPUKL0S0RU_bySbK-rHQ,Bangli Regency
KANTOR PERBEKEL DESA SULAHAN,ChIJg1sKe68Z0i0RStKTysdS08g,Bangli Regency
KANTOR PERBEKEL DESA KATUNG,ChIJTzxxHOYf0i0Ro7yJO2hyrUY,Bangli Regency
Kantor DESA SUSUT,ChIJHzYFvTAZ0i0RDaCKGqdmBWw,Bangli Regency
KANTOR PERBEKEL DESA ABUAN,ChIJuRWpqiD10S0RPRdJXkNFDM8,Bangli Regency
Kantor Desa Bantang,ChIJ5WdB7CDz0S0R_J95maMigj8,Bangli Regency
Kantor Desa Selulung,ChIJaezx_9uM0S0R8ZCBDn9ZAk0,Bangli Regency
Kantor Desa Tiga,ChIJkXuvacce0i0R1kf4YdYw4C4,Bangli Regency
Kantor Kepala Desa Bayung Cerik,ChIJI-4P0jP10S0RR7haBnmIUoM,Bangli Regency
KANTOR PERBEKEL DESA SEKARDADI,ChIJKf6eqff10S0Ruc49iwX6FJU,Bangli Regency
Kantor Desa Abang Batudinding,ChIJYaoT2Rv20S0ROhsF1i5Is3Y,Bangli Regency
Kantor Desa Buahan,ChIJk_Goqt_10S0RpQJcu5G5Xyg,Bangli Regency
KANTOR PERBEKEL DESA KINTAMANI,ChIJUbVDErX10S0Rbp3R3ywxFXg,Bangli Regency
KANTOR PERBEKEL DESA APUAN,ChIJ99oT6ioY0i0R9onUHHIbfx4,Bangli Regency
KANTOR DESA SUKAWANA,ChIJGWGD913z0S0Rm_Tvz7vgsEQ,Bangli Regency
Perempatan besenga,ChIJrdEUaRAf0i0RJDMSXBuOIGI,Bangli Regency
Pempatan Agung Catuspata Bangli,ChIJq_GL55UZ0i0RpPePzLezQLs,Bangli Regency
Kantor Kecamatan Kintamani,ChIJc2xrzIb00S0R6wjKkElwpDc,Bangli Regency
Catus Pata Agung Desa Adat Bebalang,ChIJBdHEFgAZ0i0RrquWN93TRA4,Bangli Regency
Pura Petapan Desa Adat Pakraman Jelekungkang,ChIJ58zMpWoX0i0ReYBNP_tNLrI,Bangli Regency
Pura Dalem Ageng Desa Adat Abuan Susut,ChIJE5sEjcIZ0i0RXdhEEkOa7Dw,Bangli Regency
Karang Memadu,ChIJuXlhXsUZ0i0RdUNA3DIBaiw,Bangli Regency
Lembean Perbekel Office,ChIJU-wOS6KL0S0ROMwIiZ2X02Q,Bangli Regency
puskesmas pembantu apuan,ChIJf-I35cYX0i0RdkIdSoK0Vss,Bangli Regency
Puskesmas pembantu tamanbali,ChIJafdle5YX0i0Rf9pPfiHeaiI,Bangli Regency
Puskesmas Pembantu Apuan Susut Bangli,ChIJkxv2MTEZ0i0RxwHATjtYaZk,Bangli Regency
Puskesmas Pembantu Desa Demulih,ChIJDdPySH0X0i0RYAMplQxiTVM,Bangli Regency
Puskesmas Pembantu Antugan (Pustu),ChIJcUxaVSoZ0i0RCyNtQpLsQI4,Bangli Regency
Puskesmas Bangli,ChIJDQvjmRQX0i0RbFLECT4fwCg,Bangli Regency
PUSKESMAS TEMBUKU I,ChIJDwRpsiYa0i0RQPEeRRmOwG4,Bangli Regency
Puskesmas Tembuku II,ChIJD2eb8P4b0i0RBXETmhMn0is,Bangli Regency
PUSKESMAS DESA PENINJOAN,ChIJDRanxcEb0i0RH3w3OmMNJ0w,Bangli Regency
Kadek sudarmana,ChIJM8sc4TP10S0RLQ4G4dbwwz4,Bangli Regency
Wayan Yudi's Home Sidembunut,ChIJO_4EsF0Z0i0R4ZIBTSJM4OE,Bangli Regency
Puri kawan tanggu danginan.,ChIJudRfuncZ0i0Rc-QbZXhpIhg,Bangli Regency
Umah ikuprak,ChIJq-1mawAZ0i0RkME2-DhAxIY,Bangli Regency
Setra tanggahan talang jiwa,ChIJTX8GluQX0i0Rdgzsjm56msk,Bangli Regency
Oemah WII,ChIJlaoxiUL10S0Ro8W0ibFAYB0,Bangli Regency
Danau beratan,ChIJ1b1QHwD10S0RcRvkjwRbTzs,Bangli Regency
Balai banjar beluhu,ChIJBePS04kd0i0Ryoq-2KWQTz4,Bangli Regency
Lapangan Umum Tembuku,ChIJ-Rk06iYb0i0RX1-C1GO6fPg,Bangli Regency
Lapangan Umum Desa Yangapi,ChIJ9UTuBsEb0i0R50n1LJTEzc4,Bangli Regency
Lapangan Umum Desa Bayunggede,ChIJTzv7l0L10S0Ri3SDbF0W4QY,Bangli Regency
Lapangan Umum Desa Adat Metra,ChIJeZn9j68b0i0RCKW2aMtEUUk,Bangli Regency
Pertashop Desa Tamanbali,ChIJlfIUEhQX0i0RIyZTqPON8V8,Bangli Regency
Pertashop Sulahan,ChIJwwTKn98Z0i0RhW_gtZOEHE4,Bangli Regency
Pertashop Pengiangan,ChIJF8EjpW4Z0i0RqVVNBOErl9o,Bangli Regency
Br guliang kangin taman Bali bangli.kec bangli.kab bangli,ChIJywC73gsX0i0R-x2k7jFtRjA,Bangli Regency
sd n 1 selat,ChIJSSBZ1vsY0i0R24D4mnYUJ08,Bangli Regency
SD NEGERI 2 SELAT,ChIJT2xr2zsZ0i0RTL0agUSk4ZM,Bangli Regency
SD Negeri No,ChIJN3BeLSIZ0i0RrIWyaM39xic,Bangli Regency
Sd negeri no 2 pengiangan,ChIJab3_rewZ0i0RuwuzqyM4WzE,Bangli Regency
SD N 2 Susut,ChIJz3NX-K0Z0i0Rgg-F5gf2mRo,Bangli Regency
SD N 4 ABUAN,ChIJ2dUb9soZ0i0R9ZYvjdpUofc,Bangli Regency
Sd Negri 43,ChIJvYxiFnIf0i0R1gcp1OhYc8c,Bangli Regency
SD Negeri 2 Sulahan,ChIJfbLV3TAZ0i0RD8R99JNFleQ,Bangli Regency
SD N 1 Demulih,ChIJA0olI90Z0i0RefoiBVwQA04,Bangli Regency
SD Negeri 3 Cempaga,ChIJf41I-JIZ0i0RVtgjhbeF6f4,Bangli Regency
SD Negeri 2 Kawan,ChIJWSF6d-oZ0i0RAPpuz1ikTwo,Bangli Regency
SD N 1 Tiga,ChIJ93Qt7_cf0i0RPcvWZXu5_pA,Bangli Regency
SD N 3 Sulahan,ChIJobPvLa4Z0i0Rb5ze5menLCE,Bangli Regency
SD NEGERI 2 KUBU,ChIJc2jGbAQZ0i0RDokKQCO9qPQ,Bangli Regency
Sd Negeri 3 Bebalang,ChIJI7IChMEZ0i0RK4NIbY5pqlc,Bangli Regency
SD Negeri 3 Kawan,ChIJP4JmeuoZ0i0RxyyUWQkNWp8,Bangli Regency
Elementary School 1 Cempaga,ChIJjSahYJgZ0i0RAz_7CQ7CXW4,Bangli Regency
SD Negeri 05 Jehem,ChIJfwucwcIZ0i0R98nTMP07CZY,Bangli Regency
SD Negeri 02 Bangbang,ChIJfwucwcIZ0i0RLNpIwGIYDX4,Bangli Regency
SD Bali Bilingual School,ChIJryuP7roZ0i0R46yLS2_hirc,Bangli Regency
SDN 1 Sulahan,ChIJASlwuBYZ0i0R-PZr3qcHrdM,Bangli Regency
Sdn 4 Tiga,ChIJ2azikMAe0i0RnAc7I51MJl0,Bangli Regency
SDN ABUAN KINTAMANI,ChIJucifSd8f0i0R7Flxzoc5CNA,Bangli Regency
SDN Langgahan,ChIJh-dJIeiL0S0R1f3dEyvBDF8,Bangli Regency
Elementary School No. 2 Tiga,ChIJj9jZf18e0i0REMGiUgS4FkU,Bangli Regency
SDN 4 Yangapi,ChIJuTLHIR0c0i0Rvc11m9G_MeM,Bangli Regency
Sdn 2 Jehem,ChIJFaZbY3EZ0i0Rdxk-4y8yxAg,Bangli Regency
SDN 3 Kayubihi,ChIJ97OWEBQf0i0RpUesVPf4UrA,Bangli Regency
SDN 2 Pengotan,ChIJb0OI1Fcf0i0RvZSF7xIKmDg,Bangli Regency
SDN 1 Katung,ChIJ0zu31lz10S0R3LSaWbB4jYU,Bangli Regency
SDN 3 Pengotan,ChIJ4zWE20sf0i0RBv07KZ_Gn-k,Bangli Regency
SDN 2 Tembuku,ChIJqydaN9cb0i0RQ8YPJTgwbI0,Bangli Regency
SDN 5 Yangapi,ChIJb5h2cTEd0i0Rag4cj94uNEU,Bangli Regency
SDN 4 Kayubihi,ChIJlTdCkwUZ0i0RKC5kBWDOXsI,Bangli Regency
SDN 7 Jehem,ChIJ8UTDekoZ0i0R5uIyYZ8xOfA,Bangli Regency
SDN Bonyoh,ChIJsdBw0Lj10S0RbbyRlo77p5c,Bangli Regency
SDN Bayung Cerik,ChIJcclkwzP10S0RPduPLO6pC5A,Bangli Regency
SDN 1 Landih,ChIJXfG9ZDMf0i0RWM9pl1xlhmg,Bangli Regency
SDN 3 Jehem,ChIJY3ex1FUZ0i0RPIqpAuCSifk,Bangli Regency
SDN 2 Kayubihi,ChIJT_Ibotsf0i0RlH3pL5GwPFs,Bangli Regency
SDN 5 Peninjoan,ChIJJ19-l8Eb0i0RJy_V53hYU0M,Bangli Regency
SDN Abang Batudinding,ChIJxf3Xdhz20S0Rhvxo-pE_6gw,Bangli Regency
SDN 3 Kintamani,ChIJf2NcEgT10S0Rzmenu9uP5q8,Bangli Regency
SMK Negeri 3 Bangli,ChIJNWRjnhQX0i0RcU4tqcp8uoA,Bangli Regency
Kantor Perbekel Desa Pengotan,ChIJ5Ub9BC8f0i0Rkn7YSxyFb0s,Bangli Regency
Kantor Perbekel Banua,ChIJNx0H34cf0i0RAOnnMW7dtQk,Bangli Regency
Kantor Perbekel Jehem,ChIJT0sQe4gZ0i0RLjY7Tzk3R70,Bangli Regency
KANTOR PERBEKEL DESA SUSUT,ChIJjwcsJP4Y0i0RH76vfwyicxQ,Bangli Regency
Kantor Perbekel Desa Langgahan,ChIJt0o0sCaL0S0RRjWE-Fc6Cuc,Bangli Regency
Kantor Perbekel Desa Pengiangan,ChIJg93Xdu8Z0i0RcnbWdPco2jo,Bangli Regency
KANTOR PERBEKEL DESA GUNUNG BAU,ChIJexCMzpOL0S0Rq6KGVmWHHvY,Bangli Regency
Kantor Perbekel Desa Bonyoh,ChIJl5ewcHj10S0RPrysmK9bwJw,Bangli Regency
KANTOR PERBEKEL DESA SERAI,ChIJT6L0WA3z0S0RGw5vgC9Mvjc,Bangli Regency
KANTOR PERBEKEL DESA BELANTIH,ChIJR0nsG4SN0S0R2C67-FofNSI,Bangli Regency
KANTOR PERBEKEL DESA LANDIH,ChIJg-wd5eof0i0RQrGFmUB5Q5c,Bangli Regency
KANTOR PERBEKEL DESA TAMANBALI,ChIJh_qsfbQX0i0R3cXIgwx90fo,Bangli Regency
Kantor Perbekel Desa Selulung,ChIJfZER24yN0S0Rqi7YAzr9rZI,Bangli Regency
KANTOR PERBEKEL DESA PENGLUMBARAN,ChIJ2U_OX4of0i0RQDJd9zlVYdw,Bangli Regency
Kantor Perbekel Suter,ChIJsQCopO730S0Rt6Whi_85C-k,Bangli Regency
KANTOR PERBEKEL DESA BELANGA,ChIJt7xvFnWL0S0Rwvv5n1BcYB8,Bangli Regency
KANTOR PERBEKEL DESA PERSIAPAN LUMBUAN,ChIJ4TmfawAZ0i0RaxOWkxIG8qo,Bangli Regency
KANTOR PERBEKEL DESA DEMULIH,ChIJD8hF17AZ0i0RFCAOE8ofvoI,Bangli Regency
Kantor Perbekel Buahan,ChIJVQVoQP330S0R7EqbSzZoPaY,Bangli Regency
Kantor Perbekel Desa Undisan,ChIJy--PEzoa0i0RifgLXhJAnYg,Bangli Regency
Kantor Perbekel Desa Belandingan,ChIJKaHwcGLx0S0R7Vwo7YHtxj8,Bangli Regency
Kantor Perbekel Desa Pinggan,ChIJQ1wq1CDx0S0RiPt1v4dZ3z4,Bangli Regency
Balai Banjar Guliang Kangin,ChIJQxVR5R8X0i0RLc250h9tZU4,Bangli Regency
Museum Geopark Batur,ChIJ9eEG4rJgei4RXAgfDABWo2Q,Bangli Regency
Manikliyu Antiquities,ChIJ8XIgTef10S0Rvah8rqdUt8g,Bangli Regency
Tugu Pahlawa Ds. Manikliyu,ChIJi2GF1ZT10S0RNsCUnS32Szo,Bangli Regency
Bale Banjar Apuan Kelod,ChIJd3HcewAX0i0RloQCeWP0tMc,Bangli Regency
Balai Masyarakat Desa Bantang,ChIJ1-UUbgDz0S0RMTOBpj8qfEQ,Bangli Regency
SDN 3 Yehembang Kangin,ChIJnTHiH8HX0y0ROJkWiHEdR0g,Banjar
Balai Desa Banjar,ChIJ2zsfjxliby4RcO3tC-G6W-4,Banjar City
Banjar,ChIJz95gJvthby4RQOEo_PHoAQQ,Banjar City
Rumah adat Banjar Balai Bini,ChIJgbhqHAAj5C0RUaPpzngaoxg,Banjarmasin City
Cagar Budaya Ambarketawang,ChIJJToECgT4ei4RGTm4aisHWCI,Bantul Regency
Pertamina Petrol Station 44.557.13 Kretek,ChIJ7Vey-24Aey4RbFVVPmeKZ9Y,Bantul Regency
Bendungan..,ChIJCe0scI1Vei4RH-zapAqkSuE,Bantul Regency
Puskesmas Pembantu Bantul,ChIJcaw6g_9Vei4R4-SSZYiHjSg,Bantul Regency
Puskesmas Piyungan,ChIJdwkol95Qei4RhIEpRroRPbI,Bantul Regency
Puskesmas Kasihan 1,ChIJAWZ_kWH4ei4RJT7v-wvX1HI,Bantul Regency
Puskesmas Pembantu,ChIJzX8nnfLPOi4RioziOiUoYe8,Banyuasin Regency
Puskesmas Pembantu (PUSTU) Ds. Paldas,ChIJRU8ZajD5Oi4RXQ24AOQGHLo,Banyuasin Regency
Kantor Pemerintahan Desa Datar,ChIJu4MQq9RfZS4RENXoY9o6djE,Banyumas Regency
Puskesmas Pembantu,ChIJp9wUsyxPZS4REheUTitsw34,Banyumas Regency
Kantor Kepala Desa Ketapang,ChIJS8BAXiNE0S0RPOwf2DNRoyU,Banyuwangi Regency
Kantor Kepala Desa Kampung Anyar,ChIJD7CLSeJO0S0RSOLjiAJBYMU,Banyuwangi Regency
Kantor Kepala Desa Kelir,ChIJZ0Q2w2FP0S0R15U4xMir0yY,Banyuwangi Regency
Kantor Kepala Desa Jambesari,ChIJ9Y6AZI5P0S0R60NyVIYOlMo,Banyuwangi Regency
Kantor Kepala Desa Kaotan,ChIJ4021ihdX0S0R9uSwqehtXAk,Banyuwangi Regency
Kantor Kepala Desa Sukonatar,ChIJJxTfWyhW0S0RVOaEEzvvywM,Banyuwangi Regency
Kantor Kepala Desa Alasbuluh,ChIJBYSPfSI50S0R7pWSiEakBcY,Banyuwangi Regency
Kantor Kepala Desa Segobang,ChIJu8fMmmtO0S0Rn2ZX3ithmME,Banyuwangi Regency
Kantor Kelurahan Pengatigan,ChIJ78LEXS5R0S0RJNjs-YWi8hs,Banyuwangi Regency
Kantor Kepala Desa Sidodadi,ChIJOZWpOLo70S0R3oiJa9P9GL0,Banyuwangi Regency
Kantor Kepala Desa Watukebo,ChIJ2aDIXlZX0S0REo7oJOymOY8,Banyuwangi Regency
KANTOR KEPALA DESA SINGOLATREN,ChIJ47dt40ZR0S0R0QPxGcuKwS4,Banyuwangi Regency
Kantor Kepala Desa Alasmalang,ChIJxYoraLBW0S0RZpQzjlRYLpw,Banyuwangi Regency
Kantor Desa Oleh Sari,ChIJh1bWLOVP0S0Rr-EZuZolFB4,Banyuwangi Regency
Kantor Desa Badean,ChIJVaGKGf9Z0S0REg-brYvttBc,Banyuwangi Regency
Kantor Kelurahan Kalipuro,ChIJK-N61IVF0S0Rqf8ygVF5jZ0,Banyuwangi Regency
Kantor Lurah Bakungan,ChIJm734A05F0S0RuneWdqcoQXs,Banyuwangi Regency
Kantor Desa Grogol,ChIJWxPGgH5F0S0RtmgLwzhVh1E,Banyuwangi Regency
Kades Sumberarum,ChIJ1TUMa0ZN0S0R3V-3Bu1aeYQ,Banyuwangi Regency
Kantor Desa Macan Putih,ChIJsQ0cjFVQ0S0R_YWpDK4kuew,Banyuwangi Regency
Balai Desa Pesucen,ChIJb7NVtW5P0S0RCR3dg8YQ79E,Banyuwangi Regency
Kantor Desa Rogojampi,ChIJVaVUcCxX0S0RD5EbwUWmXWg,Banyuwangi Regency
Balai Desa Sukojati Blimbingsari,ChIJH7yRqhRa0S0ROoy77G8XW0E,Banyuwangi Regency
Kantor Desa Wonosobo,ChIJ3f2MjTRW0S0R1sqn_nDwlp4,Banyuwangi Regency
Kantor Desa Padang,ChIJV8d3XF5R0S0RNCyUxlpR5z0,Banyuwangi Regency
District Revenue Agency,ChIJ3dH1yElF0S0RoHMD21Hmg6s,Banyuwangi Regency
SD Negeri 1 Bulusan,ChIJZX7NyDlE0S0RaNUL8ZAMkEU,Banyuwangi Regency
SD Negeri 04,ChIJ78D1fSRE0S0RYQdvz6k1wHU,Banyuwangi Regency
SD Negeri 2 Ketapang,ChIJARUKzSRE0S0RBtceQe0j47g,Banyuwangi Regency
SD Negeri 2 Bulusan,ChIJ1ekweTZE0S0R2I9hJ6k27D8,Banyuwangi Regency
SD Negeri Kampung Melayu 1,ChIJdTzu5yVF0S0Rf2Ontqbgtao,Banyuwangi Regency
SD Negeri 1 Ketapang,ChIJj5_6kZ1G0S0R-M4LKWYvfN8,Banyuwangi Regency
SD Negeri Klatak,ChIJMUCO4AFF0S0R6Yg4vWji3UY,Banyuwangi Regency
SD Negeri 4 Ketapang,ChIJG7P3M4RG0S0RrDM4T67NeOE,Banyuwangi Regency
SD Negeri Temenggungan,ChIJebBy6CVF0S0RZdD-XZJn8rk,Banyuwangi Regency
SD Negeri 1 Tukangkayu,ChIJiYG4TClF0S0R_cwmQBnaHIE,Banyuwangi Regency
SDN 3 Karangrejo,ChIJiWqCgipb0S0RpLr86paxKlk,Banyuwangi Regency
SD Negeri 1 Karangrejo,ChIJy5v2pyhF0S0R_TuapGGvHIg,Banyuwangi Regency
SDN Kampung Mandar,ChIJZQOT89Za0S0RiwKUyl3kWB4,Banyuwangi Regency
SD Negeri 7 Ketapang,ChIJ_xoBK-pG0S0R4odr5YDL3YY,Banyuwangi Regency
SD Negeri Kepatihan Banyuwangi,ChIJSRZylyhF0S0Rr3wBoq-abG4,Banyuwangi Regency
SD Negeri 1 Panderejo,ChIJwyM23C5F0S0RtAtMxn-PBJo,Banyuwangi Regency
Sekolah Dasar Negeri 1 Kedungringin,ChIJeZ-CmiVF0S0ROX4_RC3th6U,Banyuwangi Regency
Sd Negeri 2 Karangrejo,ChIJlcIp9ipF0S0RXmk2DyTKwT0,Banyuwangi Regency
SDN 4 Karang Rejo,ChIJifBQ-NNa0S0Rh37DDTt4PZQ,Banyuwangi Regency
Sekolah Dasar Negeri Sepanjang 2,ChIJeZ-CmiVF0S0RQbwTUSCb7ho,Banyuwangi Regency
SD Negeri 02 Lateng,ChIJ8yvHMBlF0S0Rm9nFnN5Ji34,Banyuwangi Regency
SD Negeri 2 Tukang Kayu,ChIJv4Li8dJa0S0ROR0ar-GrcqU,Banyuwangi Regency
Sdn 1 Kertosari,ChIJKY9l4dNa0S0RXrNEIJa92Cc,Banyuwangi Regency
SD Negeri 1 Kalipuro,ChIJ2aOe5b1F0S0RZQPmgMn_VzA,Banyuwangi Regency
SD NEGERI MODEL BANYUWANGI,ChIJ0czEhEdb0S0RMhRBQbs0msU,Banyuwangi Regency
MI Syamsul Huda Bulusan,ChIJ88UHjFxF0S0RYZ-9E-ycNeo,Banyuwangi Regency
SDN PENGANTIGAN,ChIJX8lg2jxF0S0R4dy9W28cDqU,Banyuwangi Regency
SDN 2 Singotrunan,ChIJKRUsAxlF0S0RQ-nIz5a1acw,Banyuwangi Regency
SDN 1 Karangrejo Banyuwangi,ChIJaxRfLNxF0S0R84Q6djuKVfg,Banyuwangi Regency
SD Negeri 01 Singonegaran,ChIJKQatzT5F0S0Rrdd6Mu9HVik,Banyuwangi Regency
SD Negeri 4 Penganjuran,ChIJGaunkDJF0S0RwNXpT8EAymo,Banyuwangi Regency
SD NEGERI 1 SINGOTRUNAN,ChIJEXsn0SJF0S0R8vwqGSFXUFU,Banyuwangi Regency
SD Katholik Santa Maria,ChIJEdU5gDZF0S0R_plX1IR7Ojk,Banyuwangi Regency
Kebalenan Elementary School,ChIJoTyxF8ha0S0RW8gBsf9qKJY,Banyuwangi Regency
Sekolah Dasar Negeri Muhammadiyah 5,ChIJeZ-CmiVF0S0R75ahlT--WJ8,Banyuwangi Regency
SD Negeri Tamanbaru,ChIJM8yyO_5b0S0RprmtavuBgZw,Banyuwangi Regency
SD. Al-Irsyad Banyuwangi,ChIJCyNrDSJF0S0RxgmXden6AUQ,Banyuwangi Regency
SD Negeri Unggulan,ChIJ0d-_JRNF0S0RhNhT75w4ArU,Banyuwangi Regency
SDN 4 Singotrunan,ChIJp7C-FRpF0S0Rk81AY8hWM1o,Banyuwangi Regency
SD Negeri 2 Kalipuro,ChIJn8OZkbtF0S0RrPZc-RJ-xAg,Banyuwangi Regency
SD Negeri 1 Penganjuran,ChIJZwYK2jNF0S0Rdb_RrtGpDX8,Banyuwangi Regency
SDN 2 Kertosari,ChIJyXfkXtZa0S0RVC5pGHuV2Og,Banyuwangi Regency
SD Negeri 2 Pakis,ChIJ4cbpwvFa0S0RNrFC7IrhPq8,Banyuwangi Regency
SDN Lateng,ChIJs_KIuCNF0S0RPPQ7Ro0e99A,Banyuwangi Regency
SDI AL KHAIRIYAH,ChIJ15qQMyVF0S0RH9lpe5KX2Rk,Banyuwangi Regency
SDN 5 Lateng,ChIJSe_2KnhF0S0RH02oQlYf2gQ,Banyuwangi Regency
SDN 5 KETAPANG,ChIJA2j8_FJH0S0RDzoHB56qSFc,Banyuwangi Regency
SD Negeri Sumberrejo,ChIJe44pAL5a0S0RubZY05wm_KI,Banyuwangi Regency
SD Negeri 1 Kalirejo,ChIJW1OF8ZNa0S0RmvtbhB1xqX0,Banyuwangi Regency
SDN 6 KETAPANG,ChIJ1ZfHSuVF0S0R8r4gBtL5wl0,Banyuwangi Regency
SD Negeri 01 Giri,ChIJE1rKRhNF0S0RoAlwQY4muxE,Banyuwangi Regency
SD Negeri 07 Penganjuran,ChIJgTNcob9a0S0RV2-_jqUwKFU,Banyuwangi Regency
SD Negeri 3 Mojopanggung,ChIJ5aL140pF0S0RI45wUsh6uGc,Banyuwangi Regency
SD Muhammadiyah 02,ChIJyaXErRpF0S0RZszgyPnAiQ0,Banyuwangi Regency
SD Negeri 1 Mojopanggung,ChIJM4AnS09F0S0R6Ndk8MnQxEY,Banyuwangi Regency
Sd Negeri Glagah,ChIJe-0zhlFF0S0RrshdvojASAA,Banyuwangi Regency
SD Negeri 1 Pakis,ChIJy7b8B79a0S0R0BBpaGCayKY,Banyuwangi Regency
SD Negeri Pondoknongko,ChIJZ9Tl0WBa0S0RYAURZvGiU_Q,Banyuwangi Regency
SDN 3 Kalipuro,ChIJE9ILU95H0S0RLGHNgmyfPfc,Banyuwangi Regency
Kabupaten bayuwangi,ChIJMyBsg0Rb0S0Rgq8-NYoSAww,Banyuwangi Regency
SD Negeri Sobo,ChIJocEyksBa0S0R4QCpk9fQWjk,Banyuwangi Regency
SD Luar Biasa Negeri B,ChIJ7yvstUVF0S0RfR_i9IIA27U,Banyuwangi Regency
SD Negeri 1 Dadapan,ChIJm80ln4Ra0S0RCU9SJiqNPzc,Banyuwangi Regency
SDN 3 SINGOTRUNAN,ChIJJUikbehF0S0RGb_ZOTvUzIk,Banyuwangi Regency
SD Negeri Bakungan,ChIJz5YTWShQ0S0RZXt35b9vDPk,Banyuwangi Regency
SDN 2 Penganjuran,ChIJKa8MpDNF0S0R0izvyL1ovAM,Banyuwangi Regency
SD DARUL ILMI (Kelas 6),ChIJH8w1egtb0S0RFg9zrZSpFrY,Banyuwangi Regency
SD Negeri 2 Kalirejo,ChIJK8R0d5Ra0S0RHj22e0ollFQ,Banyuwangi Regency
SD Negeri 1 Boyolangu,ChIJfZkmoUNF0S0RAHC3x61wow4,Banyuwangi Regency
Madrasah Ibtidaiyah Islamiyah Sumber Beras Banyuwangi,ChIJeZ-CmiVF0S0RRT6vx2butL4,Banyuwangi Regency
Madrasah Ibtidaiyah Darul Huda 01,ChIJeZ-CmiVF0S0RRxoao0aCFGM,Banyuwangi Regency
Farid Film,ChIJsepKB89a0S0RkvNONICW898,Banyuwangi Regency
MI Roudlotut Tholibin,ChIJ0bDI5P9E0S0Ru0AegdRTO2M,Banyuwangi Regency
SD NEGERI 1 BANJARSARI,ChIJ11ZvE6lP0S0R__YAC4Xm3Kg,Banyuwangi Regency
SD Negeri 02 Mojopanggung,ChIJ4xdjrqpa0S0RqVpLi9WArVs,Banyuwangi Regency
SD Negeri 2 Banjarsari,ChIJWwNds1dF0S0RfgnQWlAG3R8,Banyuwangi Regency
SD Negeri 3 Boyolangu,ChIJWR4Lt19F0S0RZK4N5S1u3T0,Banyuwangi Regency
SD Negeri 1 Kelir,ChIJBTVL3GFP0S0RtZAg18iq6Jo,Banyuwangi Regency
SD Negeri 2 Bangsring,ChIJD5JBTlJH0S0R-YDnR2R7w_4,Banyuwangi Regency
SD Islam Terpadu Al Qomar,ChIJq_-NTFVF0S0RwEGOyMfvUy8,Banyuwangi Regency
SMP UNGGULAN BALDATUSSHIDDIQ PUTRI,ChIJZxGmfS9F0S0RhSGblxtUKJA,Banyuwangi Regency
SDIT AL USWAH 1,ChIJ68_qrgVF0S0R7pxFKFbXebg,Banyuwangi Regency
SD Islam Terpadu Al Uswah 2,ChIJrbmIVq9a0S0Re-mawysm8zM,Banyuwangi Regency
Madrasah Ibtidaiyah NU Sabilul Muta`allimin,ChIJk5zNhzJF0S0RNGHbUWQkLoI,Banyuwangi Regency
SD Negeri 1 Bangsring,ChIJ7yqceFpH0S0RI9049eOpaDY,Banyuwangi Regency
SD Negeri 1 Pesucen,ChIJL4qakGpP0S0RzrLVQQSCmCw,Banyuwangi Regency
SD Lazuardi Banyuwangi,ChIJqyzSKs1a0S0RLW-vWhBsiqE,Banyuwangi Regency
SD Negeri 1 Kedayunan,ChIJVVVVVXxQ0S0RHEWjF9h1yBM,Banyuwangi Regency
Sd Muhammadiyah 2,ChIJJ6akkZRa0S0RJX9BXDc9L00,Banyuwangi Regency
SDN 2 Giri,ChIJP1ECa2tF0S0RrQdVX5w88Zg,Banyuwangi Regency
SDN 1 Badean Banyuwangi,ChIJj-eBohta0S0Raxn4xYSWlng,Banyuwangi Regency
SD Negeri 1 Bengkak,ChIJYbcLHbE40S0Rm-JSPg20TZk,Banyuwangi Regency
SD Negeri 3 Bangsring,ChIJw9MLO_E50S0R0eI3OaqM5S4,Banyuwangi Regency
SD Negeri 3 Pendarungan,ChIJjRz_l4FR0S0RsZhAv7k7414,Banyuwangi Regency
SD Negeri 1 Kemiren,ChIJtaG_IpNP0S0R4F4vrnt6T3E,Banyuwangi Regency
Sekolah Dasar Negeri 01 Wonosobo,ChIJU1RjgBNX0S0RupVVvD_2kxU,Banyuwangi Regency
SD Negeri Kenjo,ChIJHclDyMhP0S0RxyUsLe5yUDo,Banyuwangi Regency
SD Negeri 2 Paspan,ChIJeVXa6yFQ0S0RxYroNCgctpY,Banyuwangi Regency
SD Negeri 1 Macanputih,ChIJteGjaHpR0S0R1rIqBQTB6w0,Banyuwangi Regency
SD Negeri 1 Paspan,ChIJUS-a49hP0S0RdIqcHMBBgmo,Banyuwangi Regency
SD NEGERI 2 WATUKEBO,ChIJg_YoM9JZ0S0RV6kkBh7K7cE,Banyuwangi Regency
SD Negeri 1 Labanasem,ChIJm8nc6cNQ0S0R-Nni7pZYK_8,Banyuwangi Regency
SD Negeri 02 Banjarsari,ChIJZc-jzhlQ0S0RS_8cbICZwwA,Banyuwangi Regency
MI Roudlotul Ulum Banyuwangi,ChIJYfxahgVF0S0R3WkhzfHnZEc,Banyuwangi Regency
SD Negeri 1 Tamansuruh,ChIJiYjEQKVP0S0RHRI5Imq_v6Y,Banyuwangi Regency
SD Negeri 3 Tamansuruh,ChIJEVpRBKhP0S0RNzLoJo8A7wA,Banyuwangi Regency
Sekolah Dasar Negeri 01 Temu Guru,ChIJU1RjgBNX0S0Rt0OzGHIucFM,Banyuwangi Regency
SD Negeri 3 Watukebo,ChIJNUoIn99Z0S0RH_UtPYK9mfs,Banyuwangi Regency
Sekolah Dasar Negeri 34 Batangan Wonorejo,ChIJKd2JXBY50S0RgCX2io3C1Wo,Banyuwangi Regency
SD NEGERI 1 ALASBULUH,ChIJY79JfRg50S0R_FyK5fZYqp8,Banyuwangi Regency
Sd Negeri 1 Lemahbangdewo,ChIJP9R6-SlX0S0RAKvaYRDtT0k,Banyuwangi Regency
secawan,ChIJGyjBbQBb0S0R7meeOsB36LM,Banyuwangi Regency
Sekolah Dasar Negeri 01 Gintangan,ChIJu7iBcxRX0S0RKiJnlXxWbOA,Banyuwangi Regency
Sekolah Dasar Negeri 01 Gitik,ChIJ142CXxNX0S0RUy99ZbJ1WMI,Banyuwangi Regency
SD Negeri 4 Watukebo,ChIJ-2rK4X1X0S0RTo6JxyhEy-U,Banyuwangi Regency
Sekolah Dasar Negeri 01 Lemahbangdewo,ChIJE7CgsRZX0S0RhBnmGpX18UY,Banyuwangi Regency
SD Negeri 3 Benelan Kidul,ChIJ9UseotBW0S0R006eKt--bBc,Banyuwangi Regency
SD Negeri 1 Gintangan,ChIJqbYesw1X0S0RUvlXXPSojfA,Banyuwangi Regency
Sekolah Dasar Negeri 01 Bajulmati,ChIJKd2JXBY50S0RqzY0JLTCx5w,Banyuwangi Regency
Sekolah Dasar Negeri 01 Songgon,ChIJU1RjgBNX0S0RjJZ9QZAu26o,Banyuwangi Regency
Sekolah Dasar Negeri 01 Bedewang,ChIJU9Q_rhZX0S0Raek-I4t-_fo,Banyuwangi Regency
Sekolah Dasar Negeri 01 Watukebo,ChIJU1RjgBNX0S0RX2t8NWK20rw,Banyuwangi Regency
SD Negeri 1 Kampunganyar,ChIJD4rx8N1O0S0RrfVABVg2oAk,Banyuwangi Regency
SD Negeri 2 Kampunganyar,ChIJx6PLFgJP0S0RwAEHGUtwUXU,Banyuwangi Regency
Sekolah Dasar Negeri 01 Kedaleman,ChIJZZ0xzhZX0S0REMx6EgKS_Z0,Banyuwangi Regency
SD NEGERI 1 WATUKEBO,ChIJfVyrUUZX0S0ROdAIxC67euQ,Banyuwangi Regency
SD Negeri 2 Wonosobo,ChIJm-1P-kRW0S0RQ6O0dtEMrKc,Banyuwangi Regency
Madrasah Ibtidaiyah Darussalam 1,ChIJ3dMfSWFF0S0RaZHeRAasTuI,Banyuwangi Regency
SD Negeri 1 wonosobo,ChIJp_n5VLVX0S0Rvvv-VueiSwA,Banyuwangi Regency
SD Negeri 1 Kaligung,ChIJpbJk_plX0S0RUEBPSqAbacM,Banyuwangi Regency
MIN 1 Banyuwangi,ChIJzcdI08Va0S0RVtlV84lmjTo,Banyuwangi Regency
SD Negeri 1 Bangunsari,ChIJp8LX2U9R0S0RlE8Ns_ptz2M,Banyuwangi Regency
SD NEGERI 3 WONGSOREJO,ChIJqfH3wC850S0R25vWzOKNkjg,Banyuwangi Regency
SD Negeri 2 Kedaleman,ChIJQ2QvNthW0S0RcBqqQGG_4Kk,Banyuwangi Regency
SD NEGERI 5 ALASBULUH,ChIJ6_YRI9g40S0RRucxTuxcr6c,Banyuwangi Regency
SD Negeri 2 Benelan Kidul,ChIJ6-FZIsBW0S0RBneG-kr-rSU,Banyuwangi Regency
Sekolah Dasar Negeri 04,ChIJIxedfxRX0S0RYXmdhIJVsJs,Banyuwangi Regency
Sekolah Dasar Negeri 03 Padang Singojuruh,ChIJqfRogBRX0S0RaG4HJEOLnIk,Banyuwangi Regency
Sekolah Dasar Negeri 05 Wonorejo,ChIJKd2JXBY50S0RvdgLzvcfFBY,Banyuwangi Regency
SD Negeri 2 Bubuk,ChIJJeVZxuNW0S0RfWkhVV1ddjM,Banyuwangi Regency
Sekolah Dasar Negeri 03 Blimbingsari,ChIJU1RjgBNX0S0R1_SVbX6ueVg,Banyuwangi Regency
Sekolah Dasar Negeri 02 Gitik,ChIJU1RjgBNX0S0RvRXunf8pGeo,Banyuwangi Regency
Sekolah Dasar Negeri 02 Gintangan,ChIJU1RjgBNX0S0RasTC_tedAUE,Banyuwangi Regency
Sekolah Dasar Negeri 02 Blimbingsari,ChIJU1RjgBNX0S0R4Cyxgfs8qJg,Banyuwangi Regency
SD Negeri 5 Kaligung,ChIJuz--nr5X0S0RP_lQuuLwYKY,Banyuwangi Regency
SD Negeri 2 Rogojampi,ChIJJ6W4cCxX0S0RaKX0X4BtK0E,Banyuwangi Regency
Banjar Village Hall,ChIJf1YiJEdO0S0RVWsGnAsy4l4,Banyuwangi Regency
Puskesmas Pembantu (PUSTU),ChIJo-yxuOOs1i0RjvY4AemE1tQ,Banyuwangi Regency
SDN 3 Lateng,ChIJK0dLaB5F0S0RlnYPsH0GK8k,Banyuwangi Regency
Alumni model,ChIJJwgSjDdb0S0RNqfCr3KHwUM,Banyuwangi Regency
SDN 2 Curahkalak,ChIJq1HMhTJF0S0RqtayGUFHmA8,Banyuwangi Regency
SDN 2 Dadapan,ChIJV-Q19YVa0S0RcUKu1FM02MI,Banyuwangi Regency
SDN 2 Kelir pekarangan,ChIJ2wu-VINF0S0RQ7VudySRjnU,Banyuwangi Regency
SDN PENATABAN,ChIJEWbJ6JpF0S0RKQdYsPkjlfc,Banyuwangi Regency
Sdn Glagah,ChIJlQ02--ZP0S0RUgJCk0FXSnw,Banyuwangi Regency
SDN 1 Grogol,ChIJHyk6ZwJF0S0RBawju8A4iAw,Banyuwangi Regency
SDN 2 BOYOLANGU,ChIJFfpAIsBF0S0R_5yqPHKZlY4,Banyuwangi Regency
SDN 1 Rejosari Glagah Banyuwangi,ChIJGWrihQBQ0S0R9B1ZBmfI46M,Banyuwangi Regency
SDN lsiam Al khairiya,ChIJ1_3aJQBF0S0RKdGU-3Xy78U,Banyuwangi Regency
SDN 3 Dadapan,ChIJwY2dAoNa0S0R3c0m_qBh0Mg,Banyuwangi Regency
SDN 1 PENDARUNGAN (Desa Pendarungan),ChIJP2HxladR0S0RY4Tffk0ewcE,Banyuwangi Regency
SDN 3 Grogol,ChIJd8W84HpF0S0RpK5rjOi-AXU,Banyuwangi Regency
SDN 1 Patoman,ChIJBVFBnehZ0S0RiJwQD5i1lgc,Banyuwangi Regency
SDN 1 Jambesari,ChIJWyloCZBP0S0RFD0gkyOpMnI,Banyuwangi Regency
SDN Jambesari 3,ChIJBUUtK4hP0S0RGWnYKUAQwnI,Banyuwangi Regency
SDN 2 Rejosari,ChIJa4KWpQhQ0S0R7sMdlaTws4M,Banyuwangi Regency
SDN 2 Jambesari,ChIJt38to6JP0S0RzjtHt4NStK4,Banyuwangi Regency
SDN 2 BLIMBINGSARI,ChIJoUpZ0e1Z0S0RByzvNajZwUI,Banyuwangi Regency
SDN 3 BADEAN,ChIJJRx73EFZ0S0RUZLTxG-jiM4,Banyuwangi Regency
SDN 3 TELEMUNG,ChIJ-RHaOJ9P0S0RbSaOEI4zOQs,Banyuwangi Regency
SDN 2 Telemung,ChIJn61ILi1P0S0Rb8gP91s_YbY,Banyuwangi Regency
SDN 3 Ketapang,ChIJM7MV7sNH0S0Rty38dytO5Pg,Banyuwangi Regency
SDN 3 BENGKAK,ChIJLUuIzfU50S0RpsqkC_IK57E,Banyuwangi Regency
SDN 2 Kedayunan,ChIJgYpGJGFQ0S0RlVC6YSilLsM,Banyuwangi Regency
SDN 1 Bulusari,ChIJRWvxApJJ0S0Rq0X6vgc6Jy0,Banyuwangi Regency
SDN 2 SUKOJATI,ChIJr2sNCxNa0S0RS6AEmICmcIo,Banyuwangi Regency
SDN 1 Kabat,ChIJZRSZQJFQ0S0RFgjcnHJyW2g,Banyuwangi Regency
SDN 2 Pesucen,ChIJy9mF8_NP0S0RynEhcFPJV0M,Banyuwangi Regency
SDN 3 GOMBENGSARI,ChIJASBRdllJ0S0R8xQpaNO1mb8,Banyuwangi Regency
SDN 2 Gombengsari,ChIJOe7Z8PhJ0S0RyVncXxdGW5o,Banyuwangi Regency
SDN 1 Gumuk,ChIJE_6LJSpO0S0RSWIk0H70bs8,Banyuwangi Regency
SDN 2 Pakistaji,ChIJQyJ9pZ9Q0S0R8pst1giYGMs,Banyuwangi Regency
SDN 1 BANJAR,ChIJmzzmeUdO0S0RDklJeNR-omc,Banyuwangi Regency
SDN 2 BENGKAK,ChIJiS5j5QA50S0RiSlg7SqVyYQ,Banyuwangi Regency
SDN 4 Gombengsari,ChIJMcwvpvVJ0S0RKOqBzTvV3Yg,Banyuwangi Regency
SDN 1 JELUN,ChIJv9IrCTRO0S0RU1ErPow2hbE,Banyuwangi Regency
SDN 3 Blimbingsari,ChIJazSkzipX0S0RDOLXn99CAsY,Banyuwangi Regency
SDN 1 Gombolirang,ChIJtRQfI-NQ0S0RQQ0lTlVoUHo,Banyuwangi Regency
SDN 3 Karangbendo,ChIJiR3qWLFQ0S0RSavoMjMy4qA,Banyuwangi Regency
SDN 2 Patoman,ChIJR_tUrMVZ0S0RGYyR068g54o,Banyuwangi Regency
SD Negeri 1 Sukojati,ChIJVaWpnmta0S0RgsseAW3fvk8,Banyuwangi Regency
SDN 3 Pakistaji,ChIJIWfPSqBQ0S0RGZLK7_s04M0,Banyuwangi Regency
SDN 5 Gombengsari,ChIJrz4ZH7JI0S0RYi4hHGu0vHA,Banyuwangi Regency
SDN 6 Macanputih,ChIJF7G3Z6FR0S0Ra0cXfYeeFTc,Banyuwangi Regency
SDN 1 SINGOLATREN,ChIJZWZ_X0dR0S0Rk9Io9FipV48,Banyuwangi Regency
SDN 1 Kaotan,ChIJ4ae1ViNX0S0R2L2lOmGcfpU,Banyuwangi Regency
SDN 2 GINTANGAN,ChIJr17wsQ1X0S0R5wWv3ANQjgk,Banyuwangi Regency
SDN 6 Alas Buluh,ChIJdUJP7ck50S0RCcZMOnUu9Ls,Banyuwangi Regency
SDN 1 KARANGREJO,ChIJi7a4gQFX0S0Rfs7erBRhLwo,Banyuwangi Regency
SDN Tambong,ChIJY-Ht96pR0S0RVVIUN6JG2L4,Banyuwangi Regency
SDN 4 Segobang,ChIJrVjLncxR0S0RHf72HtHogsY,Banyuwangi Regency
SDN 3 Macan Putih,ChIJz85TLVNQ0S0RQtTmdueuAdA,Banyuwangi Regency
SDN 1 licin,ChIJ2TIoPZVP0S0RN-Hnlxts3_c,Banyuwangi Regency
SDN KALIGUNG 2,ChIJ_Y-IupVX0S0RB6OrxlTalrk,Banyuwangi Regency
SDN 1 Gitik,ChIJhUeQL9JQ0S0Rc86dm6SpBB0,Banyuwangi Regency
SDN 4 Rogojampi,ChIJmW3q82NR0S0R6UxPhjGHQb8,Banyuwangi Regency
SDN 2 Wongsorejo,ChIJp4tm6YU50S0R1L-AGSCgQug,Banyuwangi Regency
SDN 1 Pengatigan,ChIJZ2_-6itR0S0RNk7axCbAtkA,Banyuwangi Regency
SDN 1 Benelan Kidul,ChIJBdLQ3slW0S0R1r26ZPa5AmQ,Banyuwangi Regency
SDN 1 Sumber Kencono,ChIJgaLf0eg70S0R5SH3gQOiQZk,Banyuwangi Regency
SDN 1 Kedaleman,ChIJHRe2dShX0S0RR2sYfIJ7WCU,Banyuwangi Regency
SDN 7 Macanputih,ChIJ4bf82rZR0S0RmZJxYHZH9X0,Banyuwangi Regency
SDN 3 Gombolirang,ChIJwQNa9RlR0S0RNCnJchirRBI,Banyuwangi Regency
SDN 3 KLUNCING,ChIJXcjF3ClM0S0RlOIf4C33lhg,Banyuwangi Regency
SDN BUBUK 1,ChIJSWp-5ulW0S0R4ovBAMAm9OQ,Banyuwangi Regency
SDN 2 Sumber Kencono,ChIJ5ZjyZOs70S0REcWnNdUJHro,Banyuwangi Regency
Sdn 4 rogojampi,ChIJU1RjgBNX0S0R92HJAjmZiCM,Banyuwangi Regency
SDN 2 GITIK,ChIJdYobuNNQ0S0RWVwXB3wd86c,Banyuwangi Regency
SDN 1 ROGOJAMPI,ChIJS3EkWNJQ0S0RjD7_CMejI88,Banyuwangi Regency
SDN 1 SIDOWANGI,ChIJ77rhuUk60S0RGlb_06bkSeQ,Banyuwangi Regency
SDN 2 Lemahbangdewo,ChIJfbhy8ylX0S0RapgDdy5_Ci8,Banyuwangi Regency
SDN 4 Wongsorejo,ChIJzzv6mPE50S0RsF1dKGpNGKQ,Banyuwangi Regency
SDN 2 LABANASEM,ChIJG-WEfCZR0S0R9PDBR2q4R18,Banyuwangi Regency
SDN 1 Mangir,ChIJdRM4MABX0S0Ruq9xhR5Hvuw,Banyuwangi Regency
SD Negeri 1 Alas Malang,ChIJhX24Q7BW0S0RIweyB5evk1A,Banyuwangi Regency
Bendungan Sei Gong,ChIJ1Rv9UQ-p2TER9YcU-zDa9do,Batam City
Puskesmas pembantu watesalit,ChIJiXk-6-wlcC4RatWvKS3a1NI,Batang Regency
Bangunan bersejarah,ChIJP87IIAAXcC4Rm0ATXvusOSg,Batang Regency
Crossroads Cafe,ChIJf_1kFgBX0DERZWysONxRhhU,Batu Pahat
Crossroads,ChIJO92pNNvJd0gRoTsG2BPn2Ks,Bedford
SMP Negeri 14 Bekasi,ChIJgccoxYmMaS4RS8DPd8SX4-c,Bekasi
SMPN 1 Bekasi,ChIJbX9rbB-MaS4RXvJ4OqAXfQQ,Bekasi
SMPN 17 Bekasi,ChIJc5vryTqNaS4RrvMYLnm3fm4,Bekasi
State Junior High School 18 Bekasi,ChIJ3TX51aGOaS4RiO_uBUQ1kEA,Bekasi
Kranggan Pusat Cagar Budaya,ChIJRymLtoaTaS4RnVEhWVDfd-Q,Bekasi
State Elementary School Jatibening IV & V,ChIJB-ZzJxCNaS4RYiERv2oys9Q,Bekasi
State Elementary School Jatibening Baru IV,ChIJAb39FBmNaS4RbIMZSEwKSkQ,Bekasi
Bekasi Mayor's Office,ChIJ9VltLiOMaS4RlcmT0yqHsgk,Bekasi
Pemerintah Kota Bekasi,ChIJzXFcgYmMaS4R0rJZ4hhYzBo,Bekasi
Sekretariat Daerah Kota Bekasi,ChIJCTfrOGONaS4RKGRk9Fk2oMk,Bekasi
Cagar budaya,ChIJoVf9awCJaS4RnFfKmriEs-4,Bekasi Regency
pemerintahan,ChIJB_3YcW6baS4RqiVuiVMkNFI,Bekasi Regency
Bendungan Rotiklot,ChIJJdJ1Iz6V_ywRB3ZxGPfqGug,Belu Regency
Puskesmas Pembantu (Pustu) Dara,ChIJ50opSaGJtS0RsMA2As1FJ3c,Bima Regency
Crossroads,ChIJmT3lKKEacEgRsnfxD8ifrTQ,Bishops Castle
Public Health Centre,ChIJUd04pctVhjIRIOGgpkdFZtk,Bitung City
Perempatan kandangan,ChIJd8jZw7XveC4RWiAtoV7usPs,Blitar Regency
Perempatan Lodoyo Binangun,ChIJjY09E63reC4RyEafRukAgNM,Blitar Regency
Bendungan Randugunting Japah Blora,ChIJT2j_Bpo3dy4Ryf7cnAJp8Jc,Blora Regency
Bendungan,ChIJMWPAiVy8eTIREQjDvGhcD3c,Boalemo Regency
KANTOR KEPALA DESA GUNUNGSINDUR,ChIJZeLlmyrkaS4RfOl2y9e-Bh8,Bogor Regency
Kantor Kepala Desa Pedurenan,ChIJu4wXxgjmaS4RtN5ytL2x80Q,Bogor Regency
Bendungan,ChIJD2WGSP7IaS4RzjsyVufS5D0,Bogor Regency
Bendungan,ChIJZbXk9te8aS4RzvdRwfSNYFE,Bogor Regency
Puskesmas Pembantu,ChIJjXNRJZnFaS4RdXUw8QuEmiI,Bogor Regency
Bendungan Toraut,ChIJU4PYC2dRfjIRDX6nLBK-jJQ,Bolaang Mongondow Regency
Pustu Bangomolunow,ChIJ_xYFEjltfjIRF4XvcklnIpg,Bolaang Mongondow Regency
Cagar budaya bunker,ChIJwYLCDQDVoi0Rw0spna5toPs,Bombana Regency
Puskesmas Pembantu (Pustu),ChIJfyBeDtDd1i0RZf_1yLF_FzY,Bondowoso Regency
Bendungan Bulango Ulu,ChIJIblbJ87NfjIRcNNPaXiih5E,Bone Bolango Regency
Puskesmas Pembantu,ChIJrSf5KbQ7fzIRjaUovz6TM0A,Bone Bolango Regency
Puskesmas Sibulue,ChIJW-9SqaTCvS0Rd2RWR6S-ybk,Bone Regency
Puskesmas Pembantu,ChIJbwXNXPEDli0RTa34tIvq0pU,Bone Regency
Perempatan tlogolele,ChIJXcHJDmVjei4RHw9jOlCDjXE,Boyolali Regency
Cagar Budaya,ChIJN-laKVO7by4RXkrnb75DM_0,Brebes Regency
Puskesmas Pembantu (Pustu),ChIJzxyQEwCJby4RA1eTY4qpDwY,Brebes Regency
Crossroads,ChIJaxhzm4R6ckgRYw6tZ3faLeM,Bridport
Crossroads,ChIJiW8aEHbzcUgRiZx0kCB2doQ,Bristol
Bangunan Cagarbudaya,ChIJ7d8GF5841S8Rr2g6ygTbAXk,Bukittinggi City
SMP Negeri 4 Gerokgak,ChIJnwBketpv0S0R1H5RPWArFVY,Buleleng Regency
SMP Negeri 1 Gerokgak,ChIJkaxd6ZBw0S0RHqhV02aN0-0,Buleleng Regency
SMP Negeri Satu Atap 1 Gerokgak,ChIJzdQ7pt9D0S0RANpePeS2MhE,Buleleng Regency
SMP Mihtajul Ulum,ChIJx6Kr96pw0S0RGfA2e-Mj99A,Buleleng Regency
SMP Negeri 3 Gerokgak,ChIJk92LOgB50S0RXbHBjApIPKM,Buleleng Regency
SMPN 6 GEROKGAK,ChIJoY5Jp_Zv0S0R3Zu653WQWC8,Buleleng Regency
SMP NEGERI 2 GEROKGAK,ChIJtzCAv2pp0S0RfnUsOGUtJxI,Buleleng Regency
SMP Negeri 5 Gerokgak,ChIJt2yfhfVx0S0RwkiDZYM1g9c,Buleleng Regency
SMP N 2 SERIRIT,ChIJcQjRchN40S0RXFZljFQCYFo,Buleleng Regency
Kantor Kepala Desa Bongancina,ChIJ39nWy0yB0S0R7ePg3G5S1UI,Buleleng Regency
kantor kepala desa pangkungparuk,ChIJYV3eKm940S0Rg3YPOihd3FE,Buleleng Regency
Kantor Kepala Desa Bubunan,ChIJlW_mbcSC0S0RVzM1-V7qOcc,Buleleng Regency
Kantor Kepala Desa Lokapaksa,ChIJfwGJ5buC0S0Rvvsed_oGxb4,Buleleng Regency
Kantor Kepala Desa Banjar Tegeha,ChIJY3313T2D0S0R_FoB-N542WE,Buleleng Regency
KANTOR KEPALA DESA UMEANYAR,ChIJ94e7ybGC0S0RmVvLnsqvG-Y,Buleleng Regency
KANTOR KEPALA DESA TIRTASARI,ChIJe4qwz4uF0S0RWIIez4RTcvs,Buleleng Regency
Kantor Kepala Desa Pengastulan,ChIJV5Qm8cqC0S0RacjxeSsDTUg,Buleleng Regency
Kantor Kepala desa banjar dinas taman,ChIJA4SDQH6H0S0RxobblFXchoQ,Buleleng Regency
Desa Tista,ChIJf3-YftEr0i0RyLFFLzJRYrs,Buleleng Regency
Kantor Kepala Desa Busungbiu,ChIJ4RXy0NuD0S0RE3jbTZWCclM,Buleleng Regency
KANTOR PERBEKEL DESA KALIANGET,ChIJTeQWmyOD0S0RaXKm4a1cHx0,Buleleng Regency
Kantor desa Gunungsari,ChIJfXh7p1yD0S0R7dESLrw5Sak,Buleleng Regency
KANTOR PERBEKEL DESA BENGKEL,ChIJJ-OtXryG0S0RTAj-Uanc0m8,Buleleng Regency
Kantor Kepala Dusun Bangkiang Sidem,ChIJ3SDTGbCF0S0Rf12iVR0qCwE,Buleleng Regency
Kantor Perbekel Desa Subuk,ChIJxdeBPj6B0S0RkzfOJ7hIQak,Buleleng Regency
Kantor Perbekel Desa Tinggarsari,ChIJi-FbNQCB0S0ReO0zz1P4yN4,Buleleng Regency
Kantor Perbekel Desa Munduk Bestala,ChIJeTc2ju2D0S0RDd7H2HK1Q-0,Buleleng Regency
KANTOR PERBEKEL PUCAKSARI,ChIJp3m2LMSB0S0RUJDChl00igY,Buleleng Regency
KANTOR PERBEKEL DESA PENGULON,ChIJ-8cBquV50S0RSyIazWw3L_c,Buleleng Regency
KANTOR PERBEKEL DESA GOBLEG,ChIJsXyafSuE0S0RZdAGafcZTu8,Buleleng Regency
KANTOR PERBEKEL DESA BANJARASEM,ChIJLWeA8xF40S0RA8oMZ5V_Cic,Buleleng Regency
Kantor Kepala Desa Sepang Kelod,ChIJa6QGISCA0S0RQo_GiS0ugLQ,Buleleng Regency
SD NEGERI 4 PATAS,ChIJ62UXx0B70S0R26ypxH5-0zM,Buleleng Regency
Balai Banjar Kelompok,ChIJ4TLev7Rv0S0RLuFZ30gCIP4,Buleleng Regency
BALAI BANJAR TAMAN AYUN,ChIJKR4SRgBp0S0RTd8FXmJ3rO8,Buleleng Regency
Balai Banjar Juntal,ChIJhYvgH8950S0RaNSJgrRUrBo,Buleleng Regency
"Banjar Dinas Taman Sari, RT 004",ChIJc_nweB1x0S0RSEaecuwGrcg,Buleleng Regency
Balai Banjar Taman Sari,ChIJ8wU2ZLd50S0R784P93f_bQM,Buleleng Regency
Balai Banjar Jero Agung,ChIJlXoo45WC0S0RwDeJ_G02upw,Buleleng Regency
Balai Banjar Pamesan,ChIJu-rD0r2C0S0Rhqa4yPC2-pM,Buleleng Regency
Balai Banjar Munduk Sari,ChIJe7qJY6F50S0RvrNlaUTGIKM,Buleleng Regency
"Balai Banjar Ambengan, Desa Banjar",ChIJb6MhqTyD0S0R_zV6jBtzomA,Buleleng Regency
Kantor Banjar Dinas Banyuwedang,ChIJFwfxDIhp0S0RUTwU4NeHZ7k,Buleleng Regency
Balai Banjar Dinas Kembang Udaya,ChIJsaPwD8F50S0RV6v-nuRKdTI,Buleleng Regency
Balai Banjar Dinas Gandongan Gerokgak,ChIJA3AbU-F50S0RVEZn3tG4S-U,Buleleng Regency
Kantor Banjar Dinas Goris Asri,ChIJLwXf6wNp0S0R15WziwQOnUg,Buleleng Regency
Balai Banjar Beteng,ChIJTybwr8-B0S0RJTIGh6OMdsw,Buleleng Regency
Kantor Kelian Banjar Dinas Goris Kemiri,ChIJ0ajhUABp0S0Rs9XEA1XF3us,Buleleng Regency
Balai Banjar Dinas Tengah,ChIJj43V9cSD0S0RvrACj8vLG7Q,Buleleng Regency
Balai Banjar / Masyarakat Banjar Paketan,ChIJ-xOfmYKQ0S0R552WCM2ETk4,Buleleng Regency
Balai Banjar Desa Kalisada,ChIJA-rS2jh50S0RKyJMrLrLyEc,Buleleng Regency
Balai Banjar Umasari,ChIJ3z30qLeF0S0Rw1gt2sHMkL8,Buleleng Regency
Balai Banjar Pucaksari,ChIJF-JxeHGB0S0RC1vKe0fAcFc,Buleleng Regency
Balai Banjar Dinas Desa,ChIJXcpF2maF0S0RKpQ7DO5hD-E,Buleleng Regency
Banjar Dinas Kalanganyar (ᬩᬜ᭄ᬚᬃ ᬤᬶᬦᬲ᭄ ᬓᬮᬂᬳᬜᬃ᭟),ChIJR4fBtwV40S0Rm_lNX0zvtoI,Buleleng Regency
Bale Banjar Munduk,ChIJLQpwRxiD0S0RF4sU-8oeF44,Buleleng Regency
Banjar,ChIJP0wbhTuD0S0RlLWmiXpI6ac,Buleleng Regency
Balai Banjar Dusun Selat,ChIJJdNMDjaF0S0R-jipN9YcwUk,Buleleng Regency
Balai Banjar Kelodan,ChIJM9HI7uPs0S0Rpbq_Pcfwpak,Buleleng Regency
Balai Banjar Kanginan,ChIJK3M7fzmR0S0RVfJatIFJja8,Buleleng Regency
Kantor Perbekel Desa Sumberklampok,ChIJS-dkBPZC0S0RPc97sMRR3R4,Buleleng Regency
Kantor Kepala Dusun Goris,ChIJ5w9Qjmpp0S0R4IZAZRfoKcc,Buleleng Regency
SD Negeri 1 Les,ChIJmx9a6_zt0S0RCMn19nSObWc,Buleleng Regency
Balai Banjar,ChIJuVz9bwCH0S0RSfzHj5Kfd0s,Buleleng Regency
ᬧᬸᬭᬤᬍᬫ᭄ᬤᬾᬲᬅᬤᬢ᭄ᬧᭂᬚᬭᬓᬦ᭄᭟ Pura Dalem Desa Adat Pejarakan,ChIJ1-z7vN5p0S0RaX9w7GDw05w,Buleleng Regency
Pura Prajapati desa adat musi,ChIJU4WNq0Bx0S0RSgHkyY2fXt0,Buleleng Regency
Pura Desa - Desa Adat Kalanganyar,ChIJTbZAY2Z50S0R1iL-Vs3wZw4,Buleleng Regency
Kantor Desa Adat Pangkungparuk,ChIJD3BnpMZ50S0RedsmX0tFhC8,Buleleng Regency
Bale Adat Desa Pakraman Banjarasem,ChIJSWhinhF40S0RkFnlDfoStnk,Buleleng Regency
Rumah Pilah - Desa Adat Sumberklampok,ChIJX4RtNgBp0S0RZe8VHTmemUc,Buleleng Regency
PATUNG GANESHA,ChIJ7120Eql50S0Rdt7g6z_qgQs,Buleleng Regency
Balai Banjar Gunungsari,ChIJFUY9TYCF0S0Rm7Y7bc2G2XI,Buleleng Regency
Balai Banjar,ChIJN_MzZx-Q0S0RGg-YUTy0Lqg,Buleleng Regency
Balai banjar batu tengah,ChIJibwci7KT0S0R-VdEmL8XT_U,Buleleng Regency
Balai Banjar Antapura,ChIJ45Ia4bjt0S0Rik2JkpT8PII,Buleleng Regency
Balai Banjar Dinas Alas Harum,ChIJN3p0iiyD0S0ROULdjEPyC5Q,Buleleng Regency
SD Negeri 1 Sumberklampok,ChIJSzovP51D0S0R-nloAXJHDQ4,Buleleng Regency
MI Ainul Yaqin Sumberklampok,ChIJLXlEDvhC0S0RXKwbocXUirQ,Buleleng Regency
SD NEGERI 2 SUMBERKLAMPOK,ChIJlYii6PRD0S0RLOqcXUtUjwY,Buleleng Regency
SD negeri 2 pejarakan,ChIJp-G1YJtp0S0RLEcmKs4jdz0,Buleleng Regency
SD N 5 PEJARAKAN,ChIJA-tJzghp0S0RLlHNBs75iLY,Buleleng Regency
Sekolah Dasar Negeri 1 Sumberkima,ChIJR6skcUlp0S0RfdSTYcckWkQ,Buleleng Regency
Sekolah Dasar Negeri 3 Sumberkima,ChIJ_58zwkxp0S0RS8YUfKDnUoI,Buleleng Regency
SD Negeri 4 Pemuteran,ChIJk9LhMQhv0S0RijCjbCYa37c,Buleleng Regency
Sekolah Dasar Negeri Pemuteran,ChIJ0XLVyxNv0S0RHcMNtVJor9E,Buleleng Regency
Banjar,ChIJP0wbhTuD0S0RAu_WJFyFqu0,Buleleng Regency
Balai Banjar Desa Bila Kawanan,ChIJORw9ToyT0S0R86ymwIf4Km8,Buleleng Regency
Balai Banjar Bukit Sakti,ChIJBRCsRpSC0S0RWtcwvVsk4hQ,Buleleng Regency
Balai Banjar Sukasada,ChIJJSOPcKiR0S0ROfV1b_aHe2o,Buleleng Regency
Kantor Balai Banjar Bengkel,ChIJgzOXbkGR0S0RbtgM9clG8uc,Buleleng Regency
BALAI BANJAR KALIUNTU,ChIJ4WAkeOyb0S0RB0Vz8lt7OR0,Buleleng Regency
Monumen Panji Sakti,ChIJ2XDTSVCP0S0RsZSmwMI7ijY,Buleleng Regency
Tugu Strawberry,ChIJx5h2yP-P0S0RIy6lMjRmM5I,Buleleng Regency
Patung Sapi Duwe Desa Tambakan,ChIJQ22xf2uN0S0Rv9E4w7E1ElU,Buleleng Regency
Handara Iconic Gate,ChIJmYpUejOJ0S0R6CungZqI1NA,Buleleng Regency
Patung Wishnu Simpang Pasar Seririt,ChIJtyjO0siC0S0RcLnHQnfPD-M,Buleleng Regency
Patung petani,ChIJgdPeCkOH0S0RLy8CrmcZJbk,Buleleng Regency
Tugu Pancasila Desa Unggahan,ChIJ4U2QKzyC0S0RidwxZK1O9AI,Buleleng Regency
Balai Banjar Dinas Kelodan,ChIJLYBmgiOD0S0R4XPOtUH-RLE,Buleleng Regency
Pertamina,ChIJnenQaweO0S0RnvzTy260Xr0,Buleleng Regency
Grokgak Dam,ChIJ33SyQGp60S0RAYwlA0UlFOE,Buleleng Regency
BENDUNGAN DESA GEROKGAK,ChIJD21cVot70S0RhC4lUvG7f1c,Buleleng Regency
Bendungan Titab - Ularan,ChIJVY1f1EmC0S0RN1mpzkTCRvo,Buleleng Regency
Bendungan lama dessa banyupoh,ChIJMWwbPwBv0S0RWbsT0O-salU,Buleleng Regency
Munduk Renon,ChIJCRXWUhV60S0R_bX7w374xeg,Buleleng Regency
Merajan Dadia Arya Tegeh Kori,ChIJl_2Ogk970S0R-80t83sqpKk,Buleleng Regency
Pura Batu Kursi,ChIJUwmkwf5u0S0RwP9ab37OW3c,Buleleng Regency
Pura Segara Rupek,ChIJeS7XM5BA0i0Ro-IaDytSMss,Buleleng Regency
DIVYA Kost,ChIJKRTLvKhx0S0RVwzzHxByTVE,Buleleng Regency
KANTOR PERBEKEL DESA WANAGIRI,ChIJTZjWwTWP0S0R1URA9HOzyiE,Buleleng Regency
Kantor Perbekel Desa Pancasari,ChIJ10mZONKO0S0RxokooPF2J6Y,Buleleng Regency
KANTOR PERBEKEL DESA GESING,ChIJc9LDoGCG0S0Rkh7mL3R6HiQ,Buleleng Regency
KANTOR PERBEKEL DESA TAMBAKAN,ChIJYTCfZ0eN0S0RM8VblGGiEK8,Buleleng Regency
Kantor Perbekel Desa gitgit,ChIJWX04-cWP0S0R3gwF4JhNqTA,Buleleng Regency
KANTOR PERBEKEL DESA UMEJERO,ChIJiyaGVr6H0S0Roym9DgQFFkE,Buleleng Regency
Kantor Desa Banjar,ChIJjXCIFBiD0S0R13b3knG_j1k,Buleleng Regency
Kantor Desa Dapdap Putih,ChIJo03fAgAr0i0RIoQEprVV9W4,Buleleng Regency
SDN 4 Tista,ChIJcxYHaVIr0i0R64ls8zUUIRA,Buleleng Regency
"SD NEGERI 2 TISTA, DAPDAP PUTIH",ChIJ3-frOT0r0i0RF_fCAjnmZxc,Buleleng Regency
Sd Negeri 1 Tista,ChIJK6PwVKUq0i0R6qwtvXa6vmM,Buleleng Regency
SDN 1 Sepang Kelod,ChIJu2CFmB-A0S0RQb9eA4E-ips,Buleleng Regency
SDN 1 Bongancina,ChIJBXddIYcr0i0R1qvnHqIF6UQ,Buleleng Regency
SDN 1 BENGKEL,ChIJfV5rsluB0S0RiBlFEU__6xQ,Buleleng Regency
SDN 3 SEPANG,ChIJN8Lh7LWB0S0RhZLeCde6bZA,Buleleng Regency
SD Negeri 3 Tista,ChIJM12ynLgr0i0RLLMC3D9mBQ4,Buleleng Regency
SD Negeri 1 Pucaksari,ChIJlzcSY1mA0S0R7WuDqDdBB3w,Buleleng Regency
SD Negeri 3 Pucaksari,ChIJwXaRxPeA0S0RjHCYbqy6pVA,Buleleng Regency
SDN 1 Cempaga,ChIJFRbA9IeE0S0R8isl4V5HBrs,Buleleng Regency
SD N Rangdu,ChIJa6X7oLOD0S0Rvit0KuWnKMs,Buleleng Regency
SDN No 3 Pengulon,ChIJ_zgzeTd50S0RnP1hlRWhv2c,Buleleng Regency
SDN 1 RINGDIKIT,ChIJmcSVDVSC0S0RJFyNDaly_T0,Buleleng Regency
SDN 2 TINGGARSARI,ChIJ5_sG0mKB0S0RMOFqPFFwFfo,Buleleng Regency
SDN 1 Tinggarsari,ChIJW6VAHjqB0S0RuxtdudOBGZg,Buleleng Regency
SDN 3 PENGASTULAN,ChIJYRAkHgaD0S0RCK7q6l-8Ogk,Buleleng Regency
SDN 3 Seririt,ChIJiVBivaiC0S0RxI2SPdxFs7I,Buleleng Regency
SDN TITAB,ChIJQ71KzmWB0S0R0fMh1lYrMTo,Buleleng Regency
SDN 2 Joanyar,ChIJObtl0SCD0S0RyN6uePPMAnQ,Buleleng Regency
SDN 4 Kayuputih,ChIJVVXF9o6G0S0Ri2SGfEnvKH8,Buleleng Regency
SD Negeri 3 Busungbiu,ChIJNU2MBYCB0S0RsjYQW2pKadE,Buleleng Regency
SDN 1 BUSUNGBIU,ChIJoeIYklGD0S0RxQUK2rjDqmE,Buleleng Regency
Banjar Adat Telukterima,ChIJ21N3TABD0S0REbkXRG2_jUo,Buleleng Regency
Banjar Adat Bukit Sari,ChIJkXSMze1D0S0R-gw_08hla_o,Buleleng Regency
Kantor Camat Banjar,ChIJ0azNVDCD0S0RSjUcMM8LLhc,Buleleng Regency
KANTOR CAMAT SERIRIT,ChIJjavTts-C0S0R43a_VeAEN6o,Buleleng Regency
Kantor Camat Kubutambahan,ChIJMUFt7beW0S0Ri7sQGlCb4fo,Buleleng Regency
Kantor Camat Busungbiu,ChIJ4-24W9mD0S0Ro88JU3LD1WA,Buleleng Regency
Kantor Banjar Dinas Amertasari,ChIJn9yqGEyP0S0R1n2VFaOPzJI,Buleleng Regency
Kantor Kelian Bankar Dinas Beji,ChIJ55G_2G2G0S0RllqVPw3Besg,Buleleng Regency
Kantor Kelian Banjar Dinas Tamblingan,ChIJdxGd8QSG0S0RLtMpNFbI0tw,Buleleng Regency
Pustu (puskesmas pembantu) Pemuteran,ChIJMeXswKdv0S0RTA5hBxC4W6A,Buleleng Regency
PUSTU (Puskesmas Pembantu) MUSI,ChIJQVXbXwBx0S0Rh_1Tu1D_7v0,Buleleng Regency
PUSTU (Puskesmas Pembantu) TUKAD SUMAGA,ChIJZaJTYwB50S0RICW0g2S9D_A,Buleleng Regency
Nuraka House,ChIJy57Q61uH0S0RR6LKAHt1KOY,Buleleng Regency
Bali Handara Gate,ChIJbzqpVBWJ0S0R05zES7guCTk,Buleleng Regency
Monumen Perjuangan Desa Titab,ChIJQ4KKZJyB0S0R1t0t0KRhmxQ,Buleleng Regency
Beratan,ChIJAY_plwaD0S0RQqj8ptIJDxg,Buleleng Regency
Pengelukatan desa lemukih,ChIJy1MJfACP0S0RmyUluvS1jhU,Buleleng Regency
BUDHI ARYAWAN,ChIJBWvUfDiE0S0R54mt651j4IY,Buleleng Regency
Balai Banjar Celukbuluh,ChIJHUkDVBCb0S0Rth2r4TP9TMI,Buleleng Regency
KANTOR PERBEKEL DESA PENYABANGAN,ChIJczizvDFw0S0R_9xIWclEVeY,Buleleng Regency
Village Perbekel office Banyupoh,ChIJoX8Zzjlu0S0RXE7igmTdXao,Buleleng Regency
Kantor Polisi,ChIJ98Ms8Jdw0S0RIjWxFiYwD9o,Buleleng Regency
"Balai Teknik Pantai, Kementerian PUPR",ChIJTR_GX2hw0S0RfXXw8pbAYmY,Buleleng Regency
Desa penyabangan,ChIJp378t9Jx0S0RKyxuWlLI_ZY,Buleleng Regency
Balai pembenihan ikan sanggalangit,ChIJbdhc3mZx0S0Rhn1xk2T3JR4,Buleleng Regency
Pos Sar Buleleng,ChIJpQsQo6hw0S0RSSptx4N_lxE,Buleleng Regency
Kantor Camat Gerokgak,ChIJf3BddJdw0S0ROqX9_KDfuek,Buleleng Regency
Village government office of Gerokgak,ChIJWZcJnpdw0S0RGwkClzaWpyg,Buleleng Regency
Kantor Perbekel Desa Tinga-Tinga,ChIJg4gidgp50S0RIQLv1FDeygA,Buleleng Regency
Kantor Desa Celukanbawang,ChIJjTH9rdp50S0R0Ov2SsFHM2U,Buleleng Regency
Bd tegallebge,ChIJfwPNHwN50S0RwH88fNEhUQ0,Buleleng Regency
SDN 2 SANGGALANGIT,ChIJ_eX0AYZw0S0R_gE2IEsvieE,Buleleng Regency
SDN 3 SANGGALANGIT,ChIJdb-ezmNw0S0RsQJG0nmcvWU,Buleleng Regency
SDN 3 Pemuteran,ChIJka7lZTBp0S0RXD9BhZBMmw0,Buleleng Regency
SDN 1 Pemuteran,ChIJRVKDnsZu0S0R1zzcfTXm9_8,Buleleng Regency
SD Negeri 1 Patas,ChIJu16FMqpw0S0REkWKchbPCwo,Buleleng Regency
SDN 2 MUSI,ChIJUc4CYmhw0S0RsDke-jzCo7U,Buleleng Regency
SDN 1 BANYUPOH,ChIJLefeWwlv0S0RWG_Of0EvRXM,Buleleng Regency
SDN 2 BANYUPOH,ChIJY7_fk0Zu0S0RsiQt4EJcPHM,Buleleng Regency
SPBU,ChIJtZ7iCsZu0S0R4f8jPjq0kkM,Buleleng Regency
SPBU Pertamina 54.811.13,ChIJiWVuGmhw0S0RIhJapRvlRp0,Buleleng Regency
PERTASHOP SANGGALANGIT,ChIJXweTc4Vx0S0RBwPOf2loJkU,Buleleng Regency
PERTAMINA,ChIJIfq7BWRC0S0RZodGA6GmuU8,Buleleng Regency
SPBU Pertamina 54.811.19,ChIJd4_0LxR40S0RkINAwqm7DGE,Buleleng Regency
PERTASHOP 5P.811.11,ChIJpT2FloJp0S0RAAhZwXWeW_g,Buleleng Regency
SDN 1 PEJARAKAN,ChIJi9EMdnFp0S0R4NQdtnZybZU,Buleleng Regency
SDN 4 Sumberkima,ChIJxQVi30Bp0S0RN4Fo1abuqEU,Buleleng Regency
Batu Ampar,ChIJAQAAANRo0S0RpUAm50Ym3kY,Buleleng Regency
Monumen Perjuangan Rakyat Celukan Bawang,ChIJ2-TCrh950S0RqmLSJ67udRQ,Buleleng Regency
"Tugu, sumberkima",ChIJL2dp1JZp0S0R545Mf-cCHno,Buleleng Regency
Pondok Rasta,ChIJZcEiQQBp0S0R6gYxts5f4HI,Buleleng Regency
Dam Desa banyupooh,ChIJYUVvIgBv0S0RMe8-NH_RCus,Buleleng Regency
Sumberkima,ChIJ_SjKOABp0S0Rm5uKeAVBS0Y,Buleleng Regency
Desa pejarakan,ChIJJ3_NPABp0S0RzDPxVHDNPcs,Buleleng Regency
gapura pembatasan jembrana - buleleng,ChIJfQZ-TgBx0S0Rr_qLzmaiUKE,Buleleng Regency
Tikungan Nang Genjul,ChIJVbrfZgDV0y0Rg4OR-RbAvMI,Buleleng Regency
Tugu pahlawan amartha yuda,ChIJAS8Sxdt70S0RGfQwkCk2FAc,Buleleng Regency
Broncaptering Tinga Tinga,ChIJmdSVp8t50S0RydJv8tkVkN4,Buleleng Regency
Keluarga putih mayong,ChIJfYmtWwB50S0RpbjI7ceAc1o,Buleleng Regency
Reservoar Existing Tinga Tinga,ChIJj1yMGYN50S0RHVVOO0FhbBo,Buleleng Regency
SD Negeri 5 Sepang,ChIJJVycYM-B0S0RQieClSnw2B4,Buleleng Regency
SD N2SEPANG KELOD,ChIJM-y1IAx_0S0RscKoeZ8ch90,Buleleng Regency
SD NEGERI 6 SEPANG,ChIJz7_Ce8yB0S0R2Bt8g2B0vjs,Buleleng Regency
SD N 2 SEPANG,ChIJ10l8VyuB0S0RAioPC962ZL4,Buleleng Regency
SD Negeri 1 Telaga,ChIJv15zmZ6B0S0Ry6eudKOT7Qc,Buleleng Regency
SD Negeri 2 Telaga,ChIJRSZtnXiB0S0RfW8MhZhRezI,Buleleng Regency
SD Negeri 4 Pucaksari,ChIJ3_73um6B0S0RmRKWevrSfi0,Buleleng Regency
SD Negeri 2 Unggahan,ChIJ9cbXh9WD0S0ReIl1Kru-nOQ,Buleleng Regency
SD Negeri 1 Unggahan,ChIJIWySX_GD0S0RL5ybhmpGgBE,Buleleng Regency
SD Negeri 2 Kayuputih,ChIJx2rPNgCH0S0RFbL9ShIBJWY,Buleleng Regency
SD Negeri 1 Kekeran,ChIJ4e-5sAmB0S0RQVqYAw4urq4,Buleleng Regency
SD No. 2 Pucaksari,ChIJ7_cjvFSA0S0R6UGIounvvLk,Buleleng Regency
SD Negeri 6 Busungbiu,ChIJYfSOgtmD0S0ROJrfRn4P01w,Buleleng Regency
SD Negeri 4 Lokapaksa,ChIJfflEMmKC0S0RRZRVuXqokbE,Buleleng Regency
SD NEGERI UMEANYAR,ChIJZRZDtwSD0S0RggooGvSBpYk,Buleleng Regency
SD Negeri 3 Pangkungparuk,ChIJlY7k34d40S0Rt_NR7abejZk,Buleleng Regency
SD NEGERI 2 TUKADSUMAGA,ChIJGceZytR50S0R_12y4eu_io8,Buleleng Regency
SD Negeri Munduk Bestala,ChIJq5TL8-yD0S0RZp6_RADtCfQ,Buleleng Regency
SD Negeri 4 Pangkungparuk,ChIJ9x4l4nh40S0Rf2HRAlY0mdU,Buleleng Regency
SD Negeri 8 Busungbiu,ChIJ-Z41N5uD0S0R1M7FvcclZvY,Buleleng Regency
SD NEGERI 2 KALISADA,ChIJs5fEKD140S0RJN6LltNcvcw,Buleleng Regency
SD Negeri 3 Tinga Tinga,ChIJ_6kDDsF50S0R-VgHEjCu-nU,Buleleng Regency
SD N 1 Mayong,ChIJo5I3KsaD0S0Rso7U3l5MHWE,Buleleng Regency
SD Negeri 1 Pelapuan,ChIJwzOIx1CB0S0R8IbW7FZNOgY,Buleleng Regency
SD Negeri 5 Patas,ChIJ14baD5150S0Rhqh86TlnekE,Buleleng Regency
SD Negeri 2 Banjar Asem,ChIJkxm-Rg140S0RdHmAKal70wI,Buleleng Regency
SEKOLAH DASAR NEGERI SUBUK,ChIJuxjhAD2B0S0Rs8jTMb_hCg0,Buleleng Regency
sekolah dasar negeri 1 gunungsari,ChIJK8qDePuD0S0Rjx1sdEWJwpQ,Buleleng Regency
SD Negeri 3 Tukad Sumaga,ChIJzzVNhzd40S0RadU7FgawHUk,Buleleng Regency
SD Negeri 4 Patemon,ChIJSZwZbzOD0S0RkxgN4QcVVPs,Buleleng Regency
SD N 1 Lokapaksa,ChIJWW_7LryC0S0RvXggBvTYM3o,Buleleng Regency
SD Negeri 4 Banjar,ChIJI8MsyRqD0S0R3KOQSU-PWRU,Buleleng Regency
"SD No 1 Pangkungparuk, Gedung 2",ChIJwzarNG940S0RAyo2s-WC0vo,Buleleng Regency
SD Negeri 1 Kalianget,ChIJdVrzAiWD0S0RP7CZ-P1S5qA,Buleleng Regency
SD NEGERI 2 BUBUNAN,ChIJ-8o128WC0S0RQOarsjxVtfI,Buleleng Regency
SD Negeri 1 Bengkel,ChIJFWTW1mGH0S0Rh_42xAwGSmw,Buleleng Regency
SD Negeri 3 Gobleg,ChIJaf5KQSyE0S0RkFwNH6ZUAE8,Buleleng Regency
SD NEGERI 3 GEROKGAK,ChIJze7En3F60S0R3G2q8WA7AI8,Buleleng Regency
SD Negeri 5 Patemon,ChIJsSjiP7-D0S0RnEKpxTlFhQ4,Buleleng Regency
SDN 2 Tinga-Tinga,ChIJJ8YI8c950S0RmLxL2stdHXc,Buleleng Regency
SD N 3 KEKERAN,ChIJqxVgXb6B0S0R1NFX400Wyl8,Buleleng Regency
SD 1 Umejero,ChIJf2kkUvKG0S0RNu8b15DH60U,Buleleng Regency
Sekolah Dasar Negeri 2 Dencarik,ChIJo-XFIjmD0S0RKEUjdGQlCe0,Buleleng Regency
SD NEGERI 8 BANJAR,ChIJ754BEwSD0S0RqOhzq4gc3Uc,Buleleng Regency
SD N 2 Mayong,ChIJTwMURLqD0S0RaIxK-rXfgWU,Buleleng Regency
Sd Negeri 3 Bengkel,ChIJK8tUDLqH0S0RBjuZQbzeZyA,Buleleng Regency
SD N 1 DENCARIK,ChIJKWjwfzeD0S0ReT23KSoxK7E,Buleleng Regency
SD NEGERI 5 GESING,ChIJ1fjIF86H0S0RjAAigV9jhZo,Buleleng Regency
SD Negeri 4 Tukadsumaga,ChIJpyyeJGJ50S0RRnvYDG6k_cQ,Buleleng Regency
SD Negeri 3 Gesing,ChIJ5bG4mEqG0S0RGH4WCZxZ130,Buleleng Regency
SD N 3 Ringdikit,ChIJDa1OG1KC0S0RbL1ZNfcuzZo,Buleleng Regency
SD N 3 Gunungsari,ChIJ_8-cCACE0S0RbgS_i_VPcl0,Buleleng Regency
SEKOLAH DASAR NEGERI 5 GOBLEG,ChIJNYG7tOqF0S0RF3cLh66Oy5A,Buleleng Regency
SD Negeri 1 Tukad Sumaga,ChIJ22zo8jV40S0R3-CVAlQhzEA,Buleleng Regency
SD NEGERI 1 KALISADA,ChIJP5j5hxp40S0RYL2o1M6a7jg,Buleleng Regency
SD Negeri Celukan Bawang,ChIJHXvJAFt50S0RfbSfEUnPyu0,Buleleng Regency
MIS Mihtajul Ulum Patas,ChIJQ6nEo6pw0S0RVTYX5Gj4sGw,Buleleng Regency
"SD Negeri 1 Pangkungparuk, Gedung 1",ChIJgSvu94J50S0R1EwlcJk2ciI,Buleleng Regency
SD Negri 3 Yegalcangkring,ChIJ79MPfv150S0RAA85ddoG4XY,Buleleng Regency
Air Terjun Munduk,ChIJ4WuUswqG0S0R0_F7ENm3htc,Buleleng Regency
Aling-Aling Waterfall,ChIJ8c9PQP2P0S0RNJMC6i4k8iQ,Buleleng Regency
KANTOR PERBEKEL BUKTI,ChIJB1qmZQCT0S0RQQWUejvclfw,Buleleng Regency
KANTOR PERBEKEL DESA PELAPUAN,ChIJYSXkylaB0S0RStWePiM_7HA,Buleleng Regency
KANTOR PERBEKEL DESA TUKADMUNGGA,ChIJw9YOgfCa0S0R1mcd4uEN7w4,Buleleng Regency
Kantor Desa Kayuputih,ChIJBTIoptaE0S0RyH04e7rK7is,Buleleng Regency
KANTOR PERBEKEL DESA LEMUKIH,ChIJicB2enaO0S0RNqCX6ErwPGE,Buleleng Regency
Kantor Perbekel Desa Suwug,ChIJmXvgYKiR0S0Rg5zONhi5Os4,Buleleng Regency
KANTOR PERBEKEL DESA ALASANGKER,ChIJ9x-QJ7WR0S0RW8wHaMrAnrc,Buleleng Regency
Kantor Perbekel Desa Selat,ChIJzxjV7nGF0S0RdbQlzqBrEt8,Buleleng Regency
KANTOR PERBEKEL DESA CEMPAGA,ChIJc-DVJX2E0S0RIiSB82kRM4g,Buleleng Regency
KANTOR PERBEKEL DESA BANJAR,ChIJR3XtWTuD0S0RfZQkAJeqnrE,Buleleng Regency
Kantor Perbekel Pakisan,ChIJBa99pRCS0S0RZ6GCcfXpMxo,Buleleng Regency
Kantor Perbekel Desa Banyuseri,ChIJr9uCJAqE0S0Rl_4uCUynlNU,Buleleng Regency
KANTOR PERBEKEL DESA MUNDUK,ChIJSTIot32G0S0R_L_UaJmVzqQ,Buleleng Regency
Kantor Perbekel Desa Tampekan,ChIJ-3fE23CD0S0ReQk3GOWvwGI,Buleleng Regency
KANTOR PERBEKEL DESA SARI MEKAR,ChIJERSmCK6R0S0Rvy4W6zH1rf4,Buleleng Regency
Kantor Desa Penuktukan,ChIJc_dJ5w7u0S0RRJNRz9xydKQ,Buleleng Regency
Kantor Perbekel Celukanbawang,ChIJu-3dr9p50S0R8XRxibmnwdc,Buleleng Regency
Kantor Perbekel Desa Sekumpul ᬓᬦ᭄ᬢᭀᬃ ᬧᭂᬃᬩᭂᬓᭂᬮ᭄ ᬤᬾᬰ ᬲᭂᬓᬸᬫ᭄ᬧᬸᬮ᭄᭟,ChIJHXOLLwCO0S0RvU9U1D8QzRU,Buleleng Regency
Kantor Perbekel Desa Pegadungan,ChIJG0_aeoOR0S0RGBYbY83JIo0,Buleleng Regency
KANTOR PERBEKEL DESA NAGASEPAHA,ChIJvXdnJEGQ0S0RzNm6zscr6GE,Buleleng Regency
KANTOR PERBEKEL PEDAWA,ChIJ0QIXYuCF0S0RHJ21tpiPES0,Buleleng Regency
Kantor Perbekel Desa Mengening,ChIJv6oPXdiT0S0RXh6OyCGaIH8,Buleleng Regency
KANTOR PERBEKEL DESA KAYUPUTIH ( Banjar ),ChIJJaU5KQCH0S0RIruukvKB78Q,Buleleng Regency
KANTOR PERBEKEL DESA BEBETIN,ChIJJ1nr4vGR0S0Rs_LWIdVyIWw,Buleleng Regency
KANTOR PERBEKEL PENGLATAN BARU,ChIJfwTUUgCR0S0RO5RNb0KY_MI,Buleleng Regency
KANTOR PERBEKEL DESA BUNGKULAN,ChIJ-ex0q8iW0S0RR59PzZUUO58,Buleleng Regency
KANTOR PERBEKEL DESA BONDALEM,ChIJKzEYWVzt0S0ReYHvLh967Ao,Buleleng Regency
KANTOR PERBEKEL DESA BILA,ChIJRSheHNWT0S0RtB0m-nyIEGU,Buleleng Regency
KANTOR PERBEKEL DESA BENGKALA,ChIJ_1AoKWCR0S0RggNwr9hYaqo,Buleleng Regency
KANTOR PERBEKEL DESA TIRTASARI,ChIJO4rX1BuE0S0RbsLyBfphmZ8,Buleleng Regency
KANTOR PERBEKEL POH BERGONG,ChIJzX_mUnmR0S0RWeBUp5Ga6tE,Buleleng Regency
KANTOR PERBEKEL DESA PACUNG,ChIJ3Zy8Amnt0S0RWSEIeR0DLck,Buleleng Regency
KANTOR PERBEKEL DESA DEPEHA,ChIJDVYV9f6S0S0RT63GmpPZdMg,Buleleng Regency
KANTOR PERBEKEL DESA MAYONG,ChIJaQC2esWD0S0RUcBDSuFhkQo,Buleleng Regency
Kantor Perbekel Desa Tejakula,ChIJE9XXrSLt0S0R0zk1LCQ-lcs,Buleleng Regency
KANTOR PERBEKEL DESA PENGLATAN,ChIJJ26KR_KQ0S0RdJ5rgo3PUtE,Buleleng Regency
KANTOR PERBEKEL DESA SEMBIRAN,ChIJX_9wZSvt0S0Rg0imgrEcQzw,Buleleng Regency
KANTOR PERBEKEL DESA LOKAPAKSA,ChIJQalu5buC0S0RiDQipdhtKt0,Buleleng Regency
Kantor Perbekel Sidetapa,ChIJD-o1UH6D0S0RQFdF9aWKHfA,Buleleng Regency
KANTOR PERBEKEL DESA SINABUN,ChIJZ1ngy62R0S0RKScgIj9ruis,Buleleng Regency
KANTOR PERBEKEL DESA PEMARON,ChIJMQYyl_Wa0S0RlM2Q6giiciw,Buleleng Regency
KANTOR PERBEKEL DESA BANYUATIS,ChIJowxIJbqH0S0RnSwiN0SeLX0,Buleleng Regency
Perbekel Office hose,ChIJOy3DwEKC0S0RjTDXkUr0gAA,Buleleng Regency
KANTOR PERBEKEL DESA UNGGAHAN,ChIJ38Y6Yz6C0S0R1b5xLcCbTAQ,Buleleng Regency
KANTOR PERBEKEL DESA LES,ChIJOZHnQt3t0S0RiJF8SD47Bfo,Buleleng Regency
Kantor Perbekel Desa Kaliasem,ChIJ5c-JaEib0S0RTkK7_vnrI2g,Buleleng Regency
Kantor Perbekel sementara,ChIJTeKALwCR0S0R24PWo7PzIwU,Buleleng Regency
Kantor Perbekel Petandakan,ChIJYez0iluQ0S0RRTLAt_c0yFs,Buleleng Regency
Kantor Desa Julah,ChIJecLWENvs0S0RPkMvgJ9vCGc,Buleleng Regency
Kantor Perbekel Kubutambahan,ChIJzbimSPKX0S0RGWoKXx5Fi8M,Buleleng Regency
Kantor Perbekel Desa Pekraman Patemon,ChIJswY8hcCC0S0RpVEkNZCcHac,Buleleng Regency
KANTOR PERBEKEL DESA SAMBANGAN,ChIJc4gmEPCR0S0R2d3I3m9xxSs,Buleleng Regency
KANTOR PERBEKEL DESA BAKTISERAGA,ChIJd-xvtaab0S0R17AYVzZ39Oc,Buleleng Regency
KANTOR PERBEKEL DESA MENYALI,ChIJQbTJonOR0S0Rq5hc7TvpE7E,Buleleng Regency
Kantor Perbekel Tigawasa,ChIJ5djxSuuE0S0RtW5WU52o5eE,Buleleng Regency
Kantor Perbekel Desa Galungan,ChIJ1_r0UK2N0S0R2KydfOF9HZM,Buleleng Regency
Kantor Perbekel Umeanyar,ChIJFY1sdXuD0S0RgLHU2f50Cqw,Buleleng Regency
KANTOR PERBEKEL DESA RINGDIKIT,ChIJEVEk6_mC0S0RQV5VBFv718Q,Buleleng Regency
Kantor Desa Bulian,ChIJh0xjydqT0S0R7m0Bpe7YRH4,Buleleng Regency
KANTOR PERBEKEL SAWAN,ChIJXSxAaeGR0S0Rd12CpPrmWwk,Buleleng Regency
KANTOR PERBEKEL DESA TANGGUWISIA,ChIJY2WgDWKD0S0RhwKXljhuBnA,Buleleng Regency
KANTOR PERBEKEL DESA TUNJUNG,ChIJQQJVMfyS0S0RpZXf7_HO1lw,Buleleng Regency
Kantor Perbekel Tembok,ChIJcdv32V3x0S0RoZh6C-YEndI,Buleleng Regency
Kantor Perbekel Desa Jagaraga,ChIJv_haSgSR0S0RyzrCv46TMz8,Buleleng Regency
KANTOR PERBEKEL DESA SANGGALANGIT,ChIJE1DLWtFx0S0RJg3rFWb-k5g,Buleleng Regency
Kantor Perbekel Pemuteran,ChIJ6Yq6b5tv0S0RH3LZ2LG4rfA,Buleleng Regency
KANTOR PERBEKEL DESA PEGAYAMAN,ChIJW1Zf1NWP0S0RuNjJelh6MY0,Buleleng Regency
SD NEGERI 1 GEROKGAK,ChIJJxl-CPFx0S0R94lzTqpIlkk,Buleleng Regency
SD Negeri 2 Penyabangan,ChIJN-Tq5jpw0S0RY8O_z0MYBkc,Buleleng Regency
SD Negeri 1 Penyabangan,ChIJowJI9DFw0S0RqYXznDtjY7M,Buleleng Regency
SD Negeri 1 Musi,ChIJh5NGGUdw0S0RNRTjjufWm-k,Buleleng Regency
SD NEGERI 2 PATAS,ChIJtaDipDhx0S0RXKmjFYDP-mM,Buleleng Regency
SD Negeri 2 Gerokgak,ChIJIeYuVb1w0S0RbepJd_VGxEc,Buleleng Regency
SD NEGERI 4 Gerokgak,ChIJOUxX_ZNw0S0RDKIaERISXRw,Buleleng Regency
SD Negeri 4 Pejarakan,ChIJscAPEABp0S0RyaJWd-5WQQw,Buleleng Regency
MIS Nurul Huda,ChIJnbJBeQBx0S0RuW_i0yiuTCA,Buleleng Regency
SDN 5 PEMUTERAN,ChIJ2eI-JCBv0S0RZX1S1inaZ9U,Buleleng Regency
Madrasah Ibtidaiyah Mihtajul Ulum Patas,ChIJFyPUJaFw0S0R8MLFUcp_ogg,Buleleng Regency
Madrasah Ibtidaiyah As-Syafi`iyah,ChIJ7X7ZK6Fw0S0R48RGteWVLug,Buleleng Regency
MIN Buleleng Kab. Buleleng,ChIJlSVg2aJw0S0RheA5desHGWU,Buleleng Regency
Madrasah Ibtidaiyah As-Syafi'iyah Pemuteran,ChIJtfVu_sdu0S0RW9Q5ipXU9G4,Buleleng Regency
ᬚᬾᬫ᭄ᬩᬢᬦ᭄ ᬧᬾᬓ᭄ᬭᬫᬦ᭄ ᬧᬢᬲ᭄᭟ Jembatan Pakraman Patas,ChIJuwr5ctBx0S0Rgf1kDDicb58,Buleleng Regency
ᬚᬾᬫ᭄ᬩᬢᬦ᭄ ᬢᬸᬓᬤ᭄ ᬧᬸᬮᬾ᭟ Jembatan Tukadpule Desa Sanggalangit,ChIJJ0-uPbBx0S0R_LoEQV6pWrY,Buleleng Regency
Plataran Menjangan Jetty & Water World,ChIJOd-GRo9p0S0RjJYYn_F2N9g,Buleleng Regency
Jembatan Banjar Asem,ChIJGf6m0gp50S0RDo-MGV8JEE0,Buleleng Regency
Puskesmas Pejarakan,ChIJbyp4gGtp0S0RkC1CWLywkLM,Buleleng Regency
Puskesmas Gerokgak 2,ChIJkz_JgGtp0S0RAu3EBclFjBE,Buleleng Regency
Puskesmas Seririt 2,ChIJUfp9-BN40S0RwpECEYFgJj0,Buleleng Regency
Sang Natha SPICE MUSEUM,ChIJ6U1XJ0KN0S0RLHHyeRIp7_g,Buleleng Regency
Desa Alam Sukacita(Nature Loving Cultural Centre),ChIJj3gLmh-H0S0RmTCy5msbdJo,Buleleng Regency
Museum Tanaman Suda Aditya,ChIJC-xxLxGF0S0RvcrKGeLW7rg,Buleleng Regency
Cagar budaya Batu Tujua,ChIJfayFDdMdvC0RmikberEvIio,Bulukumba Regency
Puskesmas Pembantu,ChIJS2hTOGizcDIRcB0jYruzX4s,Buol Regency
Puskesmas pembantu,ChIJ3Q1VLg9_oy0Ra3WrGphWNcY,Buton Regency
Crossroads,ChIJa7AhmzgFfUgRjoUcr6Hxhds,Carlisle
Selamat Datang Monument,ChIJB1Svq5_2aS4RmQyBLA0cPSQ,Central Jakarta City
Kantor Gubernur Provinsi DKI Jakarta,ChIJW6lPCi70aS4RriELNOd5H30,Central Jakarta City
Kantor pemda dki,ChIJ77uJ3ob2aS4RdbmkNFXgXMM,Central Jakarta City
Jakarta City Hall,ChIJ7xN46C30aS4RPNqXM62cvcU,Central Jakarta City
Bundaran HI,ChIJOaEYFVb1aS4Rp-6YT6HzESk,Central Jakarta City
Bundaran HI Bank DKI,ChIJO6ZgTSH0aS4RLCU17KFiDMY,Central Jakarta City
Halte Transjakarta Bundaran HI Astra,ChIJxdRxEq_1aS4R8EOduYwZ--4,Central Jakarta City
Bundaran plaza indonesia,ChIJI68eeQD1aS4R35zKI8Z_1Eo,Central Jakarta City
Puskesmas Pembantu PT,ChIJ8eZlleWpQC4R8Yw5V8pKwVY,Central Lampung Regency
Bundaran BIL,ChIJBYrddACvzS0RuABfATv8bEc,Central Lombok Regency
Bendungan Batujai,ChIJAQAAAPCxzS0RW7bq008PFwE,Central Lombok Regency
Puskesmas Pembantu Pemepek,ChIJdZx1dYbJzS0RDtd79W5kjR4,Central Lombok Regency
Puskesmas Pembantu,ChIJz7pQ7jyyzS0RxevVJhCMc3M,Central Lombok Regency
Puskesmas Pembantu Peresak,ChIJw-KgiTS0zS0RapR_3p9LDUs,Central Lombok Regency
Puskesmas Pembantu(PUSTU),ChIJ4WR14Iu7zS0Rl4lCcZeEanQ,Central Lombok Regency
Kantor Lurah Prapen,ChIJWeU4LUqwzS0RdwU34VmZLiM,Central Lombok Regency
Situs peninggalan sejarah,ChIJb_9uOm67zS0Rv63fXyuJFKM,Central Lombok Regency
Lapangan umum Aik Bukaq,ChIJ-ZanjiK1zS0Rx40vbfbQNgw,Central Lombok Regency
Crossroads,ChIJ9y3Ag8IicUgRTFmjiJeeCX4,Cheltenham
Crossroads,ChIJDSR9qy3pekgRmPy6aXtXpu0,Chester
Crossroads,ChIJYdPzMLV-fkgRa-tzX-fMu5g,Chester-le-Street
Crossroads,ChIJOxn8RMR7fkgRl33ChPLDBQ4,Chester-le-Street
Crossroads,ChIJjxLnhuCbeUgRwQDm7J4cDDo,Chesterfield
Crossroads,ChIJtdlNgXiydUgRT1e4Oi1ejS4,Chichester
Cagar Budaya Cisitu,ChIJ_RdTPQBRby4RESzKyAt34UM,Ciamis Regency
Kantor Kepala Desa Tambaksari,ChIJI2KQ2sRlby4RnnMnTx8XpLA,Ciamis Regency
SD Negeri Hegarmanah,ChIJzdWDO2lTaC4RKowJtpx5q0s,Cianjur Regency
Heritage Panembahan Depok,ChIJVTkw1UZqZS4R79tWS49eUBg,Cilacap Regency
Puskesmas Sidareja,ChIJOcmcZW-CZS4RAl7I0dJw8I4,Cilacap Regency
Balai Desa Banjareja Kec. Nusawungu,ChIJwTa02Bo5ZS4R1M_BMN1pu7g,Cilacap Regency
Junior High School 2 Cilegon,ChIJaUApzXqOQS4RBeOrrcPz0u0,Cilegon
Pemerintah Kota Cilegon,ChIJG7yP0heOQS4R-v2q7npH8xI,Cilegon
Cilegon City Labour Department,ChIJwTSN23KSQS4RxSOZ7xO685g,Cilegon
Public Works Department Cilegon,ChIJ3R40JHWOQS4Rx1jxIixC6vg,Cilegon
SDN Cimahi Mandiri 1,ChIJual0p0PkaC4R_4Hu5Ci3sOg,Cimahi City
Situs Cagar Budaya Undung Undung Palimanan,ChIJc6td5gPfbi4R8Dzv7h-fEwI,Cirebon
Kantor Kepala Desa Waruduwur,ChIJG5W3VNAcby4ROkhxJz67Ddw,Cirebon
Kantor Kepala Desa Japura Kidul,ChIJw9bu2VgDby4RDTALvPlaO8k,Cirebon
Kantor Kepala Desa Pabedilan Kidul,ChIJwc42zrQHby4RftQ5pG6v1cc,Cirebon
Bendungan,ChIJrW9tgHcEby4RlVM06q3ffMg,Cirebon
PUSKESMAS PEMBANTU (PUSTU),ChIJL-9fIjYPby4RRP8ZWrpmLv8,Cirebon
Puskesmas Pembantu Setu Kulon,ChIJEQP7Bnzhbi4RH1VyrCSLT-Y,Cirebon
Crossroads,ChIJL7z0Ixw8cUgRyvWaUNnprCI,Cirencester
Crossroads,ChIJR2X2-BATcUgReSTsrpYPelo,Cirencester
CROSSROADS CHURCH,ChIJd29xOWv_wokRRJk4dEgS8oQ,Clifton
Crossroads,ChIJ82IVITwj30cRIAvfQfrkfa4,Cranbrook
Crossroads,ChIJQfcF9X9ucEgRpSLL0zMcPsg,Craven Arms
Crossroads,ChIJmeE5o6tvcEgR-2SgcgBUXYo,Craven Arms
Cross Roads,ChIJw0HjbfmlumoR0P2OYlQ2AwU,Cross Roads
Cross Roads,ChIJCyXGgS-bDmsR0F9DkLQJBgQ,Cross Roads
Crossroads,ChIJvyhv-2bW24cR1yn4KG5DOn0,Crossroads
The Crossroads,ChIJuVBjktMMwQ4RFrzMMCMFvC8,Dakar
Crossroads,ChIJ-Y5kXjau3kcRYqk8bYYPh2c,Deal
TOMPEL JAYA GAME FARM 43,ChIJmxOvqREj0i0R35vgJwXpIH4,Denpasar
SD Negeri 27 Pemecutan,ChIJQwykxLZA0i0RdtLdDlvpddI,Denpasar City
SD Negeri 8 Dauh Puri,ChIJ7QAZv-tA0i0RNLl4YSOGlIA,Denpasar City
SD Santo Yoseph 2,ChIJqcJrOOtA0i0RviBKOVQAl7g,Denpasar City
Saint Joseph Elementary School 1 Denpasar,ChIJhW9fJOtA0i0RKXwzdY3BcK8,Denpasar City
SD Muhammadiyah 2 Denpasar,ChIJ5bojhtFA0i0RddzT6fL75Bs,Denpasar City
Sekolah Dasar Negeri 21 Dauh Puri,ChIJBUTiKMdA0i0R3-uduH5zm6Q,Denpasar City
SD Negeri 6 Dauh Puri,ChIJc_FsM-pA0i0RS6I-cS2l3zA,Denpasar City
SD Negeri 15 Dauh Puri,ChIJFXkjPpNA0i0RM8OZAWDj0_0,Denpasar City
Primary School Num 19 Dauh Puri,ChIJvS9iQMFA0i0RC6mDY058JU8,Denpasar City
SD Negeri 15 Pemecutan,ChIJafMGGLpA0i0RWSz495tW2xE,Denpasar City
SD Negeri 10 Dauh Puri Denpasar Bali,ChIJd7FetcZA0i0RTc8xelD2zrQ,Denpasar City
Sekolah Dasar Negeri 23 Pemecutan,ChIJkQ8LVc9A0i0RfF7xIAE-L-o,Denpasar City
SD Negeri No. 24 Dauh Puri,ChIJzTYrqOtA0i0RpX_1JuWiJGw,Denpasar City
State Elementary School 1 Sesetan,ChIJae1Ev91A0i0RljWaohoNPv8,Denpasar City
SD 10 SESETAN,ChIJrSKadORA0i0R_KBdigS6Z3k,Denpasar City
SD Negeri 11 Dauh Puri,ChIJz0Vmm5VA0i0RQm-JfMz0cmI,Denpasar City
SD Negeri 3 Sesetan,ChIJv2seduRA0i0RNVxqCWfZHm8,Denpasar City
SD Negeri 14 Dauh Puri Denpasar,ChIJD47M6NpA0i0R4IT5CdxIEmA,Denpasar City
SD Negeri 2 Pemecutan,ChIJ3d3IwtFA0i0Rkcf9MWou1Eo,Denpasar City
SD Negeri 3 Panjer,ChIJWzy7SeRA0i0RIZGz7mcFf3Y,Denpasar City
SD Negeri 25 Pemecutan,ChIJ5ymbmc5A0i0RB2zDRLW3rls,Denpasar City
AHE MyO Panjer (LES Baca Tulis TK/PAUD Bimbel TK-SD-SMP) Calistung,ChIJ9_8ukDRB0i0R047nUrSd2aU,Denpasar City
SD Negeri 2 Pedungan,ChIJQ3oDMtlA0i0RB_2QySYi-_A,Denpasar City
Elementary School 7 Dauh Puri,ChIJp7IYDtdA0i0RZOgjtdWUa_s,Denpasar City
Yayasan Anak Emas,ChIJCfnx479A0i0RKheChU3mJU0,Denpasar City
SD Negeri 15 Dangin Puri,ChIJH1JoJ5JA0i0R26iyTp003E0,Denpasar City
Sekolah Dasar Negeri 1 Pedungan,ChIJW-tNjddA0i0RRaOrCPOBoeg,Denpasar City
SD Negeri 6 Panjer,ChIJBWy_4vFA0i0R4kbYzhRpzmY,Denpasar City
Sekolah Menengah Pertama Pelangi Dharma Nusantara,ChIJgdW2ouZA0i0R71OwfrQmD_U,Denpasar City
SD Negeri 19 Pemecutan,ChIJY4CATLJA0i0RtWN2pyKNUuU,Denpasar City
State Elementary School 7 Sesetan,ChIJMfQ1IhtB0i0RSKaVE2fwzcY,Denpasar City
SD 2,ChIJS5MfWgBB0i0RfNEthdwSkiw,Denpasar City
SD Negeri 7 Pemecutan,ChIJV7J0RLtA0i0R7m23cjJeDWE,Denpasar City
Sekolah Dasar 16 Pamecutan,ChIJlRPcZb1A0i0R7byA1UCKDrE,Denpasar City
SD Negeri 32 Pemecutan,ChIJDQgmBbFA0i0R2J7lF9ml2Rw,Denpasar City
SD NEGERI 19 DANGIN PURI,ChIJf90f0YFB0i0RASM4nFX5GII,Denpasar City
State Elementary School 2 Panjer,ChIJMaDlXfxA0i0RaL0-0mR6t1k,Denpasar City
Sekolah Dasar Kartika VII - 1,ChIJs1h20ZBA0i0R1xNWEoWwcCk,Denpasar City
SD Negeri 17 Pemecutan,ChIJLwb6R7tA0i0R_2CRXhOkmdA,Denpasar City
Sekolah Dasar Kartika VII - 2,ChIJhyxs2pBA0i0RH52MYHZ3524,Denpasar City
Sekolah Dasar Negeri No. 26 Pemecutan,ChIJjUIYI65A0i0Re387D_FaBfQ,Denpasar City
Sekolah Dasar No.3 Pemecutan,ChIJ__ccK6NA0i0RHm6FbIcchYw,Denpasar City
Muhammadiyah Elementary School 3 Denpasar,ChIJtUEgEa5A0i0R6COquYbVPlI,Denpasar City
State Elementary School 7 Pedungan,ChIJCeOwniFB0i0RXyGycgUA2PY,Denpasar City
SD Negeri 11 Pemecutan,ChIJE7OLx6RA0i0RnkW68oecW6E,Denpasar City
"Bimbel privat TK,SD Anak Hebat",ChIJtSQ4wzVB0i0RpOOyl5b--I4,Denpasar City
SD Negeri 01 Banjar Bali,ChIJbbGQ65lA0i0RpvyO4dbXlFo,Denpasar City
SD Negeri Pemecutan 26,ChIJYTj0Pq5A0i0RnJDBoz7rA5Q,Denpasar City
Sekolah Dasar Negeri 26 Dangin Puri Denpasar,ChIJCRWNQZpA0i0RO4ZymdqVINs,Denpasar City
SD Negeri 10 Pemecutan,ChIJz_T0D9VA0i0Rk5aKZIL3TWQ,Denpasar City
SD Negeri 18 Pemecutan,ChIJvW03C6dA0i0Rq72O6imp0RM,Denpasar City
"BALISTUNG Les Baca Tulis, Les Privat, Les Online, Les Bahasa Inggris, Les Matematika, Bimbel SD - SMA",ChIJK9zXlPxA0i0RjMGwVmua4Wo,Denpasar City
SD NEGERI 22 DANGIN PURI DENPASAR,ChIJY1PrLhNB0i0RPgGOqRNjDO8,Denpasar City
State Elementary School 4 Panjer,ChIJpfUP3f1A0i0RAGwqvFIYAp0,Denpasar City
AHE SUMERTA KAUH (BIMBEL CALISTUNG DAN BIMBINGAN BELAJAR TK DAN SD),ChIJX7BM2zNB0i0R0d8tzTOcj_o,Denpasar City
Tawakkal Junior High School,ChIJVei-texA0i0RxHsvDJMVNTw,Denpasar City
SD Anak Emas,ChIJcZOtIk1H0i0RKmka4aBrB2c,Denpasar City
SD Negeri 9 Pedungan,ChIJ9_oZHS9B0i0R0cEt_nr2-U0,Denpasar City
SD No. 6 Sumerta,ChIJDS_QQYVA0i0RR1moID3HDaY,Denpasar City
Bimbel SD LENA,ChIJt-4BbFJB0i0RJBHPbdpUZ2w,Denpasar City
SD BALI PUBLIC SCHOOL,ChIJ9-P50xhB0i0Rb_Jof0TPCKA,Denpasar City
Primary School 1 Pemecutan,ChIJZ6g0faRA0i0RqtOW55NdaeU,Denpasar City
SD Tri Murti Denpasar & TK Lingga Murti School,ChIJr70zSKlB0i0Rp5uZQaTjdaA,Denpasar City
SD Bintang Timur Denpasar,ChIJM2kK4JZB0i0RU_OpuB70r_U,Denpasar City
SD Cerdas Mandiri,ChIJA_16YwVB0i0R1uKBodMOtcg,Denpasar City
SD Negeri 14 Dangin puri,ChIJyR32zJtA0i0RRVy38NJC_jA,Denpasar City
SD Echelon,ChIJ2xaFKgBB0i0Rz7LEyQzp49A,Denpasar City
Yayasan Bhakti Mulia Abadi Denpasar,ChIJnShFClRH0i0RoDT38FOGiaY,Denpasar City
SD Negeri 29 Pemecutan,ChIJ2TvVBlY_0i0R_ofCJ28AvXI,Denpasar City
SD Saraswati 4 Denpasar,ChIJgZo9a_9A0i0RtXuypdPCRBo,Denpasar City
SD Negeri 5,ChIJIQbofvZA0i0R-fvGX_Xnxg8,Denpasar City
SD Negeri 17 Dangin Puri,ChIJrVFaZJtA0i0RwgihWoBtn5E,Denpasar City
SD Negeri 4 Pemecutan,ChIJz8APH6FA0i0RCVOh20Hto3M,Denpasar City
SD Negeri 01 Abiantuwung,ChIJPXkgHpxA0i0RasWOjOpba2U,Denpasar City
Sekolah Dasar 7 Sumerta,ChIJNVi2lWJA0i0RlNRmaY4Jzvw,Denpasar City
Cipta Dharma Elementary School,ChIJre9Z64VA0i0RLrO7UCXhXvQ,Denpasar City
SD Negeri 6 Sesetan,ChIJs_rkXhpB0i0RMyGMgiCQ858,Denpasar City
SD Negeri 18 Padangsambian,ChIJpbOcLjRH0i0Rm05nLtGDxL8,Denpasar City
Sekolah Dasar Petra Berkat,ChIJq9bVpFhA0i0R-A4xsmMUhvo,Denpasar City
SD Negeri 18 Sesetan,ChIJaWPLpxlB0i0RnR3gQMMl7HA,Denpasar City
Elementary School 11 Sesetan,ChIJdXsoihtB0i0R5GHRXTTq2ho,Denpasar City
Sd Negeri 6 Padangsambian,ChIJNxwCgFRH0i0R30p34TxfBJ4,Denpasar City
Elementary School 28 Dangin Puri,ChIJ7U2yNINA0i0RKMqoP2Tguuk,Denpasar City
SD Saraswati 1 Denpasar,ChIJQYfeaoNA0i0RK4GKDzkgXKs,Denpasar City
SD Saraswati 2 Denpasae,ChIJxRcjagBB0i0RDonl3LA7tD0,Denpasar City
SD 3 PADANGSAMBIAN KLOD,ChIJ8UDmATFH0i0RqZku48mReyk,Denpasar City
Sekolah Dasar No. 8 Pemecutan,ChIJwzTJx6BA0i0Ry7yt51tdw3U,Denpasar City
Hainan Elementary School,ChIJMZHzxKpB0i0RN0kszVf5Gs4,Denpasar City
SDN 11 Padangsambian,ChIJE8Oz4VNH0i0RjwQxpk4FU-0,Denpasar City
SD Negeri 21 Pemecutan,ChIJzZvSEKdA0i0RUGbv-_5g3Ro,Denpasar City
Elementary School 5 Padangsambian,ChIJ91e0ylZH0i0Rh2aqQyLfL44,Denpasar City
Elementary School 1 Padangsambian,ChIJQeaLbVVH0i0Ra5Qiia2A3JM,Denpasar City
SD Negeri 9 Sumerta,ChIJJ5T0q4dA0i0Rp896l4koxjY,Denpasar City
SD Negeri 6 Padangsambian,ChIJQchuAjFH0i0RkhrPjiQNVzI,Denpasar City
Sekolah Dasar Tunas Harapan Jaya,ChIJSabCWThB0i0RZhPDhjbVuw0,Denpasar City
SD Negeri 2 Sumerta,ChIJncdTcIZA0i0R-JMRoRyBfeg,Denpasar City
SD Negeri 2 Dangin Puri,ChIJZblGHp5A0i0RQ4akFEWv6ME,Denpasar City
Elementary School 10 Padangsambian,ChIJByDtKFRH0i0RbWGlsIHyYnw,Denpasar City
SD Adhi Mekar Indonesia,ChIJ8e96ZVs_0i0RbYMm-_c56KY,Denpasar City
Sekolah Dasar No.4 Sumerta,ChIJlaW-i4dA0i0R5QdXNqkBywQ,Denpasar City
Saraswati 3 Primary School,ChIJe9c-iV5A0i0REpoikfEKnPs,Denpasar City
Sd 11 Sumerta,ChIJM9h5LVlA0i0RZO-NLgJaFM8,Denpasar City
Elementary School # 9 Padangsambian,ChIJ2eGfvqs40i0RHdprVuN_CvA,Denpasar City
Elementary School 14 Pemecutan,ChIJhWldL1k_0i0R05luk1T1yvU,Denpasar City
SD 13 SESETAN,ChIJE4sNJA1B0i0ROHzWoVYC33o,Denpasar City
"SD WAHIDIYAH, Denpasar-Bali, Indonesia",ChIJG5xnbTVB0i0RER7LmLfYOAw,Denpasar City
SD 23 DANGRI,ChIJ8y73nWY_0i0Rqe25C0y-vRY,Denpasar City
SD Negeri 1 Sanur,ChIJ45rWKE5A0i0RwuMGMpfMQ-g,Denpasar City
Sekolah Dasar Negeri No. 4 Sesetan,ChIJ2ZJSHAlB0i0RN-IhuMpn9LU,Denpasar City
SD PGRI Kota Denpasar,ChIJt_KTmX8_0i0RXzjEScKVwbU,Denpasar City
SD Negeri 1 Renon,ChIJI_1wYVlA0i0RTTg8UCNYR_w,Denpasar City
SD Widya Cipta School,ChIJCwIpLGdA0i0RXPCEGSwIoig,Denpasar City
SD Negeri 12 Padangsambian,ChIJrYPth7I40i0RocTYZRr5d90,Denpasar City
Sekolah Dasar Negeri 1 Sumerta,ChIJq0BPQYBA0i0RcOsunPGIwbE,Denpasar City
SD Negeri 3 Renon,ChIJ1RYVdFNA0i0Rok5mSLGuz28,Denpasar City
SD Negeri 3 Sanur,ChIJswXDAlJB0i0RMfuVHcbPcPw,Denpasar City
SD Negeri 2 Sanur,ChIJJRtakEZA0i0Rea-1Np9NNB4,Denpasar City
SD Negeri 20 Dangin Puri,ChIJl_6RHWc_0i0RVAUDjlbd1yw,Denpasar City
SD Negeri 13 Pedungan,ChIJPaXLyTRB0i0RQG8qrZAYPgA,Denpasar City
SD Negeri 10 Sumerta,ChIJhYh1vn1A0i0RGfAjw-JlFw8,Denpasar City
SD Negeri 24 Pemecutan,ChIJh7tOvlw_0i0RB-oJinvj_H8,Denpasar City
SD Negeri 14 Padangsambian,ChIJd7Hj_1I_0i0RywBYBXhMc88,Denpasar City
SD Negeri 13 Kesiman,ChIJac4NBXlA0i0RvTlzaIt_7BQ,Denpasar City
SD Negeri 5 Sumerta Kaja,ChIJWRz9Onw_0i0RRYfwm_MvfMY,Denpasar City
SD Kartika VII-3 Denpasar,ChIJjwmLgzhB0i0R22GljcIB4ac,Denpasar City
SD Negeri 2 Tonja,ChIJWcvR93k_0i0RMTH67t3jH5I,Denpasar City
SD BALI DHARMA SCHOOL,ChIJ12shn9dB0i0R5HKD7Ucua-U,Denpasar City
SD INPRES ECI,ChIJ5XbleABB0i0RJw4-8SLDMhE,Denpasar City
SD Negeri 9 Sesetan,ChIJGc1_cKBB0i0R8bWljz-GFWE,Denpasar City
Madrasa Ibtidaiyah Permata Hati,ChIJwa4EijdB0i0RZkXeCN7HW8Y,Denpasar City
Sekolah Dasar 1 Kesiman jalan wr supratman,ChIJ9SkUYH9A0i0RvmQcpbd173s,Denpasar City
SD 2 KESIMAN,ChIJMyj4qIE_0i0R-PgmOOLuBEM,Denpasar City
Sekolah Dasar Negeri 11 Kesiman,ChIJO4YA6IA_0i0RZoDO06-hKNM,Denpasar City
SD Negeri 12 Sesetan,ChIJM7uwqKFB0i0RGvwbFIjAm50,Denpasar City
SDN 5 Pedungan,ChIJqVuwaQ1B0i0RlPLTUKjUaeQ,Denpasar City
SD Saraswati 6 Denpasar,ChIJTUwFIno_0i0RGjlcIUjPXiI,Denpasar City
SD 5 SANUR,ChIJv7g7AExA0i0R7uUtHpuXgT4,Denpasar City
SD Negeri 5 Kesiman,ChIJFZliCXhA0i0RYQIGDMkgZPU,Denpasar City
"Insan Prestasi School (PG, TK & SD)",ChIJT-HW13s_0i0RtdRWt9DFKbo,Denpasar City
Public Elementary School 2 Dauh Puri,ChIJJYAgbr5A0i0RW5h8qZki44k,Denpasar City
Elementary School 12 Dauh Puri,ChIJWSp5IsRA0i0Rad6U2Nad_Iw,Denpasar City
SDN No. 14 Pedungan,ChIJT19CNNdA0i0REExIbMJjb3I,Denpasar City
Sekolah Dasar Negeri 13 Dauh Puri,ChIJ3clE79pA0i0RA3DvXryPJY0,Denpasar City
SDN 5 Dauh Puri,ChIJi6yDNGZB0i0RpmYwe5djLpE,Denpasar City
SDN 29 Dangin Puri,ChIJtSvbd5JA0i0RhauSZ843nNI,Denpasar City
SDN 10 PEDUNGAN,ChIJZ0gsT99A0i0RFatGGgx7Zh0,Denpasar City
Sekolah Dasar Negeri 1 Panjer,ChIJ9_5k9_NA0i0RXmIG1-s3XSI,Denpasar City
SDN 5 PANJER,ChIJffG5GwJB0i0Rc0Wr_p6LAl8,Denpasar City
SDN 6 Pedungan,ChIJNe3nkDpB0i0R1QuJrLuFOBU,Denpasar City
SDN 13 PEMECUTAN,ChIJM16oetRA0i0RsKAAAtjbJ5k,Denpasar City
State Primary School Trustees Tulangampiang,ChIJgylgbqhA0i0Rbv3MUV0mrTU,Denpasar City
Sekolah Dasar Negeri 21 Dangin,ChIJ68NmHYNA0i0R_iNd357KDWA,Denpasar City
SD Negeri 12 Pemecutan,ChIJA5J8P14_0i0RUT0hJuemgng,Denpasar City
SD Negeri 2 Sesetan,ChIJkXQoQBFB0i0RuTPzvpiigko,Denpasar City
SDN 4 Dauh Puri,ChIJWSkgUmc_0i0Rgz6AeZkhJfQ,Denpasar City
SDN 12 Sepandak D,ChIJOSIEDRQ50i0RFT0JgttXrlk,Denpasar City
SDN 1 TERANG-TERANG,ChIJKa1lZgA_0i0R2O6apxARayY,Denpasar City
Sekolah Dasar Negeri 6 Kesiman,ChIJMW8HV4E_0i0RQIdXSLhj3FU,Denpasar City
Sekolah Dasar Negeri 10 Sanur,ChIJD-n9GUtA0i0R-UszydMxz7o,Denpasar City
SD Negeri 17 Padangsambian,ChIJ85u_RDBH0i0RbkKlm0EUilM,Denpasar City
Sekolah Dasar Negeri 8 Sanur,ChIJWe8x7UtA0i0Rwe_8ewRKhEo,Denpasar City
SDN TANAMERA III,ChIJVbyW1jxB0i0RHfyJs-D-RnQ,Denpasar City
Elementary School 4 Sanur,ChIJhbHFfbdB0i0Rq4fQfsCKmi4,Denpasar City
Sekolah Dasar Negeri No. 11 Pedungan,ChIJw0T3lkhB0i0RdvvBsaEnupM,Denpasar City
Sekolah Dasar Negeri 33 Dangin Puri,ChIJ8RP-U2g_0i0RKjH81HWZCPA,Denpasar City
Sekolah Dasar Negeri 1 Ubung,ChIJL1tPqUc_0i0RCfyiVl9URcc,Denpasar City
SDN 11 Sanur,ChIJm9BlZL1B0i0RVrVPtv2X7QU,Denpasar City
Sekolah Dasar Negeri No. 6 Sanur,ChIJ04bbEEZA0i0RJy5nMZj96Ck,Denpasar City
SDN 12 Sanur,ChIJecfJ10ZA0i0R9rmYeclskqM,Denpasar City
Sekolah Dasar Negeri 18 Dangin Puri,ChIJsywr2GQ_0i0R_9MSGI-mNaU,Denpasar City
Sekolah Dasar Negeri 3 Pedungan,ChIJ730m8UxB0i0R-q9dGjKcUCQ,Denpasar City
SD Negeri 1 Tonja,ChIJH_wzs3A_0i0RkQtasxzqxBc,Denpasar City
SD Negeri 5 Tonja,ChIJe3ivEEk_0i0RG7OXATmysOk,Denpasar City
Pkbm Harapan Bangsa,ChIJBw_fLOFA0i0Rlz7JCgBkh3o,Denpasar City
SDN 14 KESIMAN,ChIJ_fC1EYQ_0i0R3ZWmcqi87z8,Denpasar City
SDN 12 Kesiman,ChIJP6kRifU_0i0R83-uYcFg41g,Denpasar City
Elementary School 17 Dauh Puri,ChIJcxDbIkI_0i0Rs30obagfN2Q,Denpasar City
SD Negeri 3 Tonja,ChIJcZQi5gw_0i0RLzKhkOctcLI,Denpasar City
Elementary School 16 Kesiman,ChIJUXXOu_I_0i0Re_nqgvRKNy0,Denpasar City
SD Negeri 2 Padangsambian,ChIJE5xC9Mo40i0RwqTKxLaEoCw,Denpasar City
SD Negeri 5 Peguyangan,ChIJQyWI5EE_0i0R1oUpxXqo_5E,Denpasar City
Sekolah Dasar Negeri 5 Penatih,ChIJMxod8Js_0i0Rms8TOWAZBdQ,Denpasar City
Sekolah Dasar Negeri 1 Peguyangan,ChIJgznmZR8_0i0R4Tj6QLYpe0s,Denpasar City
SD Negeri 4 Ubung,ChIJudh0tzs_0i0R1RMgfwR1MnY,Denpasar City
SD Negeri 3 Kesiman,ChIJW41OXpI_0i0R8_FlO0xf6TQ,Denpasar City
Sekolah Dasar Negeri 11 Peguyangan,ChIJn4r6qyQ_0i0RKBdU57kTVso,Denpasar City
Sekolah Dasar Negeri 2 Ubung,ChIJHzN60y4_0i0RuL066Sq8N9Y,Denpasar City
SD Negeri 17 Kesiman,ChIJkxPdwpU_0i0R7Xwl7aWhJss,Denpasar City
Sekolah Dasar Negeri 2 Penatih,ChIJX6M6d68_0i0RqdIeQv6rkU4,Denpasar City
SDN 10 Mataram,ChIJCfgMA-E_0i0RU-JzfV33tpk,Denpasar City
Sekolah Dasar Negeri No. 3 Peguyangan,ChIJb4vkeCI_0i0RXs6fV8buC-g,Denpasar City
Sekolah Dasar Negeri 12 Peguyangan,ChIJ-xexHtw-0i0RGEuAvCD1QmY,Denpasar City
Sekolah Dasar Negeri 8 Padang Sambian,ChIJR7NtO9I40i0RRiXYeJVjGg8,Denpasar City
Sekolah Dasar Negeri 8 Peguyangan,ChIJEZSUH-E-0i0R__ugkXf6Eqw,Denpasar City
Sekolah Dasar Negeri No. 3 Penatih,ChIJs6mmT_g-0i0RU3Qz7ZA7MFc,Denpasar City
Sekolah Dasar Negeri 7 Kesiman,ChIJDzn5Z_Q_0i0R3rLEv-xnkM4,Denpasar City
Madrasah Ibtidaiyah Negeri Denpasar Elementary School,ChIJv-ogKy9B0i0RfByPk-dztRA,Denpasar City
Muhammadiyah 1 Denpasar Habitual School,ChIJV8LD2rxA0i0RynRHnxDzIMU,Denpasar City
SD Negeri 8 Sumerta,ChIJLy1DD4NA0i0R_Qgc3Fbvl8g,Denpasar City
SD Negeri 7 Peguyangan,ChIJlx5jKLI40i0ROE7kJIpreYw,Denpasar City
Sekolah Dasar Negeri 8 Kesiman,ChIJGw1883hA0i0Ru8un8nvimSs,Denpasar City
Sekolah Dasar Negeri 10 Peguyangan,ChIJixgL-mo_0i0RdfFuSQ6oFXc,Denpasar City
SD Negeri 9 Kesiman,ChIJJbI9DXc_0i0RkyzLTC3m9Wg,Denpasar City
Public Elementary School,ChIJ72q5Gog_0i0RTZAei3ntAy4,Denpasar City
SD Negeri 2 Peguyangan,ChIJixOEd8M_0i0R9SnR0NL4Jlw,Denpasar City
SD Negeri No 5. Ubung,ChIJ6ZfCIUE_0i0Roq0YU-55dfo,Denpasar City
Madrasah Ibtidaiyah Quba',ChIJb9LyM65A0i0Rw1KBH4teyXg,Denpasar City
Sekolah Dasar Negeri 1 Penatih,ChIJ_X3SN0E_0i0RGFRdrMDVHck,Denpasar City
Sd Negeri 12 Kesiman,ChIJoZUy5KE_0i0RdFfSw36PC0k,Denpasar City
SD Negeri 3 Ubung,ChIJjY7egzs_0i0RO8HTDDFLe_g,Denpasar City
Sekolah Dasar Negeri 2 Serangan,ChIJW_wD3vhB0i0R0vnS6DLIzgk,Denpasar City
SD Negeri 4 Peguyangan,ChIJ3Vy1mwU_0i0RAfl3xzdcBvQ,Denpasar City
Elementary School No. 7 Peguyangan,ChIJxQdUZPA-0i0R0mzcTvKBajQ,Denpasar City
SDN 1 Gulingan,ChIJ94Slto470i0RU-rIXikTvSU,Denpasar City
State Junior High School 1 Denpasar,ChIJJYKxxZtA0i0RWbSFIbkHtLo,Denpasar City
State Junior High School 8 Denpasar,ChIJ38OdPX8_0i0Rhdud9zlfxeg,Denpasar City
Saint Joseph Junior High School,ChIJV48HXetA0i0R3WSvvUyzcqo,Denpasar City
State Junior High School 7 Denpasar,ChIJZ15OwbBA0i0R-uAJx2N7h0I,Denpasar City
School SMP PGRI 1 Denpasar,ChIJfw8pQ7dA0i0RH5L1WWN4cyw,Denpasar City
School SMP Harapan Mulia Denpasar,ChIJoztRks1A0i0RExfNEE-bfCo,Denpasar City
SMPK 1 Harapan,ChIJLzfhcGVB0i0Rpp8_6kjOVnY,Denpasar City
Junior Sapta Andika Denpasar,ChIJ7bXgNLdA0i0R9RL3GfZbO30,Denpasar City
SMP N Amplapura,ChIJ1_zHWOlA0i0RT43Iv6QTrXI,Denpasar City
SMP Muhammadiyah 1 Denpasar,ChIJuywtj-pA0i0RGCoBImV5Mt8,Denpasar City
SMP PGRI 7 Denpasar,ChIJjaP0X5pA0i0RKD-pOy__siU,Denpasar City
WIN HOUSE SMP,ChIJH4vOC9hB0i0R24b90fDHA3U,Denpasar City
National junior high school Denpasar,ChIJf1HsOulA0i0RZvUgLVcifkE,Denpasar City
Pondok Tahfizh SMP Muhammadiyah 2 Denpasar,ChIJXRbvJGNB0i0R__ktHM_WnMI,Denpasar City
SMP Muhammadiyah 2 Denpasar,ChIJaaf2EK5A0i0RSzGrb1k5NWM,Denpasar City
AUDITORIUM SMP NASIONAL DENPASAR,ChIJIwINg2lB0i0RsmkK14fLYdw,Denpasar City
SMP Sunariloka,ChIJ7TaagJBA0i0RyfkmAekZPkE,Denpasar City
SMP PGRI 6 Denpasar,ChIJjcGar5pA0i0RMV3XByYYc40,Denpasar City
smp budi utama,ChIJublobgBB0i0RDfwkxuIQSQ8,Denpasar City
Albanna School,ChIJ467nHPJA0i0RzeESGizmLZs,Denpasar City
SMP Dharma Wiweka,ChIJH8Jo2xdB0i0RFxtatVcfPDI,Denpasar City
SMP Pemecutan,ChIJUQ3DEqRA0i0Rf_5axdijxdM,Denpasar City
State Junior High School 6 Denpasar,ChIJO4ZxIRdB0i0RYeIL8ya9oq0,Denpasar City
Junior High School 4 Denpasar,ChIJB1I8IahA0i0RCCuUcwQYTVg,Denpasar City
SMP Dwijendra Denpasar,ChIJuanqo4RA0i0RHS8xB57hYVU,Denpasar City
SMP Ganesha Denpasar,ChIJHa499BZB0i0RN7SD25fb9b4,Denpasar City
School SMP PGRI 3 Denpasar,ChIJhxcpG6hA0i0RtbHGkcpaKgw,Denpasar City
SMP Negeri 3 Denpasar,ChIJs6rhc5o_0i0RlTXy4ym8II8,Denpasar City
State Junior High School 2 Denpasar,ChIJ3VYj_4ZB0i0RUPX1eYVXx5c,Denpasar City
Catholic High School of Saint Yoseph Denpasar,ChIJy8aUQOtA0i0RbPx3R_rwnTc,Denpasar City
SMP/SMA Bali Dharma School,ChIJrZ7yWRtB0i0RqhWtqjYbkzU,Denpasar City
SMP PGRI 5 Denpasar,ChIJH7KSgFU_0i0RPDbapxhaCgM,Denpasar City
SMP Pertiwi Dewata Denpasar,ChIJ3afsuJxA0i0RUrbe_1flBo4,Denpasar City
SMP Negeri 13 Denpasar,ChIJ6SWHZjhH0i0RPQNDbkhARmQ,Denpasar City
"Yayasan Tawakkal Bali (TK, RA, MI, SMP, MA)",ChIJb3DGneRB0i0R-vYWoRUNeKI,Denpasar City
SMP Taman Pendidikan 45 Denpasar,ChIJOc4bFoNA0i0RcaaiBe2aMFg,Denpasar City
SMA (SLUA) Saraswati 1 Denpasar,ChIJHahYUp1A0i0RWntEJ9FynSI,Denpasar City
RA Tawakkal,ChIJBx6Dt-1A0i0RL9tU_wmpfI4,Denpasar City
Les Private SMP SMA di Denpasar Bali,ChIJI_B5K41B0i0R19jIxGThWHw,Denpasar City
Smp Pgri 5 Denpasar,ChIJD8ibPKhA0i0RffL56KO-Sd0,Denpasar City
Smp Tunas Harapan Jaya,ChIJ7Ta20BVB0i0RftPUHKpvhI8,Denpasar City
SMP Adhi Mekar Indonesia,ChIJC9w7bVs_0i0RaVSa124KdKk,Denpasar City
Smp PGRI 3,ChIJvS3C_7A_0i0RPM1AP2zlf8s,Denpasar City
SMP 12,ChIJ5QIT9iFH0i0RmGcJQjdLJAo,Denpasar City
Play Group & TK Harapan,ChIJYW2TAOdA0i0R6Q9310zc6XU,Denpasar City
Junior High School Wisata Sanur (SMP Wisata Sanur),ChIJ3f6vd0lA0i0RO3-4NL9kB6Q,Denpasar City
Madrasah Aliyah Tawakkal Denpasar (MA Tawakkal Denpasar),ChIJIbqicPZB0i0RfABEZAbVhNM,Denpasar City
The Champion School,ChIJHcWCOblA0i0Rh2SOxFpEU2k,Denpasar City
SMP PGRI 4 Denpasar,ChIJ449cLhVB0i0RpUwNGthamOI,Denpasar City
Tunas Bangsa Christian School,ChIJgdp2VwJB0i0RDhdQM1jq3t0,Denpasar City
State Junior High School 10 Denpasar,ChIJ07raf08_0i0Ru_Wef_rO83Q,Denpasar City
SMA Nasional,ChIJ5UVFa-lA0i0RGIfONvNehUQ,Denpasar City
PAUD Anak Emas,ChIJq_b05L9A0i0RGEW4qoZg-6k,Denpasar City
PGRI 2 Junior High School Denpasar,ChIJTV2wCss_0i0RV85LI3vN48Q,Denpasar City
State Junior High School 5 Denpasar,ChIJoek710c_0i0R8vUGF0w5q64,Denpasar City
SMP NEGERI 14 DENPASAR,ChIJY8MgHi8_0i0RCTrCEJTOxzY,Denpasar City
School SMP PGRI 9 Denpasar,ChIJoVh7OWg_0i0RokdgAJ3Ocx4,Denpasar City
State Junior High School 9 Denpasar,ChIJbwdId7VB0i0RdamrMYds2oQ,Denpasar City
SMP PGRI 8 Denpasar,ChIJaYNkUUE_0i0R6xemlaPnR9A,Denpasar City
SMP Bintang Persada Denpasar,ChIJgWOiW0s_0i0RWnYnmS8wiFs,Denpasar City
School SMP Harapan Nusantara Denpasar,ChIJHVCsMUg_0i0RgGFQMnpevOk,Denpasar City
Smp taman rama,ChIJ7zi-Gx0_0i0RqAwHmPSXoYg,Denpasar City
State Junior High School 15 Denpasar,ChIJV6fHRJo50i0R6tJQPXFqInk,Denpasar City
Homeschooling Anak Berbakat,ChIJYTKgOUpB0i0RLvxMiBLMk-s,Denpasar City
SMP Sila Dharma,ChIJK2iqUY0_0i0RI_o7vq0t8cQ,Denpasar City
Jasa les privat & konsultasi soal tugas/PR matematika SD SMP SMA,ChIJKTcngDtB0i0RUVODY2JStKI,Denpasar City
Santosa Intercultural School,ChIJDYIZEFVA0i0RF8S_yoE-ghw,Denpasar City
SMP Widya Sakti,ChIJf_rZsKY_0i0R4BM5LeJpP00,Denpasar City
SMP SATHYA SAI,ChIJ55MAOQA_0i0ReT67SkIyAHw,Denpasar City
Kursus Bahasa Jepang PT JIPA,ChIJ-bSY3pxB0i0RtKJDKnNMxUA,Denpasar City
SMP Swa Dharma,ChIJZUqPZh8_0i0RdYk-V2bCFvU,Denpasar City
SMP Negeri 12 Denpasar,ChIJlXb3sRs_0i0RVUZ017tX-A0,Denpasar City
Universal School Denpasar,ChIJEw78owdB0i0Rex92N0t2pfo,Denpasar City
"Bimbingan Belajar BALI CENDIKIA (LES BACA TULIS, LES BHS INGGRIS, LES MATEMATIKA,LES SAINS untuk SD-SMP )",ChIJ460AQ95B0i0RFw7xYC1FD0E,Denpasar City
PKBM CEMERLANG (SAHABAT CEMERLANG),ChIJBz8vY1VH0i0RLRKSgVRnDcM,Denpasar City
Bimbingan Belajar Sd-Smp-Sma Ganesha Sains,ChIJ2d2zPv8-0i0RDMYE7ovvO5Q,Denpasar City
State Senior High School 7 Denpasar,ChIJJyfI1oJA0i0RC6u8Mz_Hx2Q,Denpasar City
Raj Yamuna School,ChIJO-vbaXNA0i0RDB7c2mD95s8,Denpasar City
Sekolah Kuncup Bunga,ChIJBzByjn1A0i0RXrI7XkUc7l0,Denpasar City
SMP Widya Dharma,ChIJaYpHUZVA0i0R1Hx7B5EtzLY,Denpasar City
Bundaran Tugu Hang Tuah,ChIJY51vAyBB0i0RwEpbJaqhn2o,Denpasar City
Bundaran Kota Denpasar,ChIJG9Qysr9B0i0RGjf1NDleWSc,Denpasar City
Bajra Sandhi Monument,ChIJL626sPVA0i0RLJoATqtQcfY,Denpasar City
Patung Titi Banda,ChIJq8mxz3VA0i0R-tqin8SRS1A,Denpasar City
Lapangan Niti Mandala Renon - Monumen Perjuangan Rakyat Bali,ChIJwTriT_RA0i0Rc-VfV_8K4EI,Denpasar City
Monumen I Gusti Ngurah Made Agung,ChIJG-kd72E_0i0RW7JnhtRIdgQ,Denpasar City
Patung Catur Muka,ChIJgWctP5lA0i0R4gZVQS_kygQ,Denpasar City
Monumen Perjuangan Masyarakat Bali (Perang Puputan),ChIJrfD3YcpB0i0RVbiDx7AQF_o,Denpasar City
Bali Oka Monumen,ChIJeS-dqjA_0i0RnXr53OweQdA,Denpasar City
Sanur Harbour,ChIJvV1RakpB0i0RJ3spgkJsiA0,Denpasar City
Monumen Kapten Ida Bagus Japa,ChIJk1eAtZRB0i0RSLqmK0o0IQI,Denpasar City
Simpang Tohpati,ChIJTz3Dbsc_0i0RXpJX1MadAYQ,Denpasar City
"Bali Festival Park, Padang Galak",ChIJL-o1GhJA0i0R5Abv31St2ck,Denpasar City
Pura Puseh,ChIJ_bHjrZw_0i0RSBP7XeJLPvs,Denpasar City
Monumen bajra sandhi,ChIJzfJ4fd5B0i0RAe3n8ISPzbU,Denpasar City
Gapura Agung UD,ChIJGfv9b0U_0i0R4udIJfbHxzY,Denpasar City
Lapangan Puputan Badung (I Gusti Ngurah Made Agung),ChIJjwVsIUlB0i0RBk16agfVjV0,Denpasar City
Tugu Perbatasan Kabupaten Badung,ChIJ74F48vY50i0R5TF_WNGth3U,Denpasar City
Tugu Perbatasan Kabupaten Badung,ChIJ2alhry050i0R07yZxa9cb8M,Denpasar City
Pura Tugu Sekar Wangi,ChIJUb6V6zI_0i0R0kmxomR3WEc,Denpasar City
ᬢᬸᬕᬸ​ᬦᬶᬢᬶ​ᬫᬦ᭄ᬤᬮ᭟​ Tugu Niti Mandala,ChIJ2d--CABB0i0RH3Py0LBbOFI,Denpasar City
Lapis kukus tugu malang,ChIJocoMDB0_0i0Rf6AXUqABYrU,Denpasar City
SD Negeri 4 Penatih,ChIJG35uYrw_0i0R3LJgoyrEolU,Denpasar City
Balai Banjar Buaji,ChIJy4U7HBc_0i0RvKl8aAfOnFw,Denpasar City
Balai Banjar UMASARI,ChIJDSTWsmU_0i0R7TUOX99ihi8,Denpasar City
Balai Banjar Oongan,ChIJnwb93sE_0i0R1z5Z2VRr7PY,Denpasar City
Balai Banjar Ketapian Kelod,ChIJOZBJKy9B0i0R64UXHzAbe48,Denpasar City
Balai Banjar Karang Sari,ChIJwdemoOo_0i0RokWnLuwq5TU,Denpasar City
Balai Banjar Jabapura,ChIJXWgjdgBH0i0RtXvAFaEkavE,Denpasar City
SMPN 3 Abiansemal,ChIJxen9uJ0-0i0RitU2XZvzpts,Denpasar City
Griasta School,ChIJv7YgZHs_0i0RuCc6aX9fACQ,Denpasar City
SPENDA ROCK CITY,ChIJg7R_3IE_0i0R5fnrEryBiDY,Denpasar City
BALAI BANJAR BEKUL.,ChIJiV3Z3ZU_0i0RApf7gatOuk8,Denpasar City
ZUMA Denpasar Junction Level 21 Mall,ChIJ2V8_-dNB0i0RVAOCk3bZWh8,Denpasar City
Level 21 Mall,ChIJseulnc9B0i0Rkd9V7KFQch8,Denpasar City
D'Crepes Level 21,ChIJU-NDF5FB0i0RJ_O4E2HXMQc,Denpasar City
MINISO LEVEL 21,ChIJm05Hav1B0i0RO0-3_Gj2SYg,Denpasar City
SPORTS STATION LEVEL 21 MALL,ChIJAZgUzetB0i0RY44disnMUJk,Denpasar City
Level 21 Cinema XXI,ChIJ3xU7SJVA0i0R2xLNJNmwNpU,Denpasar City
Minimal Denpasar Junction,ChIJCRxJ_sNA0i0Rd0s1uBknrkY,Denpasar City
RamenYA! Level 21,ChIJYeGSX-NB0i0RI1EZV4f6oro,Denpasar City
Timezone Level 21 Mall 1st Floor - Arcade Games,ChIJQV1QSJVA0i0RAM_eTBiBxIw,Denpasar City
KIDZ STATION,ChIJaaEFbGxB0i0RwMEQxaHaofo,Denpasar City
Bakmi GM Level 21,ChIJs3AbZ1dB0i0R1MDeEnPd0H4,Denpasar City
Ta Wan - Level 21 Bali,ChIJ9zS8L5VA0i0RQD8BQS7m-N4,Denpasar City
Urban Lane eatery & coffee,ChIJ48WOmhRB0i0RxCCnrIHT6uI,Denpasar City
김짜장,ChIJ7a2Zvb5B0i0Rp8hLhBi_0JU,Denpasar City
Kantor Kepala Desa Sumerta Kauh,ChIJ244v24RA0i0R9UShmMo-sBE,Denpasar City
Kantor Kepala Desa Padangsambian Klod,ChIJLYedHzJH0i0RYq3vPd90YyE,Denpasar City
Kantor Desa Pemecutan Kelod Denpasar,ChIJg_jHP8ZA0i0RE152b1UClxA,Denpasar City
Kantor Kelurahan Dauh Puri Klod,ChIJp79Jr-tA0i0Rf6QE58qs1KU,Denpasar City
Kantor Desa Sumerta Kelod,ChIJIfUL_4pA0i0RL5QvS2W1bTQ,Denpasar City
Kantor Perbekel Desa Dauh Puri Kauh Denpasar,ChIJay94SMFA0i0RxP60VJV20Z4,Denpasar City
Kantor Perbekel Dauh Puri Klod,ChIJN9Q7QSFB0i0R2kRfLwd5djk,Denpasar City
Kantor Desa Tegal Harum Denpasar,ChIJld0vyLZA0i0RXnjoMB1Zle4,Denpasar City
Kantor Desa Pemecutan Kaja Denpasar,ChIJj6qzC6BA0i0RBPNXuXTu8Ec,Denpasar City
Kantor Desa Tegal Kertha,ChIJvWwlwa9A0i0RQNtg88rqQuc,Denpasar City
Kantor Kepala Desa Penatih Dangin Puri,ChIJ8XP0H0A_0i0RPYMqG8eEjXU,Denpasar City
Kantor Desa Dangin Puri Kangin Denpasar,ChIJt7SYVJtA0i0RbtlRLsAfmxA,Denpasar City
Kantor Desa Sidakarya,ChIJr577lwlB0i0RPUT9VCmnwGM,Denpasar City
Kantor Perbekel Desa Pemecutan Kaja,ChIJ2VEcDF8_0i0RoB5C-OQ7ES8,Denpasar City
Kantor Desa Padangsambian Kaja,ChIJ8w3V3Mo40i0R5x-T-9-rdUY,Denpasar City
Kantor Perbekel Desa Sanur Kauh,ChIJEeM45rNB0i0ROHuCius7pjY,Denpasar City
Kantor Desa Sumerta Kaja Denpasar,ChIJDQ9DP3w_0i0RfiVOIdrow9s,Denpasar City
Kantor Desa Peguyangan Kangin,ChIJm9tBqQ4_0i0ReuMK15x_PQY,Denpasar City
Pos Pelayanan Hukum dan HAM (Posyankumhamdes) Kelurahan Pemogan,ChIJiXbs8ChB0i0RXbwpC4XOHiQ,Denpasar City
Pamogan sub-district office,ChIJH4nxNihB0i0RRR5EDYudDwo,Denpasar City
Kantor Desa Ubung Kaja,ChIJuzFVPjo_0i0ReGDbKnodH3A,Denpasar City
Kantor Kelurahan Dauh Puri Denpasar,ChIJSYSQzZdA0i0RUzTB4EntBhw,Denpasar City
Kantor Desa Adat Panjer,ChIJ9c2yv1ZB0i0RI8kqZTxyrFM,Denpasar City
Kantor Desa Kesiman Kertalangu,ChIJM6qvXo0_0i0RufHbGSD5MCE,Denpasar City
Kantor Desa Dangin Puri Kauh Denpasar,ChIJY7F6HGE_0i0RFdbZ682NKDE,Denpasar City
KANTOR LURAH SESETAN,ChIJGWE7HhxB0i0RBTe5viHCnWw,Denpasar City
Kantor Perbekel Desa Dangin Puri Kaja,ChIJn4liVGQ_0i0RLuQLik2RbBA,Denpasar City
Dauh Puri Kaja Village Perbekel Office,ChIJWTNxM1o_0i0Rvlr8CfpfwBk,Denpasar City
Kantor Kelurahan Panjer Denpasar,ChIJfT5_7vxA0i0RujrqA_Mhyts,Denpasar City
Kantor Kelurahan Pemecutan,ChIJ_TKqJqNA0i0RsYXM1ryr2uI,Denpasar City
DINAS PEMAJUAN MASYARAKAT ADAT PROVINSI BALI,ChIJz4iUlqlB0i0R10W10TulpAU,Denpasar City
Kantor Desa Kesiman Petilan,ChIJ7cSroIc_0i0Rf4lyM8_LFH8,Denpasar City
Kejaksaan Negeri Denpasar,ChIJDUmycpRA0i0RCfVZ21wykSc,Denpasar City
PUSDALOPS PB BPBD PROVINSI BALI,ChIJUSTxTfNA0i0RpkqIRkBxdKY,Denpasar City
"Dinas Pemberdayaan Masyarakat, Desa, Kependudukan dan Catatan Sipil Provinsi Bali",ChIJ29vEWPNA0i0R9nyHv0m4lbU,Denpasar City
Kantor Desa Peguyangan Kaja,ChIJyYEZNyU_0i0RoxWFbwzMYr8,Denpasar City
Kantor Kelurahan Padangsambian,ChIJ7xeYi1NH0i0RnTTjs-kos3M,Denpasar City
LPD Desa Pakraman Pagan,ChIJdTCpb49A0i0RB-XBD8kW_5Q,Denpasar City
Desa Adat Sanur,ChIJsUHIOD9A0i0RyhcOb7a7QGI,Denpasar City
Kantor Kelurahan Sanur Kaja,ChIJZS1pMUdA0i0Rn7rtwjjEYNM,Denpasar City
DESA ADAT PEMOGAN,ChIJj65ioHxF0i0R71JbWdb85qg,Denpasar City
Kejaksaan Tinggi Bali,ChIJDb6YbfNA0i0RcMk7O4rSFi4,Denpasar City
Kantor Lurah Kesiman,ChIJ-RtAfn9A0i0Rm69a_w_TxLE,Denpasar City
BUPDA Denpasar,ChIJoeP4s8BB0i0RmgroVKe5CaI,Denpasar City
Dinas Kehutanan Pemerintah Provinsi Bali,ChIJoyZXm-1A0i0R-l5QkWMTs_c,Denpasar City
Denpasar City Government,ChIJK9z0lwlB0i0REBteFoSnIqM,Denpasar City
Kantor Lurah Peguyangan,ChIJ6U66sT0_0i0RUqhPqtGtkuA,Denpasar City
Dinas Pekerjaan Umum Pemerintah Provinsi Bali,ChIJAyVEo5lA0i0Ry67Qj6K_jeE,Denpasar City
BPK RI Perwakilan Provinsi Bali,ChIJvxMFpoxA0i0Rcl54S5iK288,Denpasar City
Balai Banjar Cengkilung,ChIJsxxwkfA-0i0RBKjLDJeDpSM,Denpasar City
Balai Banjar Padangsambian,ChIJ-XT6rsc50i0RraIHt7zCzwU,Denpasar City
Balai Banjar Tegal Kori,ChIJa4IqPC4_0i0RxQlxg0Nf470,Denpasar City
Banjar Teges Village Hall,ChIJLdoFwQhH0i0R2EoZbCU7BZA,Denpasar City
Balai Banjar Pengukuh,ChIJm6hi6QY_0i0R22alIY6U-n0,Denpasar City
Balai Banjar Kesambi‌ ᬩ ᬮᬩᬜ᭄ᬚᬃᬓᭂᬲᬫ᭄ᬩᬶ᭟,ChIJ7YmJBMpB0i0RkJOt2BGOvOg,Denpasar City
Bale Banjar Tegal Kauh,ChIJBepM2ys_0i0RAyJVTvCQljc,Denpasar City
Balai Banjar Benaya,ChIJlRsmBB8_0i0R07TyF-3Tq44,Denpasar City
Balai Banjar Umaklungkung,ChIJJRXKbSw50i0R6eaXDu8zqrc,Denpasar City
Bale Banjar Batukandik,ChIJcUj7uQk50i0RCP-7o_8Zt34,Denpasar City
BANJAR BELALUAN,ChIJ-bKBsLhB0i0RyD1oqbQHipY,Denpasar City
Pertigaan Putra,ChIJu2s8B1lB0i0RsSfSNVEU5bs,Denpasar City
Patung Bung Karno,ChIJN6ReB1hB0i0R3dXNdUBb6X0,Denpasar City
Warung terapi susi,ChIJQcgY-TxB0i0RiKMPrLIm4eU,Denpasar City
pertigaan mantap,ChIJM2LcAwBB0i0R8zx2AtNtYvA,Denpasar City
Pertigaan Bird Sanur,ChIJzxL7N0xA0i0RNwz063vLnUs,Denpasar City
Kos tukad pertigaan,ChIJK8CfCwBB0i0Rgndq2gcJMhI,Denpasar City
Circle K Gunung Rinjani,ChIJ66a077BA0i0RhPUbnSF3mCQ,Denpasar City
Triple A,ChIJV9YobxpE0i0RN2OG9xwTPUU,Denpasar City
MABES Singa Betina,ChIJP4B1YQZB0i0RgVms3xvjwhs,Denpasar City
Nadhi Mart Sesetan,ChIJAZbF3eZA0i0RcQdspkvuV9k,Denpasar City
Rezeki Aluminium Dan Upvc,ChIJURiAUY5B0i0RvhmU8y65X-0,Denpasar City
Basecamp Bacoth,ChIJjxhrSUNB0i0R2ETZFM56Ui0,Denpasar City
Balietnik Official,ChIJv3CjN2pB0i0Rm-BbmCuU1Vk,Denpasar City
iFotel Ex-Hotel,ChIJuVJ3GABB0i0RUx7-4w5baAU,Denpasar City
Freshindo Tiara Sanglah,ChIJIbUqIFRB0i0RobocmS3Fkis,Denpasar City
"MASTER TEMPONG, Sp.NT.",ChIJq9SO_59B0i0Rw2i7rIo1xDI,Denpasar City
"Jl. Buana Raya gg. Buana Merta IV NO. 2 Padangsambian, Kota Denpasar Barat, Bali 80119",ChIJI-3kfj5H0i0RqoNEPWGr0_U,Denpasar City
Warung PRABA,ChIJMTE4X7NB0i0R8jfWRKQn5DY,Denpasar City
Warung Sembako Yusma,ChIJG4zyPdZB0i0RSb5NrDwr0aY,Denpasar City
Toko Iwaka,ChIJhREMH9hA0i0R3wvqC7mTbIg,Denpasar City
Toko Family,ChIJ0-HVp9JB0i0R4VX2aVN-COg,Denpasar City
Warung Bambang,ChIJZSCPFAJB0i0R6fl9x8NrSms,Denpasar City
Pentol Gilaaa ( Kuah Pedas ),ChIJbRq8dz5B0i0R8OZqklQeP54,Denpasar City
Jenar Kopi,ChIJBQleYvtA0i0Rp7BwASZ1NZc,Denpasar City
Bale Banjar Ketapian Kaja,ChIJUc1o0n9A0i0RXd5h_mWb-Zk,Denpasar City
Balai Banjar Kehen Kesiman Denpasar,ChIJVYSGfYM_0i0Rx6hkqKZawgg,Denpasar City
Banjar Bukit Buwung,ChIJWXNDMIE_0i0RueL5vOLQhvc,Denpasar City
Banjar Abian Nangka Kelod,ChIJC3N7bII_0i0R_3UlQVsogkM,Denpasar City
Banjar Abiantubuh Kesiman,ChIJq1Ln6KxB0i0R3ur9fkhziNY,Denpasar City
Banjar Ujung,ChIJ5bwn83g_0i0RWnDbid2WZng,Denpasar City
Banjar Abian Kapas Kelod,ChIJI94YuIBA0i0RJOQXMv0T524,Denpasar City
Banjar Kebonkuri Tengah Kesiman,ChIJn2uWr3lA0i0RmGUcBIxE-W0,Denpasar City
Banjar Pabean Kesiman,ChIJp0nCCYA_0i0R8CUFe0jojIA,Denpasar City
Banjar Meranggi,ChIJrzIb--o_0i0RmLnkBJ96YFw,Denpasar City
Banjar Saraswati Kesiman Petilan,ChIJKWTGrkg_0i0RllS3sYWr_zE,Denpasar City
Banjar Kuningan Kesiman,ChIJX6gYWDM_0i0RyZIFgZoOqiM,Denpasar City
"Banjar Kedaton, Kesiman",ChIJFar8NGQ_0i0RAsgk6Q1M9dY,Denpasar City
Banjar Abian Nangka Kaja,ChIJ54Gmh4I_0i0RGi4AMtBDjGI,Denpasar City
Banjar Dajan Tangluk,ChIJkynV9YA_0i0RkjHviJvH5BU,Denpasar City
BALAI BANJAR PALA GIRI,ChIJ1XD1NJQ_0i0ResZPdQdAmNY,Denpasar City
Banjar Kebonkuri Kelod Kesiman,ChIJy2fmByZB0i0Rkn4POlzaHIY,Denpasar City
Banjar Peken Desa Adat Sumerta,ChIJuYBq-n0_0i0Rj1MXjRJ7O94,Denpasar City
Banjar Batanbuah Kesiman,ChIJ8VG1Il8_0i0RaO9fqKdpV3g,Denpasar City
Banjar Kepisah,ChIJwy8CcUdB0i0R9ZfZwRChZDc,Denpasar City
"Banjar Kedaton, Sumerta",ChIJq_29ZmtB0i0RgUz5EMB0y1A,Denpasar City
Balai Banjar Sebudi Tanjung Bungkak,ChIJ06oMlnBB0i0RqSBobx_6BDE,Denpasar City
Br. Dukuh Kesiman Petilan,ChIJTcWg3Uo_0i0RVoYNHeBfxdU,Denpasar City
Banjar Tembau Tengah,ChIJiyqJoPI_0i0RTFiXIORcD6s,Denpasar City
Banjar Tembawu Kelod,ChIJiRHaV0o_0i0RTAglaB3tW1c,Denpasar City
Balai Banjar Badak Sari,ChIJYRlrQY9B0i0RJLNxNCveuqQ,Denpasar City
Balai Banjar Batur Sari,ChIJLcDPe3NA0i0RsN6RGVOY45g,Denpasar City
Banjar Kertapura Kesiman,ChIJ-abR3Qk_0i0RNOdofPE4TGI,Denpasar City
Banjar Lebah,ChIJ_eIm3YNA0i0R9PYzGGfu8AE,Denpasar City
Balai banjar kayumas kelod,ChIJkYFAZXBB0i0RZjNZGTZG3sA,Denpasar City
Balai Banjar Gunung Penatih,ChIJ7VCFirw_0i0RNc5f_5C_Czc,Denpasar City
Banjar Buaji Sari,ChIJdbhQa-BB0i0RPvU7Zhk_WxI,Denpasar City
Banjar Tembau Kaja,ChIJJ3ZO2J4_0i0RAPM4_Uck4BQ,Denpasar City
Banjar Sima,ChIJR7Z-Anw_0i0R2ssEDD67cY4,Denpasar City
Rumah kepala lingkungan banjar oongan kelurahan tonja,ChIJ5352DwA_0i0RS52j67NyBno,Denpasar City
Banjar Kebonkuri Mangku,ChIJ6U0XHwBB0i0R6e-Gu5T_Qkk,Denpasar City
Banjar Tegalkuwalon,ChIJi88JY3k_0i0RudewVjN8wjw,Denpasar City
Banjar KERTA PALA,ChIJu5E8GZY_0i0RezbWn6D5DyA,Denpasar City
Banjar Sengguan Tonja,ChIJH-Q1wHM_0i0RNwBz4wRrwdw,Denpasar City
Banjar Pande Desa Adat Sumerta,ChIJOXAhLoJA0i0RzD6cjGy4ccE,Denpasar City
Banjar Tanjung Bungkak I,ChIJJbVsCABB0i0R9VIsKb8Gdj0,Denpasar City
Banjar Bengkel,ChIJ51RGaEFB0i0RxZanjpDRWQI,Denpasar City
"Banjar Kedaton, Tonja",ChIJXV0Dm-M_0i0R9smWKRu3Mrc,Denpasar City
Bale Banjar Abasan ᬩᬮᬾᬩᬜ᭄ᬚᬃᬅᬩᬲᬦ᭄᭟,ChIJfXX2T5BB0i0RvTg6HJZfypI,Denpasar City
Banjar Saba Penatih,ChIJjeWtKPY_0i0Rk3ubygzHNgA,Denpasar City
Banjar Tatasan Kaja,ChIJ3fC4nns_0i0RApvaUP8hYGU,Denpasar City
Banjar Tanjung Bungkak kaja,ChIJmTzngV1B0i0RkFJhI6n-JX4,Denpasar City
Balai Banjar Sanglah,ChIJ1eGgDelA0i0Rx6mBAumt_m4,Denpasar City
Balai Banjar Tangguntiti,ChIJMeLCTkc_0i0RUmbbLCy8ggo,Denpasar City
Banjar Kalanganyar,ChIJT_WZhZ1A0i0Rqc0JF8nKB1g,Denpasar City
Balai Banjar Biaung Asri,ChIJJ_Wa_wdA0i0RCwDSzFkmoiw,Denpasar City
Banjar Merta Rauh,ChIJF1iCK2E_0i0RmM8aC8YsTPk,Denpasar City
Balai Banjar Babakan Sari,ChIJlaKiDURB0i0RDp85yRhw7AQ,Denpasar City
Banjar Kereneng,ChIJ567P_mhB0i0RLNfxkEObOM4,Denpasar City
Banjar Ratna Bhuwana,ChIJwfnK-Xw_0i0RAczbRNvGQEc,Denpasar City
Banjar Biaung,ChIJXaKRS_Y_0i0RLGIlHGUmFMg,Denpasar City
Banjar Tanjung Bungkak Kelod,ChIJvRnxLWJA0i0Rlxb8a2DXhhw,Denpasar City
Balai Banjar Tegal Buah,ChIJhXykxZ5H0i0RZupMFr9lez8,Denpasar City
"Balai Banjar Kangin, Panjer",ChIJQ6AUofpA0i0Roq-KoLrvaWM,Denpasar City
Banjar Tangguntiti Tonja,ChIJQcbGEhI_0i0RoRifzZkcSGY,Denpasar City
banjar mertanadhi,ChIJ434ObYNA0i0RJ9x6NsSsmTs,Denpasar City
Balai Banjar Kayangan,ChIJT0ebDwA_0i0Rz3VIt5adR5g,Denpasar City
Balai Banjar Kedua,ChIJ1REZuZM_0i0RxeVDmI2DhJ0,Denpasar City
Balai Banjar Buruwan Sanur,ChIJfzor1KtB0i0REDC35mHubis,Denpasar City
Banjar Kalah,ChIJRd1sdKE_0i0R_PY3v89Pl10,Denpasar City
Balai Banjar Kepisah Pedungan,ChIJ29NK995A0i0R6NrrXPJkXfE,Denpasar City
Banjar Pemangkalan,ChIJF0t9jzA_0i0RUmJnHvhHpws,Denpasar City
Banjar Bantas Desa Peguyangan Kangin,ChIJCbzUVOs_0i0RiPuIMoglOcM,Denpasar City
Banjar Pagan Kaja,ChIJx63TgYJA0i0RsarnWCDaVww,Denpasar City
Balai Banjar Balong Menak,ChIJt07CDQA_0i0RaJEnh-zjxyg,Denpasar City
Balai Banjar Saih,ChIJRZ7QBNw-0i0RnChbc5WamHI,Denpasar City
Banjar Eka Dharma,ChIJRTk4n-FB0i0RLrY8N9ZKCIw,Denpasar City
Banjar Alangkajeng,ChIJPUYcjqJA0i0RwzZN5g8uA3Y,Denpasar City
Banjar Taman Yangbatu,ChIJD6wPDQpB0i0RrPVJobvEV0k,Denpasar City
Balai Banjar Kertha Petasikan,ChIJQbsXNqBB0i0R5Ricov33ngo,Denpasar City
Banjar Kaja Pedungan,ChIJrXMXedxA0i0RdoJDkQvnjxE,Denpasar City
Banjar Tainsiat,ChIJN3NL6WE_0i0RkN_g7GvLW8A,Denpasar City
Banjar adat Tegeh Sari Desa Adat Tonja,ChIJkyC0-Gw_0i0R0w-ijVeTS_4,Denpasar City
Banjar Wirasana,ChIJ9eg2M09A0i0RdD1UWt2HIGM,Denpasar City
Banjar Merta Rauh Kaja,ChIJN4CUit8_0i0R7N7TLVCsu38,Denpasar City
Balai Banjar Lingkungan Padang Sari,ChIJrUOSkO0_0i0R-B2ZH4z2AuY,Denpasar City
Balai Banjar Br. Tegallinggah,ChIJC9C9jiFB0i0RXQm_7-EpYAY,Denpasar City
Balai Banjar Permata Anyar,ChIJ01HRRb8_0i0RM9COObCWRkc,Denpasar City
Banjar Kertha Bhuwana,ChIJzRhDtCo_0i0R1VZLEYmesOA,Denpasar City
Banjar Peken Desa Adat Renon,ChIJ069L-FlA0i0RRs1N9AlHqYY,Denpasar City
Balai Banjar Abasan,ChIJT9Tww1pH0i0RVlHlH_et7zw,Denpasar City
BANJAR TAG TAG KAJA,ChIJ5z1RCOM_0i0RmiumJaHnq24,Denpasar City
Balai Banjar Bekul Panjer,ChIJZSUIZkVB0i0RFJpKzn_UvVA,Denpasar City
"Balai Banjar Bhuana Sari, Desa Tegal Kertha, Denpasar",ChIJbXcyTABB0i0RBZlBD3Csz3Q,Denpasar City
Balai Banjar Alas Arum,ChIJ_-GFHLpB0i0RyeG24pNpRL4,Denpasar City
Banjar Purnama Asri,ChIJld0821c_0i0Rcmo-YWoOF2Y,Denpasar City
Br. Titih Denpasar,ChIJ5xFi75hA0i0Rv52s-zERR5U,Denpasar City
Balai Banjar Gelogor Carik,ChIJIw0QOthB0i0RY0xAJW1fW7Q,Denpasar City
Balai Banjar Tegal Lantang Kaja,ChIJxf71oVVH0i0RjOfJU_9vySQ,Denpasar City
Banjar Eka Sila,ChIJFcgaapVA0i0RKJ7fYy5bMVg,Denpasar City
Balai Banjar Dalem Kepaon,ChIJX07_OklB0i0RqHZokl-ni-M,Denpasar City
BANJAR BATUPARAS,ChIJS0vSXMo40i0RqmXFyWS0dMY,Denpasar City
Balai Banjar Buana Agung,ChIJZ1H6FqZH0i0Rj1I2-0rRPfo,Denpasar City
BALAI BANJAR TEGALLANTANG KAJA,ChIJJUjzSYJH0i0RJ_pbH66jFMk,Denpasar City
Bale Banjar Semawang,ChIJH0bumGFB0i0RHIRAhraQ2aI,Denpasar City
Banjar Tulangampiang,ChIJw5aV-ic_0i0RpiLsiz0dFbM,Denpasar City
"Banjar Uma Sari, Ubung Kaja",ChIJtUsWs90_0i0RP0fsarP0ofE,Denpasar City
Banjar Gaduh,ChIJUafg6-FA0i0RiYdCLexUi-E,Denpasar City
Banjar Kaja,ChIJRw9rtudA0i0RmnCfCrMQK9E,Denpasar City
Banjar Puri Agung Sesetan,ChIJr5Uo2AtB0i0R7wvmEEb6juE,Denpasar City
Banjar Dukuh Sari Sesetan,ChIJjS_nAIdB0i0RnfgA_HZc4JY,Denpasar City
Tengah Sesetan village hall,ChIJlcmNADNB0i0RLcVR3u-vaMA,Denpasar City
Banjar Pembungan,ChIJK0VM-t1A0i0RXjFxZfRnkDc,Denpasar City
Banjar Karya Dharma,ChIJeTpxLhFB0i0RQ8BOTusqOIk,Denpasar City
Banjar Batanghari panjer,ChIJPV5WMwBB0i0R9nPm24mNQPw,Denpasar City
Banjar Tengah Sidakarya,ChIJNeGWPw9B0i0RUXy9JU4mHGo,Denpasar City
Bale Banjar Pitik Pedungan,ChIJHZ37ZNhA0i0Ri9_FV8lSfdI,Denpasar City
Banjar Geladag,ChIJ6_YGsNhA0i0RGabhlFNtV8o,Denpasar City
Banjar Pegok,ChIJN9w8uO5B0i0Rrd7FXX9y9wM,Denpasar City
Banjar Sama Pedungan,ChIJtRo1KdlA0i0RXIqEu6eUm84,Denpasar City
Banjar Sari Sidakarya,ChIJt714YExB0i0RLYdph0Epszo,Denpasar City
Banjar Pande Pedungan,ChIJHXtFPtxA0i0RLA743jglVE8,Denpasar City
Banjar Celuk Panjer,ChIJbwsPkvpB0i0R_9Y5A1nbjsg,Denpasar City
Banjar Taman Suci Sesetan,ChIJM2k-FQBB0i0RZwSbo49-o04,Denpasar City
Banjar Karang Suwung,ChIJmajY0N1A0i0R4NG2Rbx-TJE,Denpasar City
Banjar Bumi Asri,ChIJvRjqaBRB0i0R-X2b9q9V-yw,Denpasar City
Banjar Dukuh Mertajati,ChIJSbSdm1xB0i0RAOkfERwq6Tg,Denpasar City
Banjar Mekar Jaya,ChIJSyoOXjlB0i0RmFxazlMwZ6w,Denpasar City
Banjar Kelod Kelurahan Renon,ChIJq13Sy1ZA0i0RK5GdVxnJ6lw,Denpasar City
Banjar Batu Bintang,ChIJS6m9iKpB0i0R9lvHPPx1gNY,Denpasar City
Banjar Tengah Desa Adat Renon,ChIJbyazshRB0i0RH3dvhPVwhPE,Denpasar City
Banjar Suwung Kangin,ChIJEVhjPQpB0i0RsSvHehmR-78,Denpasar City
Banjar Begawan,ChIJ4ayKq9BA0i0RWpPtKMvVeDw,Denpasar City
Balai Banjar Tenten,ChIJ22k9oC5B0i0R3Wr7-pFFdwA,Denpasar City
Banjar Sekar Kangin Sidakarya,ChIJZf2MPg9B0i0R-KqVqN7pFHw,Denpasar City
Banjar Bumi Sari,ChIJsbCNDrJB0i0RnMliHAs1km4,Denpasar City
Banjar Sasih Panjer,ChIJx_W6YWFB0i0RCT_HfENfYuI,Denpasar City
Banjar Antap,ChIJ20mJQ-VA0i0R-rYcFZXE9rw,Denpasar City
Balai Dusun Kerta Dalem Sidakarya,ChIJIb03DVRB0i0R8sRb44Iazsc,Denpasar City
Banjar Bumi Shanti,ChIJ4elAN_BB0i0RpImaP9fqFrQ,Denpasar City
Banjar Tegal Gede,ChIJ-7YaErxA0i0R7ve5lyK9PsY,Denpasar City
Banjar Margaya,ChIJFx5n_GlH0i0RFtBeJ-SZ3z8,Denpasar City
Banjar Bumi Banten,ChIJHYnfqetB0i0RwqmpSfOndhk,Denpasar City
"Banjar Pande, Desa Adat Renon",ChIJk0AIYwZB0i0RjHdY-zW2Szo,Denpasar City
BANJAR PEKANDELAN Desa Adat Intaran,ChIJDSBYmaFB0i0REv_ibaFqKK4,Denpasar City
Banjar Puseh Kangin Intaran,ChIJOee9Q05A0i0RTua5D2CsSyM,Denpasar City
Banjar Pengiasan,ChIJ9_ZpGb9A0i0R_ZsGkL21KxE,Denpasar City
Banjar Pesanggaran,ChIJs17MmGlB0i0RxSZvAPFTjHQ,Denpasar City
Banjar Sumuh,ChIJgVnrY0JB0i0ReoXxCe6mOIU,Denpasar City
Banjar Batan Nyuh,ChIJK3CdqHtB0i0RjURcAmzmNXM,Denpasar City
Banjar Bumi Kerthi,ChIJpTYkQPdB0i0RL3G_KixumsI,Denpasar City
Banjar Dangin Peken,ChIJgTwKzE1A0i0RAiq389A5wYM,Denpasar City
Balai Serba Guna Banjar Sading Sari,ChIJoahY321B0i0R5PamuLhDG54,Denpasar City
Balai Banjar Jurang Asri,ChIJqRHaFhA_0i0RPEgnmkH-0Mw,Denpasar City
Banjar Tegal Dukuh Anyar,ChIJCVXflrtA0i0Rzu9dzwY47tU,Denpasar City
Br. Munang Maning,ChIJr6EtwLhA0i0RgkHVRQL7okk,Denpasar City
Banjar Bumi Werdhi,ChIJ8ZhTPmlB0i0Rt7-bzq5gPng,Denpasar City
Balai Banjar Muliawan,ChIJTxQ9i9pB0i0RXa9UvLVXpMg,Denpasar City
Banjar Gemeh,ChIJvU9MbnJB0i0Ruu_38M96peI,Denpasar City
Banjar Tenten,ChIJFcnh2SVB0i0Rv4vp3BVODBs,Denpasar City
Balai Banjar Tegehkuri,ChIJfYF8Bg0_0i0RH49PSNqbVGQ,Denpasar City
Banjar Pemogan Kaja,ChIJ-4V0c9dA0i0R5LhobekBUlI,Denpasar City
"Banjar Pekandelan, Desa Pemecutan Kelod",ChIJKeVCFUBB0i0RdHLoB_fn-XM,Denpasar City
Banjar Abiantimbul,ChIJ1dSSZtRA0i0RouEo3-dpuLk,Denpasar City
BANJAR JEMATANG,ChIJdXxwiLxB0i0RcRakKGxzaVE,Denpasar City
Banjar Kaja Renon,ChIJu4ix7aVB0i0Rga9dcshbJEA,Denpasar City
Banjar Tegallantang Klod,ChIJH2Kf8zZH0i0RWT2tBRx0Daw,Denpasar City
Banjar Medura Intaran,ChIJu0WOeTVB0i0RVOAmdBTe_NE,Denpasar City
Banjar Dalem Kesumasari,ChIJi1WeqqRB0i0R8Fz8BkL6amk,Denpasar City
Balai Banjar Umadui,ChIJ5fXqYgBH0i0R9kxhRvsz_lU,Denpasar City
Balai Banjar Batanancak tonja,ChIJgUwIJnM_0i0R9BlC9rUfn2A,Denpasar City
Banjar Panti Sari Pemogan,ChIJsd3EyLRB0i0R4blYYnitiGw,Denpasar City
Balai Banjar Tegalsari-Panjer,ChIJ3VxU_-VA0i0R8fcDjs-ThZk,Denpasar City
Banjar Balun,ChIJx8eB_l4_0i0RUiUqBSXj2Vc,Denpasar City
Banjar Tengah,ChIJlfCM1wRB0i0RDCaQ-Tt6K_k,Denpasar City
Banjar Lelangon,ChIJ27GzeRRB0i0RcmDgQBQE344,Denpasar City
Banjar belong gede,ChIJ5914baBA0i0RTfvj2L4Ahpk,Denpasar City
Banjar Lumintang,ChIJEf3OYF0_0i0RmQ90Fljf2xA,Denpasar City
Banjar Belaluan Sadmerta,ChIJT1FWkJ5A0i0RmXCK64Wtriw,Denpasar City
Banjar Praja Sari,ChIJcU_BguM_0i0RTCngntaR8OU,Denpasar City
Banjar Margajati,ChIJObTGr7w_0i0RhjFBpwZuA4o,Denpasar City
Banjar TAMPAK GANGSUL,ChIJJbpgtZ9A0i0ROt1w3ob8N8A,Denpasar City
Br. Teruna Sari,ChIJq3EvZGg_0i0RuBSA5mrqJuo,Denpasar City
Bale Banjar Panti Gede Denpasar,ChIJ75cj3CJB0i0R2PN8SwOIWUQ,Denpasar City
Br Tag Tag Kelod,ChIJsTOBRGo_0i0RN2zRri0Lwyw,Denpasar City
Banjar Pemedilan,ChIJ8QeBwaNA0i0RKgPihCnDgY8,Denpasar City
Banjar kaliungu klod,ChIJ_4BCY_VB0i0R2pfjvpDxDJs,Denpasar City
Banjar Bhuwana Sari Dangri Kaja,ChIJwdwfZwA_0i0RYBPNkUuNInQ,Denpasar City
Banjar Mekar Manis,ChIJGZO6zKA_0i0RIe0ZmEEHSnc,Denpasar City
Banjar Hita Bhuana,ChIJ9TDMGNE_0i0RCIUGWZG7aGg,Denpasar City
Banjar Pemeregan,ChIJgWR3ltBB0i0R85UmVta6GtY,Denpasar City
Banjar Binoh Kelod,ChIJaY7Q2MI_0i0R0G8hSPmIzXw,Denpasar City
Banjar Bun,ChIJddNo9cBB0i0RrdFbAIuWCZ4,Denpasar City
Banjar Tegal Langon,ChIJPxFFjftB0i0RJ4KSS3T5L9s,Denpasar City
Dusun / Banjar Lumbung Sari,ChIJC4EfBW8_0i0Ry6Dg2R5Fhvk,Denpasar City
Br. Tag Tag Tengah,ChIJMT3vX2o_0i0RQV1DfFf3vAY,Denpasar City
Banjar Sedana Mertha Ubung,ChIJsfdS1UY_0i0R1r2n2vDwtDs,Denpasar City
Banjar Tengah Ubung,ChIJcfv1Gkc_0i0RmEuTtVxNr7M,Denpasar City
Banjar Dakdakan,ChIJ67bBST8_0i0R8yon11eef_c,Denpasar City
Banjar Tunggul Aji,ChIJk4fqyxM_0i0RoSR44CWvQJQ,Denpasar City
Banjar Suci,ChIJT6aGIUJB0i0R-4uSzABoQE8,Denpasar City
Banjar Kelandis,ChIJ3aZ2hmZB0i0RE3HqnAk04Xc,Denpasar City
Banjar Celagigendong,ChIJqVA3GaNA0i0R7vh6Kv7vpAc,Denpasar City
Banjar Kereneng Kaja,ChIJP46juD9B0i0REn10Ge4ZlmU,Denpasar City
Banjar Merta Jaya,ChIJgbdCqXpB0i0ROqBVo54Xtpg,Denpasar City
Banjar Graha Shanti,ChIJCWaBEbBA0i0REMoCUXJ3_h4,Denpasar City
Banjar Tegal Agung,ChIJ9XzubbxA0i0RcFUXPbkKhG0,Denpasar City
Banjar Penyaitan,ChIJf247z-JB0i0RoXNkoPQxW8I,Denpasar City
Banjar Pekambingan,ChIJk12LimJB0i0Rn4VNesmhbZ8,Denpasar City
Banjar Binoh Kaja,ChIJpa_C4aQ_0i0RfQVDxN-8fdg,Denpasar City
Banjar Busungyeh Kauh,ChIJN0xh36RA0i0RSoD0kpztKK0,Denpasar City
Banjar Kertha Bhuwana Kaja,ChIJv_Yy6I0_0i0RAw7R2JoUZVA,Denpasar City
Banjar Den Yeh,ChIJ83-9YCc_0i0Rw7BLN8br3bg,Denpasar City
Banjar Kertha Jati,ChIJ5Sh0WfA_0i0R298QZK4pGos,Denpasar City
Banjar Gunung,ChIJjW2OjpE_0i0RundRgfXNl3c,Denpasar City
Banjar Dharma Santi,ChIJA6wPBmU_0i0RNSLsZ-nb3vQ,Denpasar City
Br.Tek Tek,ChIJpTK8liI_0i0Rg477xrljYRU,Denpasar City
"Banjar Tegallinggah, Desa Adat Padangsambian",ChIJe3GDYSc50i0RhiJxN2lMZNw,Denpasar City
Banjar Pagutan,ChIJE9_OqOM50i0RM92rcVebsco,Denpasar City
Banjar Lepang Desa Adat Kerobokan,ChIJCWBgoLg50i0RhnJpP8qAads,Denpasar City
Banjar Tegeh Sari Padang Sambian,ChIJayzY8bE40i0RpSff6BSHXmE,Denpasar City
Banjar Robokan,ChIJ_4RpIh050i0R0tfS2pshk7E,Denpasar City
Kantor Camat Denpasar Utara,ChIJBTtlAUI_0i0RXUYw59UjNGc,Denpasar City
Kantor Kecamatan Denpasar Timur,ChIJcYUDhIA_0i0RTIFkOV7pG0c,Denpasar City
Kantor Camat Denpasar Barat,ChIJIwSt-KlA0i0Rf5uZGyKG4Is,Denpasar City
Kantor Lurah Dangin Puri ᬓᬦ᭄ᬢᭀᬃ​ᬮᬸᬭᬄ​ᬤᬗᬶᬦ᭄​ᬧᬸᬭᬶ᭟​,ChIJw0s0bJxA0i0RJk7RGhavt2Q,Denpasar City
Kantor Kelurahan Penatih Denpasar,ChIJaWNs9Ak_0i0RWXpg5FEc5Eg,Denpasar City
Kantor Lurah Sanur,ChIJ6RuOv0tA0i0RHng67LzplR8,Denpasar City
Kantor Kelurahan Sumerta Denpasar,ChIJv4g9JoBA0i0RROuUos-vbaM,Denpasar City
Kantor Lurah Ubung,ChIJRXykgzY_0i0RMclr9TRUtMc,Denpasar City
Tonja sub-district office,ChIJSSwqEXM_0i0RpLi8QdJwCdg,Denpasar City
Kantor Lurah Renon,ChIJ22MAc1RA0i0RD1JGD2VNTTo,Denpasar City
Kantor Lurah Pedungan,ChIJf6XjpdhA0i0RsBAzEpo9oNQ,Denpasar City
Kantor Desa Dangin Puri Kelod Denpasar,ChIJCxGxAY5A0i0R5rv0rUgXdmw,Denpasar City
Taman Wisata Tukad Bindu,ChIJu0Dbm3g_0i0ReErLR0BFjww,Denpasar City
Wisata Edukasi Subak Teba Majalangu,ChIJkbCofGo_0i0RY3dtAWl6I_E,Denpasar City
Eko Wisata Subak Ubung Denpasar Bali,ChIJwfc5G3s_0i0RQ-0lRYrGuN8,Denpasar City
Basketball court,ChIJO9PV67BA0i0Rxm3mmfXVXrU,Denpasar City
Lapangan Basket Korem,ChIJ8cMbKCdB0i0RAGpoaVvuhdM,Denpasar City
Lapangan Kompyang Sujana 'Buyung',ChIJ71g2_KlA0i0RYaqnSb8id8Y,Denpasar City
Lapangan Karya Manunggal Sidakarya,ChIJk9PvDwlB0i0Ry8qLR3lc5yg,Denpasar City
Lapangan Basket Sudirman,ChIJr7eyZwFB0i0RpefQiVFzjJ4,Denpasar City
Lapangan Puputan Renon,ChIJpRIUH_VA0i0RDsVtuLBJ5ac,Denpasar City
Arga Coka Field,ChIJSTwjXBFB0i0R-rQVKrDqfPI,Denpasar City
Lapangan Renon,ChIJfTkE4olB0i0RkWdtTaOgkXQ,Denpasar City
Lapangan Basket,ChIJt8s94YhB0i0R3X20jXQhk9U,Denpasar City
lapangan basket gg,ChIJ27Wct4JB0i0RFODdtzfvn-g,Denpasar City
Lapangan Basket Universitas Warmadewa,ChIJOzQUpmRA0i0RFpLAZmROEKM,Denpasar City
Gedung Bulutangkis Sarwa Guna Wangaya,ChIJRcY7jVg_0i0RHgfzl_09f08,Denpasar City
Lumintang Field,ChIJEXoMJmg_0i0Ry4dPcyvjZM4,Denpasar City
Lapangan Basket Puputan,ChIJ3SyDVXxB0i0RtzbTEB_p-J0,Denpasar City
GOR Ngurah Rai Basketball Court,ChIJh9rCCepB0i0REqKUBN_oopI,Denpasar City
Telkom Tennis Court,ChIJvdRzn-tA0i0RFn8uClmrA6k,Denpasar City
Bali Sepak Bumi Mini Soccer,ChIJUVD5ip9B0i0RUf6jRMIvl6Q,Denpasar City
"Astagina Open field, Padang Sumbu",ChIJAy5koTpH0i0RM9Y6BZioI4k,Denpasar City
GOR YUWANA MANDALA TEMBAU,ChIJ-Y7Rlp4_0i0RI-oDnVGYHI0,Denpasar City
Kompyang Sujana Stadium,ChIJ83FwPapA0i0RtWtNI7Mt3Mg,Denpasar City
Kertha Court Bali,ChIJH69kqdNB0i0R-aYnvqrMWNk,Denpasar City
Lapangan Basket GOR Denpasar,ChIJ62pTNdlB0i0RTmqtSt8rsNk,Denpasar City
State Senior High School 2 Denpasar,ChIJoTO6O-lA0i0RmpguWMiuHt4,Denpasar City
State Senior High School 4 Denpasar,ChIJ2SvR8rBA0i0R7yo6ASD23wc,Denpasar City
SMA n 4 Denpasar,ChIJm1VWRoVB0i0RGZiKJ3KzfVE,Denpasar City
SMAN 1 Denpasar,ChIJDxUYUINA0i0R6xVjYVbhLzE,Denpasar City
SMA NEGERI 11 DENPASAR,ChIJN3loIQZH0i0RMGNNDXE1lts,Denpasar City
State Senior High School 9 Denpasar,ChIJKyRaKZg_0i0R5qlelcRMFDU,Denpasar City
SMAN 6 Denpasar,ChIJxdVlmE9A0i0RdrLHAk0EiH4,Denpasar City
SMA N 5 Denpasar,ChIJJbIQnA5B0i0Rzt_wnx517aA,Denpasar City
SMA NEGERI 12 DENPASAR,ChIJB5O3GmlH0i0RDhMrWsDk_4M,Denpasar City
SMA Negeri 3 Denpasar,ChIJBY8uUYBA0i0RL_kDQ2LtJxk,Denpasar City
State Senior High School 10 Denpasar,ChIJIyGMrv1B0i0Rdzz-5fB8hNM,Denpasar City
SMA Negeri 8 Denpasar,ChIJszUmreM-0i0RYDdR3QPz_ug,Denpasar City
SMA 1 Taman Pendidikan 45,ChIJ8ezJ7YJA0i0R5gw0t8pFxEA,Denpasar City
SMK Negeri 7 Denpasar,ChIJg33wO7FH0i0RMoXin9qMLDY,Denpasar City
Sekolah Menengah Atas Kristen Global Tourism Anugrah,ChIJ20z_5epA0i0RQHOfXGDEhoE,Denpasar City
School SMA PGRI 4 Denpasar,ChIJh0H-IahcBAURpC232sRCxBM,Denpasar City
SLUA (SMA Saraswati Denpasar),ChIJw2WJLYNA0i0R1Fuc4tMhjE8,Denpasar City
SMA ALBANNA,ChIJ1yXYfWJB0i0RRqtinM_bDj0,Denpasar City
SMK MUHAMMADIYAH DENPASAR,ChIJMwXPX9BA0i0R2CCJ0ZCA0_c,Denpasar City
SMA Dharma Praja Badung,ChIJzbTRuGk_0i0R8koNzzt9ZdI,Denpasar City
Sman 5,ChIJ91nGDgBB0i0RM7KHxaeCrIk,Denpasar City
SMA PGRI 1 Denpasar,ChIJkUFm3e5A0i0Rw7yEL-NzuBk,Denpasar City
SINDIKAT RESMAN!,ChIJ4W0BOBlB0i0RswevGImkLiA,Denpasar City
Yayasan Perguruan Kristen Harapan,ChIJ45LjIedA0i0RKMuycHz8WR0,Denpasar City
X4VIOR 56 RESMAN,ChIJwVywFgVB0i0ROG0gtOrq4BQ,Denpasar City
SMAN 7 Denpasar,ChIJBfzXzIJA0i0REZxbt3NVpDU,Denpasar City
Perpustakaan Sman 7 Denpasar,ChIJyeUfCrlB0i0RaUsUUVMqgCY,Denpasar City
SMA Sumerta,ChIJJX1Ho3xA0i0RsGSGRowHltk,Denpasar City
SMK PARIWISATA HARAPAN,ChIJ1Smvw6hB0i0RGOq24_suynw,Denpasar City
SMK Teknologi Nasional Denpasar,ChIJu0JpwfdA0i0RwscQOW2HDxo,Denpasar City
SMK PHARMACEUTICAL SARASWATI 3 DENPASAR,ChIJuZktW4NA0i0R2YS1zFmCwTs,Denpasar City
SMK Negeri 2 Denpasar,ChIJS7GnS3NB0i0R3viainlLPI8,Denpasar City
SMK NEGERI 4 DENPASAR,ChIJVbU48zJB0i0R9rtWH39rQRg,Denpasar City
SMK SARASWATI 1 DENPASAR,ChIJf44FTuJB0i0RGqhtvYcxtnM,Denpasar City
PKBM Mirah Pemecutan Mandiri,ChIJVVVVVZVA0i0ROgzidzZVq1g,Denpasar City
SMK TI Bali Global Denpasar,ChIJ24BeDptA0i0R0ji2Zv_xeK0,Denpasar City
Dinas Peternakan dan Kesehatan Hewan Provinsi Bali,ChIJ35h2BH4_0i0RQq8pNYO0fcA,Denpasar City
Dinas Tenaga Kerja dan Sertifikasi Kompetensi Kota Denpasar,ChIJCas7Emg_0i0R0Dxrqr5Fu-s,Denpasar City
DINAS TENAGA KERJA DAN ENERGI SUMBER DAYA MINERAL PROVINSI BALI,ChIJlxwEne1A0i0RIpmhIxDbGX8,Denpasar City
Office of Bali Provincial Legislatives Council,ChIJpcrF9_RA0i0ROqis2ZA-TAI,Denpasar City
Public Works Department of the Government of Denpasar,ChIJBXZ5Q2g_0i0RS7g6wJHxDeQ,Denpasar City
Bali Governor Office,ChIJ0YlQ1YpA0i0RPfcJsGgYSaI,Denpasar City
Dinas pertanian tanaman pangan dan hortikultura kota denpasar,ChIJgfJqOUI_0i0RjiHwcyo942w,Denpasar City
Dinas Pariwisata Kota Denpasar,ChIJkaUBbUI_0i0RvwD4-z8lzcI,Denpasar City
SPBU Pertamina 54.801.45,ChIJ69veSkdA0i0R9zwEzbJkvwg,Denpasar City
Pertamina gas station 54.801.35,ChIJORtOD0M_0i0Rl8yb9Y8TBEY,Denpasar City
SPBU Pertamina Pulau Kawe,ChIJdaju9sNA0i0Rd4oxFRVf6zg,Denpasar City
SPBU Pertamina 54.801.03,ChIJpU7c3I4_0i0Re1YfKGNtD0U,Denpasar City
SPBU Pertamina Pura Demak,ChIJDwhzkM1A0i0R0LtHZR3bjDA,Denpasar City
Pertamina Petrol Station,ChIJxdT1ygtA0i0RdH2LQsOuQ4A,Denpasar City
SPBU TOHPATI GATSU TIMUR 54.801.37,ChIJCzrvxZE_0i0RDffkFnkMEV0,Denpasar City
Pertamina,ChIJSRTLYVU-0i0R_8Mosf6f_iU,Denpasar City
SPBU Pertamina 54.801.01,ChIJT588ym4_0i0RVK3D2Qg0l3s,Denpasar City
Gas Station Pertamina Kreneng 54.801.39,ChIJiyRu2YRA0i0R8CE2SjpTINs,Denpasar City
SPBU Monang Maning,ChIJIacLGKVA0i0R-R9IoJ_x_UY,Denpasar City
Pertamina 54.801.11,ChIJZYSxdJ0_0i0RHRwoHbvo2Dw,Denpasar City
Gas Station Buluh Indah (54.801.31),ChIJPw4LmFE_0i0RO01XVaUxJrE,Denpasar City
Pertamina,ChIJHwDR6Ro_0i0R0_bd8la9V54,Denpasar City
SPBU Pertamina 54.801.10,ChIJA_16LVw_0i0RYli6XMSmeKc,Denpasar City
Pertamina,ChIJ9YCZrKA_0i0RnF1S0HhxbdY,Denpasar City
SPBU Trenggana,ChIJT1BUYFU-0i0RR3o3z5tq810,Denpasar City
Pertamina Non-Subsidi Setia Budi,ChIJa-QIGgA_0i0Rikug3-JOTGs,Denpasar City
Pertamina,ChIJs4BhF_dA0i0Rd2Qf4nBkJts,Denpasar City
Pertamina,ChIJvSOtWEtH0i0Rfk7GcXC_vMA,Denpasar City
SPBU 54-80111,ChIJw1S8t5E_0i0Rk9WknqRfPO8,Denpasar City
SPBU Pertamina Dex,ChIJD3ivFQBB0i0RJiF26GMCQCk,Denpasar City
SPBU PADMA 54.801.52,ChIJVaeI_wk_0i0R6xaATFO29Vo,Denpasar City
Pertamina,ChIJGdrYjTY_0i0R1ioKiMdkWIc,Denpasar City
Pt. Pertamina Marketing Operation Region V,ChIJVR0hlplA0i0Rq-9min2aeaI,Denpasar City
Pertamina Gas Station 54.801.05,ChIJpW7QAmNA0i0R2VhKZr5z0E4,Denpasar City
Pertamina 54.801.36,ChIJMw9V4kQ_0i0RTZf26_WysL8,Denpasar City
Pertamina,ChIJiyU6qxI_0i0RIEAqIFCoy4k,Denpasar City
SPBU Pertamina Cok Agung Tresna,ChIJ9_ICdItA0i0RPyqTkdCbka4,Denpasar City
Pertamina Pulau Bungin,ChIJq71v7IFB0i0R_OOkL49mmAA,Denpasar City
PERTAMINA,ChIJD7pQ1tM40i0Rv7y1ETxNvAs,Denpasar City
Green Nitrogen - Keboiwa Bali SPBU 5480113,ChIJlQqtYrQ40i0Re5VkrYdKdk0,Denpasar City
Pertamina SPBU,ChIJK6YgMDw_0i0R_z_ZvMeBUlw,Denpasar City
Pertamina gas station 54-801.27,ChIJM-65AUw_0i0RulNhiBCHvnk,Denpasar City
Pertamina Gas Station,ChIJAzr7p3ZA0i0Rq4DL-cNOGKc,Denpasar City
SPBU Pertamina 54.801.15 Puputan Renon,ChIJA3DUOpNA0i0Ra_uG3cLlzm0,Denpasar City
SPBU Pertamina Batan Nyuh 54.801.33,ChIJ38m5FMZA0i0RGoIQUNuTf38,Denpasar City
SPBU Pertamina Mahendradata,ChIJaTtkErVA0i0R5DqaQHrPDaM,Denpasar City
SPBU Pertamina 54-801.13,ChIJhwzCerQ40i0RlblTTkVsZgU,Denpasar City
SPBU - Nangka Utara,ChIJA3Ztd6w_0i0ROvuwDbj_LjA,Denpasar City
SPBU Pertamina 54.801.43,ChIJa1KWnUZA0i0RLCFbdHziHXc,Denpasar City
Pertamina Gas Station 54.801.18 Panjer,ChIJE3h47PxA0i0ROb78imXX2Qo,Denpasar City
Vigas Hayam Wuruk Denpasar,ChIJ93ta0WBA0i0RRzo7OpyW1Rc,Denpasar City
SPBU dekat ASTON DENPASAR,ChIJU-VSfDs_0i0RQtcKQ_uo-Ls,Denpasar City
Pertamina,ChIJr0RFZMJA0i0RDdvG4Xde6i8,Denpasar City
SPBU SCAMER BERJEMAAH,ChIJDY9taTVB0i0RihDelLfGOhA,Denpasar City
Pertamina gas station 54.801.02,ChIJSWJtBqs40i0RgjT9kbKmiYg,Denpasar City
SPBU Komodo,ChIJeWFFZMJA0i0R0mbRCThDVA4,Denpasar City
Spbu 54.801.12,ChIJtb4NIDw_0i0RtdkP9qHSEfg,Denpasar City
SPBU MARLBORO TEUKU UMAR BARAT 54.801.38,ChIJO6ZmfM1A0i0RNFMFaH27kmY,Denpasar City
SPBU Pertamina 54.801.32,ChIJn7o2myxH0i0RsYyUU772Nxo,Denpasar City
Pertamina,ChIJkVq4z15A0i0RjHLc_bZD9k4,Denpasar City
Pertamina Cabang Denpasar,ChIJIftDDptA0i0RkN6xV1begqQ,Denpasar City
Banjar Sebelanga,ChIJk7guqP1B0i0RAjFZRTASiYI,Denpasar City
Banjar Buagan,ChIJD5-8tM9A0i0RlCOgobJajQA,Denpasar City
Banjar Cemara Agung,ChIJ8YXyX5FB0i0RCpslrD0HlY0,Denpasar City
Banjar Kaja Desa Pakraman Panjer,ChIJ7UixCO9A0i0Rkw1YWwItqXM,Denpasar City
Banjar Sawah Pedungan,ChIJoaXpqdBA0i0RpmBl-DVBQCA,Denpasar City
Banjar Adat Asta Bhuana,ChIJfTrhVbZA0i0Reqq9z_3kUSs,Denpasar City
Banjar Sading Sari - Denpasar,ChIJ3w6PiENB0i0RMwbXa1YxBFk,Denpasar City
Br. Puseh Desa Pakraman Pedungan,ChIJ_flDUdlA0i0RXj6U_RKe8I4,Denpasar City
"Banjar Abiantegal, Desa Pakraman Denpasar",ChIJiVbaGABB0i0RgBaB6MaBg2w,Denpasar City
Banjar Sapta Bumi,ChIJk6oMYrFA0i0R7x4WQTSXow0,Denpasar City
Banjar Bhuana Merta,ChIJ70I47J9B0i0RsY15n_x0FGU,Denpasar City
Banjar Sangga Agung,ChIJdwK1K3hB0i0RSd2--6yhxbY,Denpasar City
Banjar Panca Kertha ᬩᬜ᭄ᬚᬃᬧᬜ᭄ᬘᬓᬾᬃᬣ,ChIJqUK8sbFA0i0RJHuFXOi7sxA,Denpasar City
Banjar Tegal Kawan,ChIJzT_zdM9B0i0RAQwLiUTJddY,Denpasar City
Banjar Samping Buni Monang Maning,ChIJyc1Nt1VB0i0RLe-B8FTKLrM,Denpasar City
Banjar Yang Batu Kauh,ChIJg1IOjH5B0i0R0kjWblkkAMw,Denpasar City
Banjar Gelogor,ChIJRbzxSb1A0i0RaROwbtFirQg,Denpasar City
Tri spa,ChIJ3WJ_ga1B0i0Re2OFcUqcSUE,Denpasar City
Banjar Buana Kubu,ChIJHV67g7NA0i0RVkPqul7TPbs,Denpasar City
Banjar Tegal Wangi,ChIJQ-o_udZB0i0R910zP79_OGU,Denpasar City
Banjar Mertha Buana Padangsambian,ChIJbZTDPABB0i0RnzUtgFJAOU0,Denpasar City
"Banjar Panti Sari, Desa Pakraman Denpasar",ChIJzQotpGxB0i0RFii044wUdZg,Denpasar City
Balai Lingkungan Taman Sekar,ChIJgTi4r6FH0i0RvPwpczt5Lwc,Denpasar City
Smu Freight Service. PT,ChIJHVBcnM1A0i0RRL9tgIl0wQE,Denpasar City
SMU Freight. PT,ChIJfyqQZDRH0i0RHJ0fRCGFtmE,Denpasar City
Wantilan Desa Adat Anggabaya,ChIJ55ApFLg_0i0R9d0Y-WvgTTw,Denpasar City
Sari Mertha Segara Desa Adat Kesiman,ChIJ6cNpIkxB0i0RDY6dDNGt-Yk,Denpasar City
BENDESA ADAT PEGUYANGAN,ChIJOfOPDWc_0i0RTXtabfuJX4k,Denpasar City
Pura Desa Lan Puseh Desa Adat Laplap,ChIJzUo3600_0i0RTDLGmiIu3Rw,Denpasar City
Puskesmas Pembantu Sanur Kaja,ChIJYQidvEVA0i0RtZnIKs7-VG4,Denpasar City
Puskesmas Pembantu Ubung,ChIJ05aKvkc_0i0ReBMlyMUQoMo,Denpasar City
Puskesmas Pembantu Kesiman,ChIJeeN8zfFB0i0RFVNGreT1Amg,Denpasar City
Puskesmas Pembantu Penatih,ChIJCebnBe8_0i0Rw7JYY460WwM,Denpasar City
Puskesmas Pembantu Kesiman Kertalangu,ChIJ4V-SXfY_0i0RfK-iNVDRhs8,Denpasar City
Puskesmas Pembantu Kelurahan Penatih,ChIJK5csCcM_0i0RN9Oj8JPQoz8,Denpasar City
Puskesmas Pembantu Pemecutan Kelod,ChIJiV1k7LxA0i0Rj-Del1fRAm4,Denpasar City
Puskesmas pembantu tonja,ChIJWYN8GdU_0i0R-8OalnTyEjQ,Denpasar City
Puskesmas Pembantu (Pustu) Padangsambian,ChIJaWDSfZJH0i0R0xLHFxMeFCA,Denpasar City
Puksemas Pembantu (pustu) Peguyangan,ChIJOWoW8Ug_0i0R5Fg14c0iPNY,Denpasar City
Puskesmas Pembantu Padangsambian Klod,ChIJeQGy7jBH0i0ReW8-RFmGKNI,Denpasar City
Puskesmas Pembantu Ubung Kaja,ChIJL0RrOeA_0i0Rg5OtHgPM3RI,Denpasar City
Puskesmas Pembantu Dauh Puri,ChIJi7Bb6vdB0i0RzcdkrFzkAS8,Denpasar City
Puskesmas Pembantu Padangsambian Kaja,ChIJAbD2MNI40i0R-4SgKDRqvmg,Denpasar City
Puskesmas Dangin Puri Kelod,ChIJjQsShI1A0i0RGK7i9xA6aPc,Denpasar City
Puskesmas Pembantu Panjer,ChIJ6TghaftA0i0RgyQ1lRD72PY,Denpasar City
Puskesmas Pembantu Renon,ChIJ2fgvJQBB0i0Ra66urtceV48,Denpasar City
Puskesmas,ChIJf_hQJF5A0i0RnycPHA7HagU,Denpasar City
PUSKESMAS PEMBANTU TEGAL HARUM,ChIJOTO73-JB0i0RcK6VeDj_bZ0,Denpasar City
Puskesmas Pembantu Dauh Puri Kauh,ChIJxRix9elB0i0RYUYo53eUTdk,Denpasar City
Puskesmas BKIA,ChIJa1jF1pdA0i0RjNUJPj9-mWg,Denpasar City
PHC III North Denpasar,ChIJpUfmyiI_0i0RJz6EatvYsOI,Denpasar City
Puskesmas I Denpasar Timur,ChIJv-ti4gtA0i0RfnXYevnGso8,Denpasar City
Puskesmas II Denpasar Barat,ChIJl1bXZitH0i0R7Gg3uW2NRPs,Denpasar City
Klinik VCT,ChIJkw9OAMJA0i0RdbPveM8rspQ,Denpasar City
Puskesmas I Denpasar Utara,ChIJiUI-IZ1A0i0Rs--7gsRA10E,Denpasar City
Puskesmas I Denpasar Barat,ChIJQTliXrBA0i0Ro6uByjrpXZ8,Denpasar City
Puskesmas II Denpasar Selatan,ChIJy40XeklA0i0RirVrr7x43gM,Denpasar City
PHC II North Denpasar,ChIJlWEzHFY_0i0RasBf47NCFTY,Denpasar City
Puskesmas Limau Purut,ChIJ6-L4ubYd1S8Rd0LoiYXnwow,Denpasar City
SPBU,ChIJNVw3qrBB0i0RcGJ5RQi9QSs,Denpasar City
Outlet Cokroaminoto Green Nitrogen,ChIJceyuz10_0i0Rs1PDa7taI6A,Denpasar City
SPBU Gatsu Mas Energi. UD,ChIJa2krR2k_0i0Rn0XZwAxwYcE,Denpasar City
Pertamina Gas Station 51.801.30,ChIJc5rNwmNA0i0RgWCVSRyVoYU,Denpasar City
SPBU 54.801.53,ChIJTWGQiplB0i0RKhHoJMS0T3I,Denpasar City
SPBE KOSAN - PT. Dewata Gas Sari,ChIJOxIRCJs_0i0RhubnnYM6JIc,Denpasar City
Pertamax,ChIJ3Q--8yU_0i0R7lHADSsLm7k,Denpasar City
SPBU Viral Tambahan Biaya Admin,ChIJn0jRYQBB0i0RrmFd9uQCVAo,Denpasar City
Outlet Green Nitrogen Gatot Subroto,ChIJb_AzeZ0_0i0R8o40dbzcfjM,Denpasar City
SPBU 54.801.09,ChIJj6XKz15A0i0RdUYaJHERZOE,Denpasar City
Badan Pendapatan Daerah Pemerintah Kota Denpasar,ChIJP6zQW5JA0i0RWXLZnjmbvTQ,Denpasar City
Dinas Pendidikan Pemuda Dan Olahraga Provinsi Bali,ChIJWWvXGe1A0i0RPG8Qzzm1xN8,Denpasar City
Kantor Kumdam IX/UDY,ChIJTaeI6hhB0i0RMMrA8u6B_tk,Denpasar City
"Kantor -Citilink' Cabang Denpasar Bali,",ChIJkxiwDABB0i0Rijj8gxeSopw,Denpasar City
UPTD. BALAI HYPERKES DAN KESELAMATAN KERJA PROVINSI BALI,ChIJSUoODKlB0i0R2U0IbHbeacs,Denpasar City
Kanwil Kementerian Agama Provinsi Bali,ChIJQ0DxYY1A0i0RrMc83jlWolo,Denpasar City
"Kantor Super -Air -Jet' _Cabang Denpasar Bali,",ChIJWdCqAwBB0i0RRgZN8w8qwF0,Denpasar City
Dinas Penanaman Modal dan Pelayanan Terpadu Satu Pintu Provinsi Bali,ChIJLbxV5OxA0i0ROjo1HQvaJjs,Denpasar City
Bali Regional Office of Ministry of Law,ChIJt0Nhn-1A0i0RtlVVXvZdMwk,Denpasar City
Bidang Pelayanan Kekayaan Intelektual,ChIJQ04RMoRB0i0RrKGRvieVrOE,Denpasar City
Bkkbn,ChIJI_ERpu1A0i0R5yG6FgiXmn4,Denpasar City
Education Quality Assurance Agency (BPMP) Bali,ChIJmRIO24xA0i0Rv2vjPfR8KYA,Denpasar City
Kantor Gubernur Monang Maning,ChIJtSD7uq9A0i0RWG8iFg5ugoc,Denpasar City
DENKOMLEKSTRADA DENPASAR,ChIJzffSattB0i0RkQ-CJD74Qps,Denpasar City
Dinas Perhubungan Provinsi Bali,ChIJO5CecI1A0i0RbCKpdyH-cO0,Denpasar City
Kantor Br. Mandala Sari,ChIJl9JMV-xA0i0RACkLCBRnXP8,Denpasar City
BPKAD Provinsi Bali,ChIJ7Y1ZNfVA0i0R8_fTgbKtUEU,Denpasar City
Kantor Wilayah Badan Pertanahan Nasional Provinsi Bali,ChIJkUC5ZItA0i0ROlH4rMT8DZg,Denpasar City
Kantor BMKG Stasiun Geofisika Sanglah Denpasar,ChIJM4nJNcJA0i0R07VEN-BXWgw,Denpasar City
KANTOR BENDESA ADAT PEDUNGAN,ChIJjXIySQBB0i0RF_D4Ftw3Zag,Denpasar City
Kantor Kepala Pertanahan Kabupaten Karangasem,ChIJeeDanJFA0i0RTnrIz70KzpY,Denpasar City
KANTOR PENYULUHAN KB KECAMATAN BELIK,ChIJaaxKLcxB0i0Ru5DxirEM9cU,Denpasar City
Badan Pendapatan Daerah Provinsi Bali,ChIJjdCiH4tA0i0Rb8qUbOGC7bA,Denpasar City
Dinas Pemadam Kebakaran Kota Denpasar,ChIJESrqPsZA0i0Rjc6M6ZITYIE,Denpasar City
Badan Lingkungan Hidup Pemerintah Provinsi Bali,ChIJ29vEWPNA0i0RwdAJv_GEP6A,Denpasar City
Rumah Singgah Pemerintah Kabupaten Jembrana,ChIJaUc7TABB0i0RoNbMWLdXQ7Q,Denpasar City
Dinas Persandian Daerah Militer IX/Udayana,ChIJ-44kuJlA0i0R6bHjKVTBOhY,Denpasar City
Pemerintah Provinsi Bali,ChIJeV8g_lRB0i0RR1BD49k8-3w,Denpasar City
Dinas Perindustrian dan Perdagangan Pemerintah Provinsi Bali,ChIJzQl2UPJA0i0RYlbfcK4R0XA,Denpasar City
Denpasar Mayor's Office,ChIJX3xdPZlA0i0RQ-IcstF7P9s,Denpasar City
Bali Government Tourism Office,ChIJeWWvr_RA0i0RMK6Q2t08fLc,Denpasar City
PKH Provinsi Bali,ChIJsa-8i1tB0i0R_y1IXjkRfDg,Denpasar City
BANJAR BERABAN,ChIJ19MR18BA0i0RB0I66g1bSC8,Denpasar City
Dinas Pekerjaan Umum Pemerintah Provinsi Bali,ChIJ2aitkJxA0i0RUvviNanV7Rk,Denpasar City
Dinas Kebudayaan Pemerintah Kota Denpasar,ChIJCVYtYmFA0i0RjQoBbxhKAN0,Denpasar City
Kantor Pertanahan Kota Denpasar,ChIJkxG4mYRA0i0RhrpMCt_5do0,Denpasar City
Kantor Koperasi Desa Merah Putih Tegal Harum Kecamatan Denpasar Barat,ChIJdUWfdgBB0i0R65AeaVtBmM0,Denpasar City
KPP Pratama Denpasar Barat,ChIJB2XlKO1A0i0Rioy15cS_0Hc,Denpasar City
Kantor Perbekel Desa Dauh Puri Kangin,ChIJ5z_Og5dA0i0RdEPsXeG2F6Y,Denpasar City
Kantor Kecamatan Denpasar Selatan Kota Denpasar,ChIJV3vW7eFA0i0RIBKj7hpyLBE,Denpasar City
Office 12,ChIJ0ULka-FB0i0RS3tdn99vzeY,Denpasar City
Dinas Lingkungan Hidup dan Kehutanan Provinsi Bali,ChIJYfeNWgBB0i0RUDFPG-Fd2iE,Denpasar City
Dinas Kependudukan dan Pencatatan Sipil Kota Denpasar,ChIJR7cvyJtA0i0RkhpwTUhvJVU,Denpasar City
Wisma Sabha Kantor Gubernur Bali,ChIJ3QBaP25B0i0R0lSW0XIgJYg,Denpasar City
Kanwil Ditjen Perbendaharaan Prov. Bali,ChIJe6cGnfRA0i0Rpn7Za5hMQ9A,Denpasar City
PT TASPEN (PERSERO) KANTOR CABANG DENPASAR,ChIJn_5tgu1A0i0RF8_uns7VRTA,Denpasar City
Rumah Dinas BPKH Wil. VIII - 1,ChIJDx3jQaBB0i0RxTE6A3-XttU,Denpasar City
upt.dinas dikpora denpasar barat,ChIJOaSMjqlA0i0RVR4Nq9CnOgU,Denpasar City
"Kantor Post "" AGP Sidi Merta",ChIJ8WrBdM5A0i0RxHz78OE-HcY,Denpasar City
Sansat,ChIJ3YDrvR5B0i0R7a2oi7nJivY,Denpasar City
Kantor Imigrasi Kelas I TPI Denpasar,ChIJicCH-n9A0i0RDA6OG2cAryQ,Denpasar City
Grap Office,ChIJbR9jKE9B0i0RSIZy9cvB6Ks,Denpasar City
Balai Wilayah Sungai Bali-Penida,ChIJKWw8qo1A0i0RAxRvBV7BQdo,Denpasar City
REGIONAL OFFICE - OPPO BALI,ChIJCUa7XrxB0i0R3puvo4IlJgY,Denpasar City
Wantilan Banjar Tegal Baler Griya,ChIJCZBSvH1B0i0RExruW1yfT70,Denpasar City
KKB BRIN Denpasar,ChIJ5-wgVmtB0i0RmUibMWASVHM,Denpasar City
Perwakilan Badan Pengawasan Keuangan Dan Pembangunan (BPKP) Provinsi Bali,ChIJKROyI_NA0i0R343_zW04Y-Q,Denpasar City
holis,ChIJEaqJ4p1B0i0RoEgO8u-BM74,Denpasar City
Badan Perencanaan Pembangunan Daerah (Bappeda) Provinsi Bali,ChIJO5CecI1A0i0R-zF0AEod33o,Denpasar City
driver Bali TLN,ChIJa_MGXLhB0i0R4Oot68Bh2mo,Denpasar City
Kantor Pos Denpasar Sanglah,ChIJc_YN8cRA0i0R3F2oQLe6ER0,Denpasar City
Pos Polisi,ChIJ70NbCMRA0i0R-nRNZ5OPT6Q,Denpasar City
Kantor Pelayanan Pajak Madya Denpasar,ChIJyZ2l_1tA0i0RkGlH7c6F07E,Denpasar City
Kantor pajak badung,ChIJ919QEwBB0i0RElZDjzXq9_E,Denpasar City
Satpol PP Denpasar,ChIJ8fMZ0Y9B0i0RJn2fzk8bewk,Denpasar City
Denpasar State Asset Management and Auction Services Office,ChIJc6voq4lA0i0Rr_Wg752GFzo,Denpasar City
Kanwil DJKN Bali dan Nusa Tenggara,ChIJH2rQkfRA0i0RhF_YzvbPs9g,Denpasar City
graha LPPOM bali,ChIJT1QtvxlB0i0R6RXFnumwqlE,Denpasar City
NUJEK Ojek Bali,ChIJpQm9WZxB0i0R3QJkTp9NAf0,Denpasar City
Authority of Marine & Fishery of Bali Province,ChIJ50irc2I_0i0RCKqBeL6PUks,Denpasar City
RR Maju Jasa,ChIJZfbWSdpB0i0RSGskdGKjhV0,Denpasar City
Kantor Pos Kalimutu,ChIJzUsjK41B0i0Rak89d_aGrCY,Denpasar City
Dinas Kesehatan Bali,ChIJcxDi6ZxA0i0RmHUaBHPNehk,Denpasar City
Kantor Kelompok Ahli,ChIJlxhfnntB0i0R98LIZ4IawEY,Denpasar City
Rumah Dinas BPHP Wilayah VII Denpasar,ChIJRU-Qf6lB0i0RoP3mjinlvqU,Denpasar City
Kantor POS Nusakambangan,ChIJmYUhJEBB0i0RTMPcWmENjyg,Denpasar City
Badan Perencanaan Pembangunan Daerah Pemerintah Kota Denpasar,ChIJRem4wl0_0i0RH7ZiwZPIVAE,Denpasar City
Kantor Pengawasan dan Pelayanan Bea dan Cukai TMP A Denpasar,ChIJsVhiiKlB0i0Rsu3GSEtu4mo,Denpasar City
Kantor Perwakilan Ombudsman Republik Indonesia Provinsi Bali,ChIJYzw52OpA0i0RqwKShe_gugE,Denpasar City
Bali Provincial Inspectorate,ChIJ29vEWPNA0i0Rz9EbWBO_D0g,Denpasar City
Dinas Perhubungan,ChIJ_fBOcoZA0i0Rwer_KwKJtJg,Denpasar City
Kantor Pelayanan BPKB,ChIJX0ampYJA0i0R1PNoScXAv6M,Denpasar City
Pos Polisi Diponegoro,ChIJyWON5OZA0i0RQV2aGahDMxI,Denpasar City
Pengadilan Tata Usaha Negara - Denpasar,ChIJK4zHqY1A0i0R4ehBg_KrbC0,Denpasar City
Pasos “Balai Pertemuan”,ChIJM3qywmZH0i0RuBxBs7RUMeY,Denpasar City
KPPAD Propinsi Bali,ChIJK7ix4ilB0i0RrML-BgkfIco,Denpasar City
Denpasar Selatan,ChIJ3xtNBABB0i0ROctN9rRO010,Denpasar City
Kantor KPU Kota Denpasar,ChIJ0TyM7_VA0i0ReM6WZfVCOM8,Denpasar City
Kantor Majelis Desa Adat Provisi Bali (MDA),ChIJM3kbgORB0i0RPrVoQTgczpw,Denpasar City
Kantor Samsat Bersama Denpasar Bali,ChIJk-cZlYxA0i0Ry-ceAqGYkwo,Denpasar City
Kantor DPD RI Provinsi Bali,ChIJwf-amopA0i0Rx-MqxpbXCGU,Denpasar City
Tri Karya Utama. CV,ChIJLXnJDexA0i0RYUIDVLIuWpQ,Denpasar City
KPP Pratama Denpasar Timur,ChIJH9qC54xA0i0RfaaN0yEy4UI,Denpasar City
Kantor Urusan Agama (KUA) Denpasar Barat,ChIJ-95I2EpH0i0RczPN8-JSIKc,Denpasar City
Inspektorat Daerah Kota Denpasar,ChIJh3Zyr5xA0i0RgRzbakn1q1s,Denpasar City
BPJS Kesehatan Kantor Cabang Denpasar,ChIJMbzXYvNA0i0RwlilW_V_SKk,Denpasar City
Rumah Dinas Kakanwil Kemenkumham Provinsi Bali,ChIJI6R8sg8_0i0RDKOFepPaM40,Denpasar City
Bagian Pengadaan Barang Jasa Kota Denpasar,ChIJlUe3m5xA0i0RpvytP32_1QI,Denpasar City
Utama Fire Service. CV,ChIJWVIVVOZA0i0R83o3wBT8ye8,Denpasar City
KPP Pratama Badung Selatan,ChIJXfsZ6IxA0i0RolQLIwHBeYM,Denpasar City
Kantor Desa Sabbang Paru,ChIJkUdG8_xdlC0Rf-V3R7v2OgY,Denpasar City
Dinas Lingkungan Hidup dan Kebersihan Kota Denpasar,ChIJJd2zaUI_0i0RIHGMecq3xqM,Denpasar City
Glofin Head Quarter,ChIJPX1uwTJB0i0RjgHogwBbyWk,Denpasar City
Margasiswa PMKRI Cabang Denpasar,ChIJu9RkLmRB0i0R90P0pU0O0rI,Denpasar City
Rumah Belanja Kota Denpasar,ChIJP_4QxLpB0i0RIiW0Yr5nD0Y,Denpasar City
Rumah dinas TNI,ChIJ78jtSOVB0i0Ru7wEGdEkpLc,Denpasar City
"Dinas Koperasi, Usaha Kecil dan Menengah Provinsi Bali",ChIJec3GB9E_0i0RJKNyRZ6snsk,Denpasar City
Assessment Center Provinsi Bali,ChIJ49pa77pB0i0R6qotElJBbiU,Denpasar City
Kantor Notaris/PPAT I Made Mulyawan Subawa SH MKn,ChIJy_7i2ZFB0i0RjjidtrKKERQ,Denpasar City
Kantor Pelayanan Ijin Terpadu Denpasar,ChIJdaOgBEI_0i0RauNDJoJASmI,Denpasar City
invotek solutions,ChIJIwC8U8NA0i0RkVa8i3w0SAQ,Denpasar City
Balai Penyuluhan KB Denpasar Selatan,ChIJ45Df7BdB0i0R386dVoN2LNQ,Denpasar City
Komisi Yudisial RI Penghubung Wilayah Provinsi Bali,ChIJFQPU7CY_0i0RNaRXXabHm7c,Denpasar City
Dinas Koperasi Usaha Kecil & Menengah Pemerintah Kota Denpasar,ChIJQX_19EE_0i0RH1ltIs78q-4,Denpasar City
Rumah Dinas Pengadilan Tinggi Bali,ChIJX-SSpANB0i0RldbFigbopAQ,Denpasar City
Kantor Panwaslu Kota Denpasar,ChIJW0Vfemw_0i0Rd7ItDJoYyeI,Denpasar City
BP PAUD dan Dikmas Bali,ChIJH-QbHj8_0i0RfPDPKcu-uXg,Denpasar City
Asri Jasa Samsat,ChIJHQ4ReyNB0i0RXJN2Axkrz_8,Denpasar City
Kantor Pos Denpasar Perumnas,ChIJU2RoFaVA0i0RyWeEAUH39dc,Denpasar City
Kantor Advokat / konsuktan hukum ARJK Law Office,ChIJO6aqPaFA0i0RAFeFvpLqdb4,Denpasar City
BUPDA Intaran,ChIJeZ7VSgBB0i0RARlwyhlxAHs,Denpasar City
PT Pos Indonesia Persero Kantor Regional 8,ChIJP9Kg-oxA0i0RhtrVIwSW3BA,Denpasar City
Bag Psikologi Biro SDM Polda Bali,ChIJLx7TrYA_0i0RMnl1eDVi89Q,Denpasar City
LPD Padangsambian,ChIJAf5F76s40i0RH-_OKxHwZAg,Denpasar City
Kantor Pos Indonesia,ChIJX1VVVWo_0i0R1wUAJ75NUXY,Denpasar City
Graha Sewaka Dharma,ChIJbQJrDkI_0i0RI5aqiv_5GqU,Denpasar City
FIFGROUP KIOS SESETAN,ChIJwykfDABB0i0R3JfzyKhftD4,Denpasar City
Banjar Jaba Jati,ChIJzxij_C5B0i0RyLseMBGgeuY,Denpasar City
Banjar Gunung Pemogan,ChIJL3qO5NVA0i0RSQMMbi0VXGU,Denpasar City
Banjar Buana Agung,ChIJz4g4-lRH0i0RCaWG6Lg05Aw,Denpasar City
Banjar Batubolong,ChIJ_b-FahJH0i0Rs7YpRPpZLE8,Denpasar City
Banjar Teges Mas Jati,ChIJ-fqTd6VH0i0ReSk1F27UimA,Denpasar City
BANJAR PADANG UDAYANA,ChIJiaXB_qpA0i0RaClernPebM4,Denpasar City
Banjar Bhuana Santi,ChIJfZtPYqlH0i0RWb6d35S7_QU,Denpasar City
Banjar Mekar Buana,ChIJFStMzcVB0i0ReXGL-YQ7tHw,Denpasar City
Banjar padang asri,ChIJN6fDtxFH0i0RkmYoWitQ54o,Denpasar City
BALE BANJAR MINGGIR PADANGSAMBIAN,ChIJD8PVsso50i0RH_M3V73ig0w,Denpasar City
Banjar Manut Negara,ChIJ6eMt169B0i0RrF30egEVHgE,Denpasar City
Br. Mertha Gangga,ChIJp1R_hqlA0i0RtOicm7ba-zA,Denpasar City
Banjar Kertha Pura,ChIJQ0xMyelB0i0R-eRmB0cJx5o,Denpasar City
SMK PGRI 6 Denpasar,ChIJYygx7O5A0i0RQ8iHVU6g_3w,Denpasar City
SMK PENERBANGAN CAKRA NUSANTARA,ChIJS36PB4lA0i0RiHCfyaTQGbo,Denpasar City
Professional School District 5 Denpasar,ChIJNeWzA30_0i0RIpt0-WRIxas,Denpasar City
SMK PGRI 2 Denpasar,ChIJ58xkc7FA0i0RQlt0L2JFf-4,Denpasar City
SMK Negeri 3 Denpasar,ChIJYRGpg75B0i0RSqTon9zeiHs,Denpasar City
State Professional School 6 Denpasar,ChIJJ42reoU_0i0ROTP6NE3EnMY,Denpasar City
SMK Wira Bhakti Denpasar,ChIJ7-5nBEA_0i0Rq8_VSHZkM1o,Denpasar City
SMK PGRI 3 Denpasar,ChIJcz5MvYlA0i0RvdwbUSj4YDQ,Denpasar City
Smkn 4 Denpasar,ChIJgbDjuPdB0i0RJlyO8SZGNSk,Denpasar City
School SMK PGRI 5 Denpasar,ChIJv56UAXw_0i0RxRfsd46jgto,Denpasar City
SMK PGRI 4 Denpasar,ChIJN1L6kso40i0RrbDfVJODBwY,Denpasar City
SMKN 1 limau mungkur,ChIJde3uYIlB0i0RNbtM_rKB4UY,Denpasar City
Vocational High School of Engineering Denpasar,ChIJH6CD3EA_0i0Rri4MiYlkvBA,Denpasar City
Health Vocational High School PGRI Denpasar,ChIJBeW2Gn8_0i0RPuJjxCnDLOg,Denpasar City
SMK Nasional Denpasar,ChIJUwEVIn9A0i0RBgKaZbouZos,Denpasar City
SMK Pembangunan Denpasar,ChIJi7O-028_0i0RGkxG858RzvY,Denpasar City
SMK Duta Bangsa Denpasar,ChIJWa2b_ZE_0i0RNxLvRtjkgAY,Denpasar City
Health Vocational High School Denpasar Bali Medika,ChIJWT4iDjk_0i0RrXdJHPYuZEM,Denpasar City
Saraswati 2 Professional School,ChIJCeYX2HdA0i0Rcgy7m4xlBNQ,Denpasar City
SMK Kertha Wisata Denpasar,ChIJU_gOWatB0i0RRKimqFoA69c,Denpasar City
SMK Bintang Persada Denpasar,ChIJdS4uWks_0i0R4cOFF7Nzj-U,Denpasar City
Madina Bina Vocational High School Denpasar,ChIJRx7UJ51A0i0R50S-1PkpZCs,Denpasar City
LSP SMKN 3 DENPASAR,ChIJozNKM7pB0i0RJyPOjRJhWE4,Denpasar City
SMK Bali Dewata & SMK Kesehatan Bali Dewata,ChIJ__-vxOc-0i0RJNDSZeWZ5Jw,Denpasar City
School SMK PGRI 1 Denpasar,ChIJt9GbPXM_0i0ReuHpyM5dhi4,Denpasar City
Institut Teknologi Dan Bisnis STIKOM BALI,ChIJh8WBSPJA0i0RlqAKHhE_Qeg,Denpasar City
Perpustakaan SMK Negeri 1 Denpasar,ChIJu3Qf6Ys_0i0Res5TrTE92Ao,Denpasar City
Perempatan Tolol,ChIJMZxrIABB0i0RRRRJ2OLH8Lw,Denpasar City
Teuku Umar 5,ChIJRX_1JMVA0i0RcJ9sp-oZ4LM,Denpasar City
Teuku Umar 4,ChIJm034MMVA0i0RXYVKkor7E3g,Denpasar City
Perjuangkan Untuk Kejayaan Bali,ChIJAzBe2dFA0i0RPaZDh031M3g,Denpasar City
Simpang Sudirman,ChIJH17UqZRA0i0RMS3kYgAO5Y4,Denpasar City
Warung Perempatan Tegal Dukuh,ChIJ5SDMtlI_0i0RHWNUP8jDRq0,Denpasar City
Warung Frengki 2024,ChIJYf0tHANB0i0RbMhuyO_d3sg,Denpasar City
Jl malboro,ChIJ9StDEwBB0i0R2br_fke7E4o,Denpasar City
Simpang Marlboro Teuku Umar,ChIJ2RzV27dB0i0RD3UnNiq-QhU,Denpasar City
Kos Tukad Yeh Biu,ChIJfRQdweZA0i0R4N2tgZTqOC0,Denpasar City
Indomaret Point Teuku Umar,ChIJqxApUcFA0i0RfGkZZi6B13Q,Denpasar City
Circle K,ChIJmVcd1-dA0i0ReGoX5q4NmZc,Denpasar City
Imam Bonjol,ChIJy5OcYg5B0i0RR23_vjDlGzo,Denpasar City
UD. Buluh Indah,ChIJ4409lbJA0i0RFhPkl3GPkKw,Denpasar City
Matahari Duta Plaza,ChIJRRTWwuFA0i0R-1A5xdcCgSE,Denpasar City
Toko Suci Sari Jaya,ChIJi_u14EpB0i0Rm8JVoTPqCbo,Denpasar City
Pos Polisi,ChIJqQp6gZJB0i0RqxqN14dyKCs,Denpasar City
SOL SEPATU KOPER RESLETINGGARANSI - PEREMPATAN TOHPATI POJOK BALI BARONG HP,ChIJ06rqeo4_0i0RCQOoz4opOoc,Denpasar City
Padang Galak,ChIJM-DBc25A0i0RUmNr6Y3x3jc,Denpasar City
Tohpati Garden,ChIJLXReS4Y_0i0RdBSTd7meqe0,Denpasar City
Alfamart Imam Bonjol,ChIJH_EEjOhB0i0RtP2-rGxBSaM,Denpasar City
Patung Anumerta Tjokorda Agung Tresna,ChIJo8r6P24_0i0Rvr1SmdpH6eg,Denpasar City
9/11 Cafe & Concept Store,ChIJ9VImtjJH0i0Rr2Z57kF1Lqk,Denpasar City
Indomaret Raya Gunung Agung,ChIJK8tN-zFB0i0Rpc4KrgX1SLw,Denpasar City
Taman pancing,ChIJWRLdEABB0i0RP7w2nm55YXw,Denpasar City
Taman Melanting Temple,ChIJo24IPDZH0i0RD_BiTzCW0WM,Denpasar City
Moena Fresh Panjer - Buah Segar. Jus Sehat.,ChIJ6ZmNi_tA0i0RrMjTYaDkoDg,Denpasar City
Astra Motor Mahendradatta,ChIJMRY63qdA0i0RH4JeJYhwDWg,Denpasar City
Total Kargo,ChIJPZZKYvs_0i0RufzKk3iyMCs,Denpasar City
Halte Pesanggaran 1,ChIJcxlW72lB0i0R70O5wxN6dVE,Denpasar City
Burger King Mahendradata,ChIJycG7Ee1B0i0RPZMtOmB5pUU,Denpasar City
TIKI Cabang Denpasar,ChIJ62SlJJpA0i0Rx9JlowU-liE,Denpasar City
Biaung Traditional Market,ChIJgzE_UghA0i0RrDJo8gsadok,Denpasar City
Pizza Hut Restoran,ChIJd-tT5OFA0i0RntGdvpX8dUg,Denpasar City
Rumah Arim,ChIJDfXOUgA_0i0RM1U0SzvXLJ0,Denpasar City
HokBen Mahendradatta,ChIJ3Q6thlhB0i0Rq1sNq4RqiLs,Denpasar City
Pesona Multi Trans Cargo & Trucking Cabang Denpasar,ChIJwUjrqk0_0i0RX6udch0acSA,Denpasar City
JUNA VAPE STORE,ChIJmRxBKRtB0i0RUn3_rSj6mGw,Denpasar City
Holland Bakery Teuku Umar,ChIJr7wVO8VA0i0R-TXiAmhxLHY,Denpasar City
Holycow! STEAKHOUSE By Chef Afit,ChIJiWSw2vVA0i0R73r6W0c2Um4,Denpasar City
KOPI BOX,ChIJecQB2jdB0i0RiTifH-l1xgQ,Denpasar City
Warungmu Sate Kambing Asli Solo,ChIJJTFiDzZH0i0RkaYu3vsgB28,Denpasar City
KFC,ChIJGxAjEEM_0i0RI-WLgVb5V5I,Denpasar City
Starbucks,ChIJQaQPJThB0i0R_l-0E6mgR0k,Denpasar City
Taman Pancing,ChIJdcHnYxRB0i0RrQzuaNs6ovw,Denpasar City
Hawwak Motor Sewa,ChIJ0x1zXwBB0i0RSg5EvQThzpU,Denpasar City
Nasi Kuning Pemecutan,ChIJFwYQ_qJA0i0RAfg4RAOs-SQ,Denpasar City
Pizza Hut Restoran,ChIJu6HjkcJB0i0R0qIbHuzPV6Y,Denpasar City
TOKO CV FENNY BAHAN KUE - KARTINI,ChIJJ8UGj59A0i0RG5XSh5ouhJ8,Denpasar City
Alfamart Mahendradata Utara,ChIJ00wYwfpB0i0RgDEV24m0C-Y,Denpasar City
Rujak Nektar Distributor bali,ChIJm3uYklE_0i0RWA45k7P_Q-g,Denpasar City
Rujak Pak Yan,ChIJ3_kailg_0i0RenLeDTJ9k4E,Denpasar City
TOKO KEBAYA SERBA 35rb,ChIJ18lAA1Y_0i0R-NGcpepPHGs,Denpasar City
Kumbasari Park,ChIJGTjbCdxB0i0RUG8eRve1SII,Denpasar City
DERMAGA 2 WISATA AIR KAMPUNG ISLAM KEPAON,ChIJtcfq96BB0i0RqIoBYVEyCEI,Denpasar City
Lumintang Park,ChIJyw_a5mk_0i0RC9af20e_QvY,Denpasar City
Dermaga Serangan ᬤᭂᬃᬫᬕᬲᭂᬭᬗᬦ᭄᭟​,ChIJexYA_IJB0i0RPUST-Kbzgbs,Denpasar City
Taman Kota Br. Buagan,ChIJD1cBrQBB0i0RUOG-fpAyECM,Denpasar City
Wisata Dokar Kota Denpasar,ChIJB-GfcQBB0i0ROkDUtf5uLDw,Denpasar City
Pesta Kesenian Bali,ChIJZf5ACgBB0i0RCFtviHay56Q,Denpasar City
Big Garden Corner,ChIJwwCS2XFA0i0RwGKRquRfi2s,Denpasar City
Balitravelholic,ChIJY4olStVB0i0Rxh5iXDi0EIw,Denpasar City
Sunrise Beach,ChIJ-5ELBDBB0i0ROUVj8XeSTcE,Denpasar City
Taman Hutan Raya (Tahura) Ngurah Rai,ChIJMzVoXCJB0i0R1ijzdC17pWs,Denpasar City
Upside Down World Bali,ChIJL1XuIURB0i0RNRhRbMMJMLI,Denpasar City
Jack Bali Tour,ChIJQ39-gd9B0i0RC41f7vAG7DA,Denpasar City
Tukad Grodogan banjar Gunung Pemogan | Tempat Wisata Melihat Ikan Banjar Gunung,ChIJn116LNpB0i0Rri4VNbRPt0c,Denpasar City
Sagara Tour Bali,ChIJD8VpyMVH0i0R6tdEw5OYIj0,Denpasar City
angel bilabong,ChIJYe4jsyRB0i0RG2AkmwiuGAU,Denpasar City
Andaru Bhumi,ChIJrdYxjV1A0i0RcQF4cL347R0,Denpasar City
Dancepasar,ChIJxXbTAABB0i0RNF120o26loc,Denpasar City
Taman Inspirasi Mertasari,ChIJhTrb3ZlB0i0RloULjHV5Yfc,Denpasar City
Wisata Tukad Badung Imam Bonjol,ChIJVTnGYABB0i0R5n7C3v-YiGM,Denpasar City
Pantai Muntig Siokan Sidakarya,ChIJ15i25RBB0i0RyjTGMPFTxDo,Denpasar City
Ekowisata Mangrove Batu Lumbang,ChIJ654Bk7NF0i0R7MKszE1eY3g,Denpasar City
Denpasar timur,ChIJs8pTVABB0i0RMot8jVO5Fo4,Denpasar City
Puri Djambe Alang Badung,ChIJ_aUBsLxB0i0RaSqUxNgUdyc,Denpasar City
Puri Agung Denpasar,ChIJiW81E55A0i0RmL0PgzgsgbU,Denpasar City
Padang Galak Beach,ChIJZYCQDaBB0i0REH1e0r32ygc,Denpasar City
Batu cermin,ChIJyepp0wVB0i0RJtVc-Li10m8,Denpasar City
The Japir Academy of Performing Arts,ChIJzTqpPwBB0i0RtpfmXLndx-c,Denpasar City
Bali Travel and Staycation,ChIJMTmoyXbx0S0R2ZtpkIIifWs,Denpasar City
Plakat Nol Kilometer Kota Denpasar,ChIJS-RzXhhB0i0R-ioH8eBmXe8,Denpasar City
Barong Tanah Kilap - Sari Wisata Budaya BALI,ChIJNa4uW0xB0i0RevpSX7uEVjQ,Denpasar City
Rumi,ChIJlWQkZm5B0i0RZiJFaN8rwoc,Denpasar City
Agung Jagatnatha Temple,ChIJky6y2ZtA0i0RMPn08WYBq9E,Denpasar City
Hafid_Balitour,ChIJv9-TYgBB0i0R7axK85vQHmA,Denpasar City
Bali Happy Group,ChIJHbVbRABB0i0RwQh0ZkHkgtI,Denpasar City
Bali Museum,ChIJQ608L5pA0i0R2of-ez9pLfM,Denpasar City
Ubud,ChIJ0-4zfABH0i0ROMVMKlZdMpA,Denpasar City
Let See Adventures,ChIJ-YWD2hlB0i0RIYJsDtZ1WQ0,Denpasar City
YOUTH PARK,ChIJzTj552k_0i0RaI9cgDj0Xsw,Denpasar City
AndrewBalitour,ChIJ7XsF7b9B0i0R2BTr_lOVeLc,Denpasar City
LOKASI MEPADIK MADE BHASUDEWA,ChIJNWLnF6lB0i0RSL_41UECiWQ,Denpasar City
Queenueke Services,ChIJT6KpQK9H0i0RyTrgv7uNikQ,Denpasar City
Tut Bonsai,ChIJi2MeZUlB0i0RUaajzg_B2lk,Denpasar City
Museum Bung Karno,ChIJqasWE_RA0i0RP4gURbBEBO4,Denpasar City
Rumah Mangku Penyarikan,ChIJXWMQNV5B0i0R-SahSbV0LCc,Denpasar City
Quantum Temple Indonesia,ChIJfbJGYsRB0i0R_GiQUP7gAZ4,Denpasar City
OJ TRAVEL AND TOURS Bali,ChIJFb1Riv1B0i0RIcIBhZ-ng90,Denpasar City
Tour of the kingdom of Gerenceng Palace,ChIJqXc8szRB0i0ROPOEi2O5gT4,Denpasar City
Noah Travel Office,ChIJz-SGOwBB0i0RQcuWvJ0g6Oo,Denpasar City
Bali Exotic Marine Park,ChIJf9ehV5pB0i0RNwxjWAJ05kU,Denpasar City
pasar burung.denpasar,ChIJl5nLGQBB0i0R1dnnONVstXw,Denpasar City
Bali Experience Adventure,ChIJF1PAtEhB0i0RZ761KQBgp3s,Denpasar City
tour and travel,ChIJMUiqoUtB0i0Ro4n6zTlzFN4,Denpasar City
Gantangan Paksi Dewata Pulau Singkep,ChIJr5gkKYtB0i0RLT-2I_06tMA,Denpasar City
Werdhi Budaya Art Centre,ChIJGQ6sdIdA0i0RHsllnemsju4,Denpasar City
TUDE HOUSE,ChIJp7K5IrFB0i0RFKvWnA2RnJ0,Denpasar City
D'Wira segara,ChIJ1aRCfgBB0i0RRRyN32JLOFg,Denpasar City
Pasar Seni Kumbasari,ChIJ528XG6JA0i0R42MhlL97NU8,Denpasar City
Kertalangu Cultural Village,ChIJjThliIs_0i0RgHRCA1uUUBI,Denpasar City
Transport Antrans Bali,ChIJMznPD9BB0i0RV-aWkXlfaC4,Denpasar City
Pamelisan Sesetan,ChIJjyO7PUxB0i0R9q8m7ua5THQ,Denpasar City
Mural Gg. Beji,ChIJS9qUkJpB0i0RkZzfiXJQuo0,Denpasar City
Grafiti ZZZ Denpasar,ChIJJx-rXgBB0i0RYCVOyD0vPug,Denpasar City
Bali Dolphin interaction,ChIJ14oLJ-FB0i0Rftg6BYVEiok,Denpasar City
Bali Sunrise Trekking,ChIJDyEC4IxA0i0RLg6iSxg01mw,Denpasar City
Bali Explorer Tour,ChIJ0xUTGutB0i0RBdmGAMdwsAg,Denpasar City
Bali tour driver sevice,ChIJXwm9FZ5B0i0RMFATSaLnJxg,Denpasar City
Wisata family cafe,ChIJ2UGefQA_0i0RvX22X_REk3I,Denpasar City
Wisata duren cau belayu marga,ChIJncYqLL050i0RQAzMuAfczPE,Denpasar City
Patna,ChIJjciubABH0i0RkYK0ulqKj54,Denpasar City
Kolam ikan Az Zikra,ChIJXUxMIwBB0i0RsjpejlK5rF0,Denpasar City
Pantai Dermaga,ChIJSdLEtShB0i0R-6M121eJtMI,Denpasar City
Best Bali Trekking and Tours,ChIJx3Xaei1B0i0RvnBEZPk3QEk,Denpasar City
Fingerprint Painting Museum,ChIJdyQo2WNA0i0RE6o_3uTsTSE,Denpasar City
Pintu Masuk Teba Majalangu,ChIJR6SocJw_0i0Rrf_hqvvLaYI,Denpasar City
PINTU 4 TAMAN MINI INDONESIA INDAH,ChIJ0aimYQBB0i0Rz9k8EBvhWY4,Denpasar City
Rekreasi Kano,ChIJ03ISbQBE0i0R3cOiyERq4DI,Denpasar City
mancing,ChIJaT_UCgBB0i0RojaIS20PBlA,Denpasar City
Wisata Perahu Dermaga 3 Taman Cinta Pemogan Denpasar Selatan,ChIJWYIiw7JB0i0RRkKS6mvcrGE,Denpasar City
ALIT TRAVEL,ChIJQQbT1qRB0i0R4VEtXBScqqs,Denpasar City
BALI NATAJAYA Tours,ChIJU9QdkbBB0i0RPBMJnf0hgpI,Denpasar City
Puri Agung Kesiman,ChIJ_e8Rg4A_0i0RHZ9LJgaUY4A,Denpasar City
Wisata bali tour seminyak,ChIJXVgM61hH0i0RdYN_Ekk-QrE,Denpasar City
raskita tour and travel,ChIJAxbm0J5B0i0RvkyNT8ejEh0,Denpasar City
Pantai Padang Galak,ChIJl9rVx_BB0i0R6k4pwCJEkBo,Denpasar City
Perumahan Mekar,ChIJHXJ1eABB0i0RyFXGTbauzZM,Denpasar City
Dom Tour and Travel,ChIJORDHG6VH0i0RM1T4wBY7Zow,Denpasar City
NAMA JALAN,ChIJv86klsNB0i0R4x8-VRmeZKo,Denpasar City
Sandika Bali Tour & Travel,ChIJkwJIZMNH0i0Rn62j4wbpmPM,Denpasar City
Kost mashuri,ChIJjU85NgBB0i0R69GgwfVDgTI,Denpasar City
Ngurah Adam,ChIJ9_-Dw6w40i0REK6NBaKrtvI,Denpasar City
LSL Tour & Travel,ChIJCXz3VVRA0i0RtGv3wixY2SE,Denpasar City
Wisata Bali,ChIJVVVVVZVA0i0RXTlec2KaCgY,Denpasar City
Bali Tour & Activities,ChIJVRXtY09H0i0RtoSzeQzPz4Y,Denpasar City
Mikha Tour n Travel,ChIJx7HhKetB0i0RIKvQQklN3oo,Denpasar City
RAFTING TOUR,ChIJ1dJ6mkpB0i0R86lfMv-WLSY,Denpasar City
Royal Bali Tour office,ChIJxfkZcrVH0i0RB2zpPWE6qBs,Denpasar City
Bali private driver,ChIJ7cEiKoZB0i0ROfZhqTacXi0,Denpasar City
Bali Tours & Travel Package - Cheap Bali Tour,ChIJeZiQw_dA0i0RFJgNiUz3drs,Denpasar City
Bali Arena Centre,ChIJVXnVdHBB0i0R8DgIXDEqReA,Denpasar City
TRIPS BALI,ChIJWW89pduD0S0R0lYEWzPyjIE,Denpasar City
KDT Bali Transport,ChIJLfJu8oM_0i0RQSfU7N3s4E8,Denpasar City
Bali Jeep Sunrise mount Batur Kintamani Vulcano,ChIJRUO95LJB0i0RQpIzYwk21K4,Denpasar City
"Mangrove Denpasar, Last Point",ChIJMRxpyP1D0i0RuJQRqSkUHEI,Denpasar City
Bali Tour Adventure,ChIJwbjMcGhB0i0RaokhLtwOMto,Denpasar City
Bali and Nusa Penida Tour,ChIJOY3PJbVB0i0R0An-L4B5xZE,Denpasar City
BALI VW SAFARI TOUR,ChIJD3b-ti5B0i0RpA8wF12dI2o,Denpasar City
Madinah Iman Wisata,ChIJU_qt95hA0i0RdWTSdGaJ750,Denpasar City
SEA Dream Horizon - Bali Boat Charter,ChIJuXLx9IJB0i0RXfYt0UOykdk,Denpasar City
Kantor Perbekel Desa Sanur Kaja,ChIJo_G1LwBB0i0RKXZkCWKnEgY,Denpasar City
BANJAR TENGAH SERANGAN,ChIJw52s_oFB0i0RiF7JbGXPua8,Denpasar City
Smkn 5 Denpasar,ChIJM0UFMYNA0i0RYHK8vsvDDkc,Denpasar City
Smk Ti Bali Global Klungkung,ChIJAQDwR_JA0i0RETiO54fr0O0,Denpasar City
SMK Harapan,ChIJv019HedA0i0RvLHds8M2EPg,Denpasar City
Sekolah Menengah Kejuruan (SMK) TI Nasional Denpasar,ChIJ1yoN2_BA0i0RGfWGOeBNC3E,Denpasar City
SMK Dwijendra Denpasar,ChIJ-Shcp4RA0i0R69guZft6suc,Denpasar City
SMK Visi Global Denpasar,ChIJI6BDRGJB0i0RPkeKS-176IY,Denpasar City
LSP SMK Penerbangan Cakra Nusantara,ChIJ3ZRpXylB0i0R0oc7wLNqAEQ,Denpasar City
SMK Nusadua Pemogan,ChIJF1Dy1z5B0i0RukxUc_PiXGs,Denpasar City
GH SMK TI GLOBAL DPS ESPORT,ChIJ9cYMYABB0i0RZ_tht0IGs_E,Denpasar City
SMK Taruna Warmadewa,ChIJC9-v6WFB0i0RBIoILrBi7mY,Denpasar City
Smk Pgri 2 Denpasar (Kresek),ChIJa9NbJA1B0i0Risi1O6m5QIg,Denpasar City
PT. Suryatama Mutu Kencana (SMK),ChIJtVIAGClB0i0R7NqYs-je8L0,Denpasar City
Teknik Mesin SMK Negeri 1 Denpasar,ChIJXx59XQA_0i0RpW1X1cClWGs,Denpasar City
STIKES KESDAM IX/UDAYANA,ChIJm3tjHJRA0i0Rn2VO7AlpZZ4,Denpasar City
Smk PCN Gedung 2,ChIJzaZXJn9A0i0Rd57uExl-2NQ,Denpasar City
KB KRISTEN HARAPAN,ChIJreAxCR5B0i0RdHhulDGhZys,Denpasar City
Miracle International,ChIJiQDnso5B0i0RgZdab8zFQME,Denpasar City
Undiknas Graduate School,ChIJnYeiGO9A0i0RvN5TUTeRm0o,Denpasar City
INSTIKI INDONESIA,ChIJlVVBlAJB0i0RJIvA0ErJtrk,Denpasar City
Bali Institute of Design and Business,ChIJbQkspv5A0i0RklrVFGMYGAs,Denpasar City
Yayasan Kalifa Nusantara,ChIJL6L37EpH0i0RGWxqTYi2RR0,Denpasar City
Akademi Pariwisata Denpasar,ChIJL4Ms11tA0i0RoKK53O6QDoY,Denpasar City
RESTAURANT SMK PGRI 5 DENPASAR BERSTANDAR INTERNATIONAL,ChIJ8wPR0Z0_0i0RwdEyAD5Z6Hw,Denpasar City
ILC Anugerah,ChIJ29RK4OpA0i0RU8hQhJUvOHk,Denpasar City
Kampus Alfa Prima,ChIJhSIB1GJA0i0R1GiXEeEt-eY,Denpasar City
Primakara University,ChIJn75EuKpB0i0RThBTACbw_ns,Denpasar City
JIC Indonesia,ChIJ6Y_cpXs_0i0RCPD-j7E_3FE,Denpasar City
Polytechnic of Health Denpasar,ChIJMzUeIQxB0i0ReUr9MTqC--I,Denpasar City
BEST COLLEGE,ChIJMRkwMQpB0i0RDLt6wkMSrL0,Denpasar City
Sekolah Menengah Kejuruan (SMK) Tabanan,ChIJ5xYsBuFA0i0RWsi5kcT_N7U,Denpasar City
Banjar Belusung,ChIJV9zgpeg-0i0RwgJRm4PY3vw,Denpasar City
Banjar Pelagan Penatih,ChIJQVZwIIo_0i0R6zQmPBiKeJM,Denpasar City
Banjar Menesa,ChIJ-0QRa_0_0i0RQvmxbDLhMng,Denpasar City
"Banjar Dualang, Peguyangan Kaja",ChIJr6kNEEg_0i0RLXxuNbpm3gc,Denpasar City
Museum Le Mayeur,ChIJq-2TrzlA0i0RwvUDjrMII7w,Denpasar City
Br. Petangan Gede Ubung Kaja,ChIJV7F-rzA_0i0RETlYhNIV794,Denpasar City
Balai Lingkungan Taman Harum,ChIJzed33O5H0i0R4huyfRGVRHQ,Denpasar City
Bali Car Charter & Hire Bali Driver - Pacung Transport,ChIJ7z7ByDRB0i0RZQaWEHqEUC4,Denpasar Selatan
Balitraveltraveling/Nusa penida/ubud tour/Balitour,ChIJrU801bxB0i0RffDTNYAgG4s,Denpasar Selatan
Gauri Helm Shop WR Supratman,ChIJfTU1KVJB0i0RgGwE-wOKJFI,Denpasar Timur
"Balai Banjar Batur, Peguyangan Kaja",ChIJgcgB15U_0i0RhPaY2OlARXU,Denpasar Utara
Crossroads,ChIJvaT2iyvZc0gRe04Noa9UfAk,Devizes
Crossroads,ChIJXch5H_xgcUgRMqnW4YnYRVg,Devizes
BENDUNGAN TANJU,ChIJne0aQ6Jryi0RDGwU5soNmi4,Dompu Regency
Crossroads,ChIJXxmpiAHscEgRwF6fRFbPyvk,Droitwich
Cagar Budaya Sungai Dumai,ChIJcXyYdQCv0zERFuZwXjoHLR0,Dumai City
Crossroads,ChIJAT8Gav-HfkgR98KroQY5J54,Durham
Crossroads,ChIJafnprPPVfUgRWrQsocW5NB0,Durham
Cagar Budaya Batu Penyu,ChIJb02hD9crES4R0oaKIiCGivg,East Belitung Regency
Crossroads,ChIJ919Awn2hf4gRnTAAXpmrdK4,East Central Shelby
New State Elementary School 08 Morning,ChIJye6xbLrtaS4RTML-Uz3CkB4,East Jakarta City
Baru State Elementary School 01,ChIJUdXrp73taS4R4maPiHv4mfo,East Jakarta City
Batu Ampar SDN 01 Pagi,ChIJ_-xjYn7taS4RmL8lRqD1Dvs,East Jakarta City
Kantor Kelurahan Ciracas,ChIJNZMkuxrtaS4RBold5Kiqwb4,East Jakarta City
Kantor Pemerintahan,ChIJa2nfOQGLaS4RoBD8cd4FZUY,East Jakarta City
Puskesmas Kecamatan Jatinegara,ChIJT-SwqX_0aS4R1QOK2yT0cNY,East Jakarta City
puskesmas susukan,ChIJXcA2TUbtaS4RkNEGVpR1Cd8,East Jakarta City
Kantor Pusat Badan Kepegawaian Negara,ChIJN77IWf7yaS4RAXC6g9j-kUA,East Jakarta City
National Civil Service Agency Jakarta Regional Office,ChIJbdkz9BntaS4RmCGQcmkthMs,East Jakarta City
Bundaran Polres,ChIJrblbdki-4i0Re9s6Qugurd4,East Kotawaringin Regency
Puskesmas Pembantu,ChIJA2uSGQf3QC4RBL300jQSEc0,East Lampung Regency
Puskesmas Pembantu,ChIJA1tbOx2MQC4RjYV7ETsIcyI,East Lampung Regency
Perempatan anyar,ChIJqbWOgyZJzC0Ry6EeuT3O2BU,East Lombok Regency
"Perempatan/tugu, Bungtiang",ChIJy284JABTzC0RPL1MJ1ojVZ0,East Lombok Regency
perempatan toyang,ChIJaVkRPQBNzC0RGSBxY5uVueg,East Lombok Regency
Puskesmas pembantu,ChIJX1PJxMe1zS0RxJOPAX0OG5s,East Lombok Regency
Crossroads,ChIJHfsxgsNxSYYRPo00G3Z3vuY,Edgewood
Crossroads,ChIJi2lAwefeekgRxLZ3SfrI3z8,Ellesmere Port
Crossroads,ChIJrWQlTPvjdUgRUmqk9d8fSf4,Epsom
Crossroads CONVENIENCE MART,ChIJFcDdRafxcIgRGwDcS8gx_gg,Equality Township
Crossroads,ChIJRc5o3pq_2UcRvFhdNUYaJ9A,Eye
Crossroads,ChIJz-fbnaEBdogR32xbExizbSk,Fairview Heights
Bendungan Cisarua,ChIJQ1xpEwAbZi4RSNjTjipDPz8,Garut Regency
Crossroads,ChIJwQqfMS1F7YgRtBMq0jLF-kg,Georgia
The Crossroads,ChIJrwuHeFtq9YgRAnPsM4h4CDY,Georgia
The Crossroads,ChIJ4dswQ6tRi4gRg7O2LGj-6xk,Georgia
SDN 1 Batubulan,ChIJPUfIpKM_0i0RA6lTXpVoJGc,Gianyar Regency
SDN 3 Ketewel,ChIJI4NNm1UV0i0ROjj0Il1hu64,Gianyar Regency
SDN 3 Batubulan,ChIJD0ykmOI_0i0RzEfyIiYDOIA,Gianyar Regency
SDN 1 Singapadu Tengah,ChIJGVt5j3I-0i0RYlw1pM2Zf4k,Gianyar Regency
SDN 4 Ketewel,ChIJzzzUi1wV0i0R7_aZfLi0Og4,Gianyar Regency
SD Negeri 1 Batubulan Kangin,ChIJTXRdh-c_0i0RQGNPa-bWQwk,Gianyar Regency
SDN 3 Singapadu Tengah 2015,ChIJjQm1FW0-0i0RFTUYqpSog8Y,Gianyar Regency
SDN 1 Ketewel,ChIJfVUUflgV0i0Rn1w9USldaAA,Gianyar Regency
SD NEGERI 8 BATUBULAN,ChIJV15dR69B0i0RxeN8dvIcSfk,Gianyar Regency
SD Negeri 7 Batubulan,ChIJC4OCOLg_0i0RXgsHcCpxu04,Gianyar Regency
Sekolah Dasar Negeri 4 Guwang,ChIJAcw8hGAV0i0RFVpdN5XyM9E,Gianyar Regency
SD Negeri 5 Ketewel,ChIJxz1GDRUV0i0R9ln0NWmOk5Y,Gianyar Regency
SD Negeri 7 Sukawati,ChIJp5h8338V0i0Rg6BD9fisOUo,Gianyar Regency
SD Negeri 4 Sukawati,ChIJX8zy43MV0i0REDMKoKjItkM,Gianyar Regency
SD Negeri 2 Blahbatuh,ChIJXWHYvwkW0i0RVrGMFBlosvg,Gianyar Regency
SDN 3 Gianyar,ChIJISTcJmIW0i0RFHGZse_2Wpc,Gianyar Regency
SD Negeri 2 Gianyar,ChIJYcGVCYQW0i0Rz_W65c2lQ3w,Gianyar Regency
SD No. 6 Gianyar,ChIJOaGhb0QW0i0R79q-UFHjYSk,Gianyar Regency
SDN 2 Samplangan,ChIJCdsI1PAW0i0R7qm2dnOU3pE,Gianyar Regency
SDN 3 SAMPLANGAN,ChIJXQnGJL0X0i0R6S4lsl0IIdE,Gianyar Regency
SDN 3 Bitera,ChIJa2aM4FEW0i0RKFcvs65Mzn0,Gianyar Regency
SDN 1 Beng,ChIJm6XISV8W0i0RICl9G7cOcxg,Gianyar Regency
SDN 4 Bitera,ChIJLcxfjkgW0i0RxduEXGqfBz8,Gianyar Regency
SD Negeri 7 Gianyar,ChIJQXQqk3cW0i0Rq8ppzt8RnKA,Gianyar Regency
SDN 2 Beng,ChIJDSTGqKsX0i0RlnIeFIlkKow,Gianyar Regency
SDN 1 Sidan,ChIJj8g_qpAX0i0RzGqiT3BHaxY,Gianyar Regency
SDN 2 Abianbase,ChIJ0Teom9UV0i0RjsNEXfZnzQo,Gianyar Regency
SDN 2 Serongga,ChIJe53YKyoU0i0RNeOChYtDRto,Gianyar Regency
SDN 2 buruan,ChIJN6CEaSAX0i0Rsoi6EOw_Mho,Gianyar Regency
SD Negeri 3 Bedulu,ChIJNYhOmzcW0i0R_nBcFFzZDsg,Gianyar Regency
SD Negeri 1 Lebih,ChIJAdoMvyQU0i0Rb8_QKQOKJQY,Gianyar Regency
SDN 2 Bakbakan,ChIJiVAU3wAX0i0R6Ge2scKGFcM,Gianyar Regency
SD Negeri 3 Buruan,ChIJL349_xcW0i0RhPoVPnuL6Hg,Gianyar Regency
SDN 2 Tulikup,ChIJYbcPNHsX0i0RfQ9Dy5yKqIs,Gianyar Regency
SDN 4 Keramas,ChIJmzhZRMwV0i0RRoiHYN8sQLQ,Gianyar Regency
SDN 2 Siangan,ChIJlxT-1ckX0i0RLheu_RFZTsQ,Gianyar Regency
SDN 3 Tulikup,ChIJmewgaQAX0i0RznM0_-WZG9U,Gianyar Regency
SDN 4 TULIKUP,ChIJKybYU-gX0i0RboQy_EnTTnE,Gianyar Regency
SDN 5 BEDULU,ChIJwzaUg6QX0i0Rv33axlbkU14,Gianyar Regency
Sdn 2 Pejeng Kelod,ChIJr84-RMkX0i0RCCxrl26HZWU,Gianyar Regency
SDN 5 Pering,ChIJX1Z97ZYV0i0RRKM_pt32lyQ,Gianyar Regency
SDN 1 PEJENG KELOD,ChIJ3U9dRQAX0i0RkqfG3BehyLM,Gianyar Regency
SD Negeri 2 Kemenuh,ChIJvwEdooc90i0RJlBo3yW84VU,Gianyar Regency
SDN 3 Pering,ChIJ_8flDrcV0i0RPVPKTxBPMPo,Gianyar Regency
SDN 6 Blahbatuh,ChIJA8dtQZYV0i0RxlpWXuWa4XM,Gianyar Regency
SDN 5 Kemenuh,ChIJJ3cJAd0X0i0R_1O_I5MXzn4,Gianyar Regency
SDN 1 Petak,ChIJvXJc1IoZ0i0RK6D6pEwUHKk,Gianyar Regency
SDN 5 Keramas,ChIJG4q0D84V0i0RQ8iPc2W5F0c,Gianyar Regency
SDN 6 Kemenuh,ChIJYT8xxi4V0i0RgBorfz2ugFg,Gianyar Regency
SDN 2 Pejeng Kawan,ChIJg5camNcX0i0R7L1TgLeMNuM,Gianyar Regency
SDN 4 Kemenuh,ChIJ1aCm0os90i0RPmtNfrWQW00,Gianyar Regency
SDN 4 Saba,ChIJvWAWMZAV0i0RWNhr-qH_Pc0,Gianyar Regency
SD Negeri 1 Kemenuh,ChIJx7jbUR0W0i0RW_q_1ATlzG4,Gianyar Regency
SDN 1 SABA,ChIJr1-DNpAV0i0RNSaozekG9zY,Gianyar Regency
Sdn 5 Blahbatuh,ChIJid1MzA8V0i0RZct5OzYqMZo,Gianyar Regency
SDN 4 PELIATAN,ChIJ4VbZMm890i0R2VuQ8yMPDOQ,Gianyar Regency
SDN 2 Sukawati,ChIJp74DFBUV0i0Rf9eWNez0zbg,Gianyar Regency
SDN 6 SABA,ChIJDTSOVowV0i0RSUdU9uh4MSU,Gianyar Regency
Sdn 5 Singapadu Kaler,ChIJQ79QSt890i0RZYiIknI3Soc,Gianyar Regency
"SDN no, 4 Sayan",ChIJpx72bSI90i0RaXO1l5do3vU,Gianyar Regency
SDN 1 Singakerta,ChIJiXGhQ0c90i0RVWssn4U4bt0,Gianyar Regency
SDN 2 Lodtunduh,ChIJ78uDNV490i0R7yo370bi8F0,Gianyar Regency
SDN 3 Saba,ChIJ8wpgXaAV0i0R1aAULrivBdw,Gianyar Regency
SDN 2 Saba,ChIJJzOmyZsV0i0R7pk3xQac09c,Gianyar Regency
SDN 1 PETULU,ChIJfR_wzGk90i0RUqsmtIOLwto,Gianyar Regency
SDN 5 LODTUNDUH,ChIJy_OeJw0-0i0Re1F_gaZ0ANs,Gianyar Regency
SDN 4 Mas,ChIJ-3yCpfw90i0RpaKwCrv0b2E,Gianyar Regency
Sdn 1 sanding,ChIJBwlvUiIZ0i0RnRImscX0Eho,Gianyar Regency
SDn 5 Saba,ChIJVWb6o8sV0i0RLAXE1f_TxcQ,Gianyar Regency
SDN 3 Pejeng Kaja,ChIJK7CTPiwZ0i0RpvUbjj7MNFk,Gianyar Regency
SD Negeri 1 Sayan,ChIJH2mdbRA90i0RuPtYj5ox8c8,Gianyar Regency
SDN 4 UBUD,ChIJQ6BKr2Q90i0R1pvc2Q8lCFQ,Gianyar Regency
SDN 5 KEDEWATAN,ChIJaapYBi890i0Rf6kvqVayTpw,Gianyar Regency
SD Negeri 3 Tegallalang,ChIJmawXOZAi0i0RihpE9Tt_GfA,Gianyar Regency
SD 6 Batubulan,ChIJH7Zu5LU_0i0RYXnbe38JQVg,Gianyar Regency
SDN 3 KEDISAN,ChIJV90i65gY0i0R-0gHZHYcGC8,Gianyar Regency
SDN HINDU 1 BUKIAN,ChIJDw0tAaQj0i0RFyloJDK0X2Q,Gianyar Regency
SDN 2 Kedisan,ChIJc8dhHL0Y0i0RurkKFnwt4PQ,Gianyar Regency
SDN 1 Kedisan,ChIJ25ov_a8Z0i0RaPmb1OLDGoQ,Gianyar Regency
SD Negeri 2 Tegallalang,ChIJzb8bcIQi0i0RpUyxsMgtmyo,Gianyar Regency
SDN 1 Manukaya,ChIJgRQAGsMY0i0RD3RATgNoiek,Gianyar Regency
SDN 1 Puhu,ChIJ5cCWEZMh0i0R_fjck-g_WvM,Gianyar Regency
Sdn 2 Sebatu,ChIJCVjYfFQf0i0R77c4EP9NK9E,Gianyar Regency
smp n 3 sukawati,ChIJ-9BKsNo_0i0Re8QlfJNMwuY,Gianyar Regency
Smp negeri 5 Sukawati,ChIJUZ6RXwA_0i0ROkP4Ndfuoeo,Gianyar Regency
SMP Negeri 5 Sukawati,ChIJ2wPuZCA_0i0RKKaFUuHpPbM,Gianyar Regency
State Junior High School 4 Sukawati,ChIJI7jmiog_0i0RaeScDrssxGQ,Gianyar Regency
Junior High School Cipta Dharma,ChIJh1uz_nRA0i0Rds6mnHsZ6Pk,Gianyar Regency
State Junior High School 1 Sukawati,ChIJz_M_YSo-0i0R9RjvgaJt5O8,Gianyar Regency
Junior High School 2 Of Sukawati,ChIJoaX-fEY-0i0R1oyHQaAbagE,Gianyar Regency
SMP Widya Suara,ChIJuZV-wYYV0i0RFJVSKwnDjkg,Gianyar Regency
SMP Negeri 2 Ubud,ChIJ1SAc-rY90i0RrMSLPFOKTtE,Gianyar Regency
SMP Negeri 1 Blahbatuh,ChIJp3f77QkW0i0R2xFzq7uURDU,Gianyar Regency
SMP Kerta Yoga,ChIJP057miEV0i0RDvLw7Y3ZGTA,Gianyar Regency
Smp Keramas,ChIJJ48QYssV0i0RicW__QH-iAU,Gianyar Regency
SMP Negeri 4 Gianyar,ChIJyelRYQAV0i0RZsrKAYDbyx0,Gianyar Regency
SMP Negeri 4 Ubud,ChIJfRq4n7g90i0RjcLHzQnAWV0,Gianyar Regency
SMP Negeri 3 Blahbatuh,ChIJl6g13aEX0i0RIAgbVofeQFY,Gianyar Regency
SMP Kertayasa,ChIJV96wraU90i0RNORzyY1O3-w,Gianyar Regency
SMP Kertha Budaya Mas,ChIJbZkWRpI90i0R6ZSL0VRt0ZM,Gianyar Regency
SMP Negeri 1 Ubud,ChIJLQL1Tmo90i0R5AJg9f3s_gg,Gianyar Regency
Les Private SD SMP SMA Gianyar (I-SMART Bimbel),ChIJMQ4IvwcV0i0RAIu8lMYy_ng,Gianyar Regency
SMP Negeri 3 Gianyar,ChIJSbUqL2EW0i0RrVlWvgycTuU,Gianyar Regency
SMP Santi Yoga,ChIJCWtpZdAX0i0R_cu1rjB63jU,Gianyar Regency
SD N 3 KEDEWATAN,ChIJFwOqYMMi0i0RVp61J5REp0A,Gianyar Regency
SD N 5 Melinggih,ChIJixQe_Usi0i0Ro_b7Y2G-Dfk,Gianyar Regency
SD Negeri 1 Kedewatan,ChIJn3CpOwAj0i0RzN31ag_aX2k,Gianyar Regency
SD 2 Melinggih,ChIJE4lVY1oi0i0RM1qqlDjZ2W0,Gianyar Regency
SD Negeri 1 Melinggih,ChIJd4vs6E4i0i0RXmZHyD0MaC0,Gianyar Regency
SD n 3 melinggih kelod,ChIJjx_fuVAj0i0Rv6UPFiqtZHA,Gianyar Regency
SD N 5 Singakerta,ChIJS5WawbI90i0RzpFEke2M8Ls,Gianyar Regency
SD NEGERI 4 KEDEWATAN,ChIJmx1JNQAj0i0RyUfiIGXoD6M,Gianyar Regency
SD N 3 MELINGGIH,ChIJ2YEEkE8i0i0RgjS2RmqT_Do,Gianyar Regency
SD Negeri 2 Ubud,ChIJ5_GsVLEi0i0ReWhAXMKmkCY,Gianyar Regency
SD Negeri 3 Bukian,ChIJhaw7UhYi0i0RmZtwqTNzTN8,Gianyar Regency
SD Negeri 1 Ubud,ChIJFRq2Q2s90i0Rf_M3tHYM1Bw,Gianyar Regency
SD Negeri 4 Singakerta,ChIJ72xONKg90i0R44OBjvyx2P0,Gianyar Regency
SD N 3 Singakerta,ChIJVd4MNZ890i0R3xCpIL7xLAY,Gianyar Regency
SD Negeri 6 Tegallalang,ChIJZdHxWlcj0i0RsmJmrcj4dkg,Gianyar Regency
SD Negeri 6 Singakerta,ChIJwfrTeeg90i0RZL_6dRNF7sU,Gianyar Regency
SD Negeri 1 Keliki,ChIJP-FFr4si0i0Rgzz9b_MSqOI,Gianyar Regency
SD Negeri 2 Peliatan,ChIJL0FK43M90i0RDkkQk6n0_zE,Gianyar Regency
SD Negeri 7 Mas,ChIJgV_dXgo90i0RY0FmDq0XNbo,Gianyar Regency
SD 1 Kelusa,ChIJOV3te2Ei0i0RWxHb0D2xMVQ,Gianyar Regency
SD NEGERI 3 BUAHAN,ChIJCU2OLpMh0i0RQPFkXBTEFVQ,Gianyar Regency
SD Negeri 5 Ubud,ChIJ417idwA90i0R4i6EHnYGSXg,Gianyar Regency
SD Negeri 2 Singapadu Kaler,ChIJIZHlkRo90i0R12xCqe-cFrk,Gianyar Regency
SD Negeri 2 Bresela,ChIJo7utPTgj0i0RiBUOb2HAf1Y,Gianyar Regency
SD Negeri 3 Peliatan,ChIJ39EunIA90i0ROaROHdw08Zw,Gianyar Regency
SD Negeri 1 Bresela,ChIJ2_63NTEj0i0RVbeKCMvtKGw,Gianyar Regency
SD Negeri 1 Peliatan,ChIJFaAZOas90i0R88uZdmPW2m8,Gianyar Regency
SD Negeri 02 Petulu,ChIJS0a9mXM90i0RxCgHNXoxvks,Gianyar Regency
State Elementary School No.6 Mas,ChIJRVwQyo090i0RsjZVkWto3pM,Gianyar Regency
SD Negeri 1 Bedulu,ChIJJ-1VVIoX0i0R1EccyDYNcts,Gianyar Regency
SD Negeri 4 Bedulu,ChIJWbLTESwW0i0Rvu6I1XdNWHE,Gianyar Regency
SD NEGERI 3 PEJENG,ChIJ2_GDWpcX0i0RBvwF2YqJhLA,Gianyar Regency
Bundaran Pura Padma TSD,ChIJaxaDzLMX0i0RH1nC7Sbx2aQ,Gianyar Regency
Taman Kota Ciung Wanara Gianyar,ChIJw8i1g10W0i0RK-RvlGIyFLc,Gianyar Regency
Monumen Pahlawan Kapten Wayan Dipta,ChIJQTCUeAEX0i0Rr4uyYjSTlXw,Gianyar Regency
"Patung Bayi, Sukawati, Gianyar",ChIJT5MAE_090i0Ra-aXTEZ6H7w,Gianyar Regency
Patung Kebo Iwa,ChIJq8panBMW0i0RybMHqzEQ7YA,Gianyar Regency
"Monumen Serma Darya,ᬫᭀᬦᬸᬫᬾᬦ᭄ᬲᬃᬫᬤᬃᬬ᭟",ChIJ55bQyOMV0i0RW2RjMvvh3xg,Gianyar Regency
Goa Garba,ChIJbVCUScEX0i0RY1qVQytBB_Q,Gianyar Regency
Patung Dewa Indra,ChIJWeNXpWg90i0RIOdBZNpb9jI,Gianyar Regency
Patung Barong,ChIJl2m3YUw-0i0R24gkECEre7A,Gianyar Regency
Monumen tanah longsor,ChIJsUANeQAf0i0Ree7wZJQAn7k,Gianyar Regency
The Sukarno Center,ChIJRSJMVF0Y0i0Rnm86-ZGbltk,Gianyar Regency
Tugu Arjuna,ChIJOTwjwYoW0i0RDK1WjTm7R7A,Gianyar Regency
Tegal Tugu,ChIJFwVeBYUW0i0RKfa1E2He9XE,Gianyar Regency
Air Terjun Tegal Tugu,ChIJ-zP5FosW0i0RohHzqmLWNTE,Gianyar Regency
Lapangan Tegal Tugu,ChIJgSDc_YoW0i0RTmitVIg2zEc,Gianyar Regency
Tugu Residence Gianyar,ChIJ_09rYyIX0i0RygOpSpYqyPE,Gianyar Regency
Pura Puseh Tegal Tugu,ChIJURtLeYkW0i0RiloI9hzl7mc,Gianyar Regency
Pura Dalem Tegal Tugu,ChIJxxWI0ocW0i0Raovg0iTxmHI,Gianyar Regency
Tugu family,ChIJPxHDIAAX0i0RpgzXETPi6us,Gianyar Regency
Tugu Pahlawan - Gianyar Properti,ChIJe88zDbQX0i0RW6C5-jhWK00,Gianyar Regency
Pura Penataran Agung Tegal Tugu,ChIJHUjpdjIX0i0RuO7xjKuEFcI,Gianyar Regency
Tugu are,ChIJLRl2BQAX0i0REHRlXMUR42w,Gianyar Regency
Balai Banjar Desa Tegal Tugu,ChIJUakNk4gW0i0RjL1Rr-mZdqk,Gianyar Regency
Pura Tugu Desa Tegal Tugu,ChIJJfdKfxsX0i0R5mIleNXT3-o,Gianyar Regency
TUGU RESIDENCE BLOK A1,ChIJFZBu15kX0i0RjGysRkHhdz0,Gianyar Regency
Jeruan tegal tugu,ChIJkw8txygX0i0Rme750CVfmFw,Gianyar Regency
Lapis Kukus Tugu Malang gianyar,ChIJZbcICnMX0i0RnhDGyYaBDbI,Gianyar Regency
Tugu tepi sawah,ChIJgRrcBAAX0i0RiSKxKrLh4TM,Gianyar Regency
MERAJAN AGUNG SATRIA DALEM SEGENING DESA TEGAL TUGU GIANYAR,ChIJC6qxVu0X0i0RMl3uvtr90Ko,Gianyar Regency
Kantor Desa Tegal Tugu,ChIJHy9gNIYW0i0RrjI2TYjXBXY,Gianyar Regency
Jro jambe pemecutan tegal tugu,ChIJm0uA7NEX0i0Rjd45s1l9IHQ,Gianyar Regency
Banjar Triwangsa Desa Tegal Tugu,ChIJaRylLwAX0i0RGl_7YYVVJTo,Gianyar Regency
Sanggah Gede Bantas Tegal Tugu,ChIJM6DFFXEX0i0RkysnkJFP_XI,Gianyar Regency
Griya Sedhawa Tegal Tugu Gianyar,ChIJuUOrd2IX0i0RvIrlEuXFpIg,Gianyar Regency
Carik Tugu Family,ChIJIRuCcQAX0i0RJH2Z00gohTo,Gianyar Regency
Foto tugu arjuna,ChIJVQQXPwAX0i0RBtSVyQAN_YU,Gianyar Regency
Gedung Olahraga Desa Tegal Tugu,ChIJrVs12lMX0i0RuW9JuZ0j19s,Gianyar Regency
Tempekan Menak Tengah (MENTENG),ChIJR8B4l2oX0i0RLVuPOTqkXmU,Gianyar Regency
Lokasi tegal tugu,ChIJ6QZ_PgAX0i0RzgJ4azslwmU,Gianyar Regency
Warung Pojok Tegal Tugu,ChIJI80RrYkW0i0R-HHYPAU2lJM,Gianyar Regency
Kwarcab Gianyar,ChIJS1oq-IoW0i0ReW2S_vqTmNA,Gianyar Regency
Villa Tugu Pejeng,ChIJLZGYAdoX0i0RlzIuJ9HD8Dc,Gianyar Regency
Pure puseh pelengan,ChIJywVhNl0X0i0RT7pkbf3jCR0,Gianyar Regency
SD N 1 TEGAL TUGU,ChIJ18f2tGEX0i0RBWdfNiYc0Bk,Gianyar Regency
Jalan ratna tegal tugu,ChIJpeOIUwAX0i0RIFWdptxfdho,Gianyar Regency
BBM Tegal Tugu,ChIJ49GK-IoW0i0RmFrD26ZWsZY,Gianyar Regency
Lapangan Banteng,ChIJzV3dWgYX0i0RCFjM7zeyirE,Gianyar Regency
Pustu tegal tugu gianyar,ChIJYV-9RQAX0i0RPo1XjDxleGg,Gianyar Regency
Pura Masceti Subak Payal,ChIJyfMgLgQX0i0RSU4pk217dA8,Gianyar Regency
Diahna Tugu Laundry,ChIJafQXyF4W0i0RmUSccqk-LUk,Gianyar Regency
pondok koming,ChIJ22gevVUX0i0R3n1LCsXMyg0,Gianyar Regency
Cozy Corner,ChIJH9rvaNYX0i0R_-kCn_UGPc8,Gianyar Regency
Tugu Urug Urugan,ChIJ25BBsigY0i0RSH7RblUC37U,Gianyar Regency
Kost Dirandra,ChIJU8m0Y7cX0i0Rzf8d5WnRNzM,Gianyar Regency
OTC (Overseas Training Center ) Bali Gianyar,ChIJ6RCkp4sW0i0RzubAGVZSYCo,Gianyar Regency
Kedas. CV,ChIJLejYiogW0i0RQYeC0Zn1ze4,Gianyar Regency
CV. WIDHI ASIH BALI EXPORT,ChIJq6qqql8W0i0RFOCFczBMAvE,Gianyar Regency
Puri dekwah,ChIJ7ULgzIcX0i0RwaRxVOWesjY,Gianyar Regency
Rumah tari,ChIJU1xcLwAX0i0RQZonpes7bqE,Gianyar Regency
Puskesmas Pembantu Tegal Tugu,ChIJ78SzXQAX0i0R2YIxBtdyBzM,Gianyar Regency
Kwartir Cabang Gerakan Pramuka,ChIJh9_-LYoW0i0RqOUiV2E-Dns,Gianyar Regency
Tugu Makam Pahlawan pejeng,ChIJvdWZWAAX0i0R9i-wHZVKtSA,Gianyar Regency
PADUKUHAN,ChIJV-lMcgAX0i0RzcrmuyjHpIs,Gianyar Regency
KOS PAK WAYAN,ChIJzfqP3JYX0i0R6SzMx4GhI00,Gianyar Regency
Canteen 28,ChIJkdsM9YUX0i0RYU48MVTRARM,Gianyar Regency
Hanasta,ChIJVRxx1iwX0i0RCxz624pyrOo,Gianyar Regency
Pojok Tugu Farm,ChIJl8GgGc4X0i0RIduRo5pJyoE,Gianyar Regency
Ngurah Kost Gianyar,ChIJmVUYuTIX0i0R2fliBW31brQ,Gianyar Regency
CTI Millenium,ChIJAe8-4xIX0i0RC2BbqUx0al8,Gianyar Regency
Tugu Tinggi Kedewatan,ChIJGVOGxdIi0i0R8X9gHcL2OZo,Gianyar Regency
Cv.Fajar Rizki,ChIJvUl91RYX0i0RONJecQ-6kSg,Gianyar Regency
SANGKARA GARDEN,ChIJV2cY9rAX0i0RX9P8mWKymqY,Gianyar Regency
Rumah I Wayan Tegig,ChIJlawGcgAX0i0RhciafmTe9zI,Gianyar Regency
Cafe Romeo,ChIJMyVX9agX0i0Rly1mPvYEHzo,Gianyar Regency
Ajik’s House,ChIJf33XewAX0i0RGna9YdAOIEM,Gianyar Regency
Rumah Sintya,ChIJR3q1UXkX0i0RdTV-saARtfs,Gianyar Regency
rumah stmy,ChIJpcnSJwAX0i0RPlx3CtDmacQ,Gianyar Regency
Pondok pak nyoman Ruta,ChIJw5ZUDgAX0i0RSuKt_C1qkX4,Gianyar Regency
SKK_Bali.(SingKapokKapok),ChIJ3fweZwAX0i0RoCc91VvYO0o,Gianyar Regency
Gria Anyar Sedawa,ChIJCysxADUX0i0Rmy6uNMylwXM,Gianyar Regency
PUMA Laundry,ChIJN5R4M4oW0i0RXzzmeaDmutM,Gianyar Regency
Rumalogy Coffee & Kitchen,ChIJzwbPmp0X0i0RGdEvjN-g9qc,Gianyar Regency
Diana Kebaya Gianyar,ChIJaSFzvNEX0i0RNdnUztAU8ko,Gianyar Regency
Warung Ratna,ChIJ1zMOu4sW0i0R0WxeXK7UkR4,Gianyar Regency
R & N Laundry,ChIJlegs3qUX0i0RLfRp-QVcbAI,Gianyar Regency
Tugu Beton Bali,ChIJ8y70yZQV0i0RGid8oW2BO7I,Gianyar Regency
Rumah dyatmika Tegal tugu,ChIJ44jFv7MX0i0R810yHrvwRAo,Gianyar Regency
Turah John House - Gianyar,ChIJaboU3dsX0i0R6Yu5dc5_QeA,Gianyar Regency
Semeton jaya aluminium,ChIJw2PvaJwX0i0RqUEzRcIp01k,Gianyar Regency
POM MIGO KAORI TOKO ARYA,ChIJpaA6U8gX0i0RLNQo5tWKLbQ,Gianyar Regency
TANGKAS PAJAK,ChIJe0UhRNsX0i0RF890lU0RZLY,Gianyar Regency
Rahabink house,ChIJIUoPWQAX0i0RHZghYJlUwt4,Gianyar Regency
Ryko Alluminium,ChIJgy3F2ooW0i0R-S_SQMHjMC4,Gianyar Regency
Markas dob jersey,ChIJlV5oBmIX0i0RCzEHLBHwW8Y,Gianyar Regency
LAPIS KUKUS TUGU MALANG UBUD,ChIJQQZGbgA90i0RlrRzjjJnbpg,Gianyar Regency
Geria Tegal Tugu Kutri,ChIJ4-vYW2k_0i0RfrOoeO0EKa4,Gianyar Regency
Pt Tugu Beton Semesta Abadi,ChIJtQLO8YM_0i0RmdLc1v6U3Tw,Gianyar Regency
LN Kitchen,ChIJBRypZq0X0i0RGArqwcvj2ts,Gianyar Regency
UD BASUR,ChIJG8KwRIYW0i0R46rYSILW5uQ,Gianyar Regency
SMA Negeri 1 Gianyar,ChIJH8P5Al4W0i0RsnrW6oNeqUo,Gianyar Regency
GLORIA DESIGN & PRINTING,ChIJU84peTUX0i0R1TSP-W9JAfA,Gianyar Regency
SMA Dwijendra Gianyar,ChIJuaSqD4kW0i0RgxTgSHw8zGI,Gianyar Regency
Merta Tani Nadi,ChIJF24JHawX0i0RUbmKbVgGmuI,Gianyar Regency
Dita Cell,ChIJqcfKuIsW0i0R2MCt8z9GSfo,Gianyar Regency
SMK Dwijendra Gianyar,ChIJUynP_IMW0i0Rvrct4URzbRY,Gianyar Regency
DODE HELM,ChIJtf5OlyMX0i0Rm7GsQYUWo54,Gianyar Regency
Warung sari gading,ChIJRdkYNooW0i0RsXUrLlgKxeI,Gianyar Regency
Beras Fuji,ChIJl0wxBiYU0i0Rgo7lGISuwtM,Gianyar Regency
LAPIS KUKUS TUGU MALANG BATUBULAN,ChIJB1NYdAA_0i0RdKizNDaZ_UU,Gianyar Regency
SD Negeri 1 Gianyar ᬳᬾᬲ᭄᭞​ᬤᬾ᭞​ᬦᭂᬕᭂᬭᬶ᭞​᭑​᭞​ᬕᬜᬃ᭟​,ChIJGynthGAW0i0RwDg4CPFq1ZI,Gianyar Regency
Sd Negeri 7 Gianyar,ChIJb9qP11gW0i0RTIeUoOVrkuo,Gianyar Regency
SD Negeri 1 Abianbase,ChIJJ_dLSAAX0i0RLWsziQIO210,Gianyar Regency
SD Negeri 02 Bedulu,ChIJSbUqL2EW0i0ROIbWoakEhlA,Gianyar Regency
SD Negeri 4 Gianyar,ChIJObpuOF8W0i0RUzJOUa37F3I,Gianyar Regency
SD Negeri 2 Bitera,ChIJlyQfY5QX0i0R_zGx2FwryB0,Gianyar Regency
SD Negeri 1 Bitera,ChIJ59OHbRJXBAURAsSn1p0MpI4,Gianyar Regency
SD NEGERI 4 ABIANBASE,ChIJaZ6iYAAX0i0RGDhFzk4VmlE,Gianyar Regency
SD Negeri 3 Beng,ChIJ71c8f1cW0i0RALWih_gdNog,Gianyar Regency
SD Negeri 3 Bona,ChIJV8Tx_LcX0i0RCXWx3J-S9Gs,Gianyar Regency
SD NEGERI 1 BONA,ChIJW2JL1hoX0i0RRg5MBpeGTAI,Gianyar Regency
SD Negeri 3 Samplangan,ChIJQSKOGvkW0i0R2uT_z57B-Rg,Gianyar Regency
SD Negeri 3 Belega,ChIJ0b8xSIsX0i0R5Eb5ij96lws,Gianyar Regency
SD NEGERI 4 SIDAN,ChIJr15HBKUX0i0RCfDxkAPSnNA,Gianyar Regency
SD Negeri 1 serongga,ChIJVcV7dldXBAUR6t9syerYOUU,Gianyar Regency
SD N 1 Temesi,ChIJL0HPjvkX0i0RCaiuaLGnCWU,Gianyar Regency
SD Negeri 1 Belega,ChIJuWGXNd4V0i0RApHLnJmB-v0,Gianyar Regency
SD Negeri No. 2 Temesi,ChIJwwn3oJYW0i0RcxWngftiCl8,Gianyar Regency
SD NEGERI 3 SIDAN,ChIJIzdtHsQX0i0RVWChURLd_ws,Gianyar Regency
SD Negeri 2 Bedulu,ChIJb8szkpMX0i0RBqoa4c4oNs4,Gianyar Regency
SD Negeri 4 Blahbatuh,ChIJWxgUpQkW0i0RKO5GxeOmcJM,Gianyar Regency
SD Negeri 1 Siangan,ChIJB9CSQrkX0i0R4xIIY_GOXwY,Gianyar Regency
SD Negeri 1 Medahan,ChIJq0C8PjIU0i0Rf19Sk6PwfbI,Gianyar Regency
SD Negeri 2 Belega,ChIJ7wA32dsV0i0RW2vdvkU2gfU,Gianyar Regency
Sekolah Dasar Negeri 4 Pering,ChIJJ9os6eoV0i0RedEtbY7VPT0,Gianyar Regency
SD Negeri 3 Blahbatuh,ChIJ8UO8UQAV0i0R5E6DthqDy10,Gianyar Regency
SD Negeri 2 Keramas,ChIJb29lz8gV0i0R2LZEeFNxVCg,Gianyar Regency
SD Negeri 1 Pejeng,ChIJOz-UwyMX0i0R2jo1oU0fRb4,Gianyar Regency
SD Negeri 3 Keramas,ChIJw5l0lMwV0i0RxRHyW1t_pzg,Gianyar Regency
SD Negeri 1 Keramas,ChIJHzaXi8sV0i0RAoeiuwBJG_c,Gianyar Regency
Sekolah Dasar Negeri 2 Pejeng,ChIJwWxnj9wX0i0RIhF47toIJK8,Gianyar Regency
SD Negeri 5 Tulikup,ChIJaf0SNKcW0i0RToqen-47Cgc,Gianyar Regency
sd n 7 kemenuh,ChIJgcsYRCoW0i0RHHNdN3xvq7s,Gianyar Regency
SD Negeri 2 Lebih,ChIJV2DAPj4U0i0RlU2uOdaP3sc,Gianyar Regency
SD N 3 Lebih,ChIJB-4qTjsU0i0RY_Gcmnoog8Y,Gianyar Regency
SD N 2 Medahan,ChIJX5Qi_DMU0i0RrdawrxlNAP4,Gianyar Regency
SD Negeri 3 Medahan,ChIJbcLcBksV0i0RZhX9_GKQxA4,Gianyar Regency
Sekolah Dasar Negeri 2 Pering,ChIJWWV2zw4V0i0REOktKjfJsMk,Gianyar Regency
SD negeri 3 siangan,ChIJ8b5umfIX0i0Rgq4G1NIAIVw,Gianyar Regency
SD Negeri 2 Batuan Kaler,ChIJCciSOAE-0i0RvAoopyEY7vc,Gianyar Regency
SD NEGERI 2 PEJENG KANGIN,ChIJf85iwOYX0i0RsKHXoG6XsFk,Gianyar Regency
Sd negeri 3 pejeng kangin,ChIJl8WNmSgX0i0Rcyu3OTrmgtc,Gianyar Regency
SD Negeri 3 Pejeng Kawan,ChIJKR2D76g90i0RZiIUnc2VShE,Gianyar Regency
SD Negeri 1 MAS,ChIJ2RKdqZo90i0Rg5EbHv2NWLo,Gianyar Regency
SD Negeri 1 Pejeng Kangin,ChIJO7k29PUX0i0RQO98iax3OU0,Gianyar Regency
SD Negeri 8 MAS,ChIJ-yOkPeU90i0R57DI7FuHMsM,Gianyar Regency
SD Negeri 4 Lodtunduh,ChIJAc0E8uo90i0RYVbCHha5S34,Gianyar Regency
Elementary school #6 Sukawati,ChIJDRnPcfwV0i0R8zFUuhuW8lI,Gianyar Regency
SD Negeri 3 Batuan,ChIJ23QSVjY_0i0RnNvqEzS4CiA,Gianyar Regency
SD Negeri 1 Sukawati,ChIJhzGZhig-0i0ROsM3Xk1JJ7Y,Gianyar Regency
SD NEGERI 3 PETULU,ChIJ4SyWNI490i0RAa7nzqILzTs,Gianyar Regency
SD Negeri 3 Petak,ChIJJ5jtRSkY0i0Ri5nBkabxvNI,Gianyar Regency
SD Negeri 4 Singapadu Kaler,ChIJTef1VM890i0RZIPanJaQZm0,Gianyar Regency
SD Negeri 3 Singapadu,ChIJ42ewbj8-0i0RiaehW094RCY,Gianyar Regency
SD Negeri 3 Sukawati,ChIJQ90CkYMV0i0RmgL61-uW93k,Gianyar Regency
SD Negeri 1 Pejeng Kaja,ChIJMcFEZQUY0i0RKtH6UBqU7Pc,Gianyar Regency
SD Negeri 2 Celuk,ChIJa9kj7yw-0i0RzSpxGP-UU84,Gianyar Regency
SD Negeri 2 Sumita,ChIJYY5JtGcZ0i0RrlWafzp9FRo,Gianyar Regency
SD Satu Atap Negeri 2 Singapadu Tengah,ChIJ-bZHzms-0i0RvuEg06WhTOk,Gianyar Regency
SD NEGERI 3 KENDERAN,ChIJWWMg31UZ0i0Rx-kKqkmo0tU,Gianyar Regency
SDN.02 kedewatan,ChIJO4exXTM90i0Rb6RMUw97Pq4,Gianyar Regency
SD Negeri 2 Kenderan,ChIJ1durpYUY0i0RYBVmeiDlsdM,Gianyar Regency
SD Negeri 3 Kelusa,ChIJh8AVN14i0i0RwLb19vydlyw,Gianyar Regency
Balai Banjar Ubud Kelod,ChIJK5sgoWw90i0ROsgQk8gOy7A,Gianyar Regency
Balai Banjar Selat,ChIJ9WNyvach0i0ROUC6YVTvgy0,Gianyar Regency
Balai Banjar Saba,ChIJeVBVcaAV0i0RQuvMxERnv0Q,Gianyar Regency
Balai Banjar Ulapan,ChIJyZkPSc8j0i0RddcFKerjXsc,Gianyar Regency
Balai Banjar Tegal Payang,ChIJK1idIE4f0i0RuR6GJopMM-g,Gianyar Regency
Balai Banjar Padpadan,ChIJnbSZSzAZ0i0Re0SmabVrBwU,Gianyar Regency
Balai Banjar Desa Adat Belahan,ChIJ068uV9EY0i0RaY21RRHxiXA,Gianyar Regency
Balai Banjar Pinda,ChIJ8Qz8hXIV0i0Rr2BKRcLnKuE,Gianyar Regency
Balai Banjar Bonjaka,ChIJ_U2gOl0f0i0RmbmTv5YEIEM,Gianyar Regency
Balai Banjar Paneca,ChIJqYNEv1Ui0i0RynoRFf7PFzE,Gianyar Regency
Balai banjar Bada,ChIJ__ocUAYh0i0RyBcbKVw6Bnw,Gianyar Regency
Balai Banjar Penestan Kelod UBUD,ChIJVzhQNSk90i0R5fefNCk6cm0,Gianyar Regency
Balai Banjar Bona Kelod,ChIJqchJCnQX0i0RRiEjT3WdLMQ,Gianyar Regency
Balai Banjar Abiansemal,ChIJcaS5APg90i0RSRsOnYRgyvU,Gianyar Regency
Balai Banjar Bukit Batu,ChIJI8XBfPoW0i0RDwVrV25HvpY,Gianyar Regency
Balai Banjar Lantangidung,ChIJm1Zqgsc_0i0R5FZa5jBr9dQ,Gianyar Regency
Balai Banjar Desa Pakraman Kulub,ChIJdfhjtFwY0i0RY5YMrxiy1NI,Gianyar Regency
Balai Banjar Desa Adat Kebon,ChIJMTFjKfQZ0i0RY-UaJqnF8S4,Gianyar Regency
Balai Banjar Sebatu,ChIJ_aEhnrof0i0R8Y8uWRINugU,Gianyar Regency
MASYARAKAT BANTENG,ChIJ7Wwe-pc90i0Rdgk1tWlw1Dc,Gianyar Regency
Balai Banjar Jaang,ChIJx4mRcRgh0i0RHof3-yaFT60,Gianyar Regency
Balai Banjar Tangsub ᬩᬮᬾ​ᬩᬜ᭄ᬚ᭄ᬭᬃ​ᬢᬂᬲᬸᬩ᭄᭟​,ChIJXeJWBS0-0i0RHZYhrRN2J70,Gianyar Regency
Balai Banjar Gubat,ChIJi84q5j0X0i0R6Sg7SaGEdaY,Gianyar Regency
Balai Banjar Kelodan,ChIJU6YCNRAV0i0Rkef7bhX29BI,Gianyar Regency
Balai Banjar Lungsiakan,ChIJg2UwzDI90i0R7L6wlC9YHoc,Gianyar Regency
Bale banjar,ChIJRV-yGRYj0i0RCRElgyf-Uuc,Gianyar Regency
Balai Banjar Cangi,ChIJAdyr1nM_0i0RXYsPTKriPoA,Gianyar Regency
Ubud,ChIJ37t7vEMV0i0RT2p4h-e092g,Gianyar Regency
Balai Banjar Dinas Desa Kenderan,ChIJn_qO4_gZ0i0RyMkhPHH4YnI,Gianyar Regency
SMP Negeri 1 Gianyar,ChIJDTUdHl4W0i0Rxopge1hWQuM,Gianyar Regency
SMP Negeri 2 Gianyar,ChIJ0SB122YW0i0R_MqlOsCkjJw,Gianyar Regency
SMP Negeri 2 Blahbatuh,ChIJ4fxSqekV0i0RTzszjxRMupI,Gianyar Regency
SMP Negeri 3 Tampaksiringvilla greap,ChIJxY9s-tsX0i0R7wl7CwVOnQI,Gianyar Regency
SMP Negeri 2 Tampaksiring,ChIJb-kKhfUX0i0RN2cl3epgWrI,Gianyar Regency
SMP Negeri 1 Tegallalang,ChIJCRxhNYMi0i0R2-9vd_0Zf2U,Gianyar Regency
SMP Santi Yasa Petak,ChIJN5ccBloY0i0RBq_j_p8iDPY,Gianyar Regency
SMP Negeri 3 Ubud,ChIJd0RYXN490i0RDQ3xGDVC9yo,Gianyar Regency
SMP PGRI 4 Gianyar,ChIJJzX7W5gX0i0RrBL-THcJHts,Gianyar Regency
SMP Negeri 1 Payangan,ChIJ_____0oi0i0RJAoC7HJPhN8,Gianyar Regency
SMP Negeri 1 Tampaksiring,ChIJv4EEP8YY0i0RWEydx0GnaxM,Gianyar Regency
MTs 45 GIANYAR,ChIJoWiwL_MW0i0RIQE26YjF1EI,Gianyar Regency
SMP Kerta Yoga Ubud,ChIJlfICCUQ90i0R037iDtLrz-k,Gianyar Regency
SMP Negeri 4 Tegallalang,ChIJoRcRpd8h0i0RY5O6fmgiZzQ,Gianyar Regency
SMP Negeri 2 Tegallalang,ChIJfZYHoXIf0i0RijnxjEoLpSI,Gianyar Regency
SMP Negeri 2 Payangan,ChIJI2s808Uh0i0Rxn5oiP-ZbpI,Gianyar Regency
SMP Negeri 3 Payangan,ChIJxwNSOKsh0i0RTQW0ikUCxzI,Gianyar Regency
Ubicación Kabhy,ChIJ-5EZ0_k90i0RI5ukop0CwIk,Gianyar Regency
Rumville,ChIJP5MZCAAV0i0R0v1d40L36gA,Gianyar Regency
SD Negeri 2 Sayan,ChIJFcNDZK490i0R9Jdv1Y8gHq4,Gianyar Regency
Sekolah Dasar Negeri 4 Melinggih Kelod,ChIJWU_CMAAj0i0RCBf1pctFty0,Gianyar Regency
SD Negeri 5 Sayan,ChIJW7QNICM90i0R3AV4bIIMQh0,Gianyar Regency
SD N1 TEGALLALANG,ChIJu3ITOZki0i0RqQ0ftIq0fyk,Gianyar Regency
SD Negeri 2 Taro,ChIJFSNeoAEi0i0RDnLbqWInjwo,Gianyar Regency
Sekolah Dasar Negeri 4 Puhu,ChIJ444bu48h0i0RQLr_3ssanY0,Gianyar Regency
SD Negeri 4 Tegallalang,ChIJz-qjvKsi0i0RJ3SgdgJuerY,Gianyar Regency
SD Negeri 1 Sebatu,ChIJGZ_DmMUf0i0RDwVRE6QJjOQ,Gianyar Regency
SD Negeri 3 Sebatu,ChIJsW_XmrIY0i0RlBGbrVLreFo,Gianyar Regency
SD Negeri 1 Singapadu,ChIJy0kJo0Y-0i0Rdm5k38Q4Y2Q,Gianyar Regency
SD Negeri 1 Petak Kaja,ChIJbRXQbkUY0i0Rsl1Hwh1UFcY,Gianyar Regency
SD Negeri 3 Manukaya,ChIJ_6DLFskY0i0RB8_DjZeXrN8,Gianyar Regency
Sekolah Dasar Negeri 5 Taro,ChIJBz9Grsgf0i0R_t22115moHs,Gianyar Regency
Balai Banjar Br. Sanding,ChIJB2iaFAoX0i0RnM2HR99nB0s,Gianyar Regency
Balai Banjar Bunteh,ChIJZQAW-ZUh0i0RNCo3-Sl_J0o,Gianyar Regency
BALAI BANJAR SEMA,ChIJSVJmP1Ai0i0RVfFEorvbBdU,Gianyar Regency
Balai Banjar Majangan,ChIJYRxCA88h0i0R1fFBxr8OcnU,Gianyar Regency
"Balai Banjar Bangkilesan, Mas, Ubud",ChIJs-GV2Ts90i0R9uPwIKTtZTA,Gianyar Regency
Balai Banjar Bitra,ChIJhWZxEMsX0i0Rb_-Lfmk-AHQ,Gianyar Regency
Balai Banjar Mantring,ChIJOfQV2uoY0i0RZtF1HRfEsCo,Gianyar Regency
Balai Banjar Semaon,ChIJR_9uD48h0i0RsSUbxrSyoIg,Gianyar Regency
Balai Banjar Buahan,ChIJFX66F-ch0i0RUYNy81RTLRY,Gianyar Regency
Balai Banjar Melinggih,ChIJcbEUafMj0i0R4LDFEEOqjfo,Gianyar Regency
Balai Banjar Bangunliman,ChIJ29PKgD0W0i0REwJJPNpCils,Gianyar Regency
Balai Banjar Sema,ChIJvyyND8gV0i0Rv6b2IU1kZTg,Gianyar Regency
Balai banjar Abangan,ChIJpSC1Mm4j0i0RL2Lbhet_450,Gianyar Regency
Kantor Kepala Desa Ketewel & Pustu Ketewel,ChIJda7FnOI_0i0R6tbMgTVjI5M,Gianyar Regency
Kantor Desa Batubulan,ChIJFxC-UbE_0i0RzqARPfdxHDk,Gianyar Regency
Kantor Kepala Desa Lodtunduh,ChIJR2EmuuA90i0R0RlN4_QWkTs,Gianyar Regency
Kantor Kepala Desa Pering,ChIJKyMFPscV0i0R3wNmC9tOFtk,Gianyar Regency
Kantor Kepala Desa Lebih,ChIJo9vnuSgU0i0RzD7GgEAjNgg,Gianyar Regency
Kantor Kepala Desa Temesi,ChIJH1mZ0ZYW0i0ReXnthAnL6kA,Gianyar Regency
Kantor Desa Singapadu,ChIJH_xOQEc-0i0R-7Ygt5owuu4,Gianyar Regency
Kantor Perbekel Desa Mas,ChIJd9uooJI90i0R5u0jHXPcypE,Gianyar Regency
Kantor Desa Guwang,ChIJnVea5f0_0i0R8lCpbfIgj50,Gianyar Regency
Kantor Kepala Desa Mas Ubud,ChIJsXI4X4090i0RibhttIezVdM,Gianyar Regency
Kantor Perbekel Desa Batubulan Kangin,ChIJNY7eP1Y_0i0RWV2QdKqbKFQ,Gianyar Regency
Kantor Perbekel Desa Kemenuh,ChIJ3cIW6FEX0i0RUjxaFPtsvM4,Gianyar Regency
Balai Banjar Yeh Tengah,ChIJ64b2tWEi0i0RcjDWBL_g31g,Gianyar Regency
Balai Banjar Triwangsa Kelusa,ChIJ2wyGKnMj0i0RFxH7U0ymuK8,Gianyar Regency
Balai Banjar Cebok,ChIJh9BkfsAZ0i0ROnPoC-Vj1xY,Gianyar Regency
Balai Banjar Desa Adat Tiyingan,ChIJ-8P9yt8j0i0RRqSj0K4_m3A,Gianyar Regency
Balai Banjar Desa Pakraman Pengaji,ChIJbT0-F1Ei0i0RyxDGODE6Kys,Gianyar Regency
Balai Banjar Dinas Tegallalang Gianyar,ChIJrQJ-9Doj0i0ROsVheiRG-HI,Gianyar Regency
Balai Banjar Pujung Kaja,ChIJl5TxNqsY0i0RjJyjmX2J-b4,Gianyar Regency
Balai Banjar Tatag,ChIJqaXtFO4j0i0RE6sxH_m4Ofc,Gianyar Regency
Balai Banjar Triwangsa Tegallalang,ChIJS9aqcwAj0i0RVZZPI7YRqRU,Gianyar Regency
Balai Banjar Lebah A,ChIJLaeYDQAj0i0RbiThd5GFYsU,Gianyar Regency
"Balai Banjar Bukian Kawan, Desa Bukian",ChIJ5bLehZgj0i0RSJXN6BljCgA,Gianyar Regency
Balai Banjar Tengah & Triwangsa Manuaba,ChIJCf68V3cY0i0RrgebWJqr7x8,Gianyar Regency
Balai Banjar Sanding Serongga,ChIJT_li4Q0Y0i0R4f0-IzlS0Lc,Gianyar Regency
Balai Banjar Pengembungan,ChIJxydNixkY0i0R0OC5kPHuw8Y,Gianyar Regency
Balai Banjar Subilang,ChIJuSdrPPMh0i0RpGYvf7nYo70,Gianyar Regency
Balai Banjar & Pura Catur Bhuwana,ChIJr565AAAj0i0RakT6LuSEcQI,Gianyar Regency
"""Balai"" Banjar Bayad (Bayad Village)",ChIJNRE-Bb0Y0i0RYfgHZmS6RSA,Gianyar Regency
Balai banjar taro kelod,ChIJ91yiAJEh0i0RVTmGhjlCfng,Gianyar Regency
Balai banjar Calo,ChIJ_WEqFfwZ0i0RV7FCGbIuZJM,Gianyar Regency
Balai Banjar Sanding Abianbase,ChIJrwvOMgwY0i0RdZVwGNr9Vw4,Gianyar Regency
Balai Banjar Kedewatan,ChIJzTWgz9Ii0i0RzMwzGRSsMZY,Gianyar Regency
Balai banjar tangkas,ChIJd3_DPhwZ0i0RiaY_WwUmw7s,Gianyar Regency
"Balai Banjar Begawan, Desa Melinggih Kelod, Kecamatan Payangan, Gianyar",ChIJo9iGy0wj0i0R4VjMbKJ7yGI,Gianyar Regency
Balai Banjar Junjungan,ChIJrQG-xgEj0i0Rzf5HPfZ29xo,Gianyar Regency
Balai Banjar Petulu Belusung Pejengkaja,ChIJfdrOIAAZ0i0R-TCk3cNOr7Y,Gianyar Regency
Balai banjar dinas penusuan,ChIJtZqzQQAj0i0RAw6rzngbpxw,Gianyar Regency
Banjar tegal desa tegallalang,ChIJJ-vqyaEj0i0RNePZO3kC3uw,Gianyar Regency
Balai Banjar Pesalakan,ChIJBSAT9_UX0i0R2nyfP1nwQ0A,Gianyar Regency
Balai Banjar Tarukan,ChIJl-S6sOQX0i0R9djtYrh6rCM,Gianyar Regency
Banjar Badung Payangan,ChIJeWGucGQj0i0RCCcRoEzp4QA,Gianyar Regency
BALAI BANJAR PASEDANA,ChIJt4w6BX0X0i0RR0vZolNYjGw,Gianyar Regency
Balai Banjar Nagi,ChIJRdhtWVo90i0RJDYMRK56IN4,Gianyar Regency
Balai Banjar Penestan Kaja Ubud,ChIJ6XJFz_w90i0RhRrNqvyD_Mk,Gianyar Regency
Balai Banjar Madangan Kaja,ChIJ3Tk3ti4Y0i0RTLRBo3KMWSg,Gianyar Regency
Balai Banjar Padangsigi,ChIJm73uAgAZ0i0RYcEBICx0chc,Gianyar Regency
Balai banjar kawan,ChIJzyRWT3oZ0i0RaLxbqOYXNBM,Gianyar Regency
BALAI BANJAR CAGAAN KELOD,ChIJMXNKPO8X0i0R6WOyDDXjl2A,Gianyar Regency
BALAI BANJAR BANGKIANG SIDEM,ChIJeX_3P0sj0i0Rc4XofB9z1_A,Gianyar Regency
Balai Banjar Sebali,ChIJ3TikbwAj0i0RoNzwGkSrbsI,Gianyar Regency
Balai Banjar Taman Kelod UBUD,ChIJ4ZFxVrc90i0R7nrAS0z_7Jc,Gianyar Regency
Banjar tengah tegallalang,ChIJD2oqo0kj0i0RbsinMKuOvrE,Gianyar Regency
Balai Banjar Padangtegal Mekarsari,ChIJOaNo02090i0R6JEOwEcjdR0,Gianyar Regency
Balai Banjar Sambahan UBUD,ChIJFT03z9k90i0RM_wPxRtlJU8,Gianyar Regency
Balai Banjar Taro Kaja,ChIJOYEXJgAh0i0Rq5656yjdy7I,Gianyar Regency
Balai Banjar - Banjar Benawah Kangin,ChIJ499SHo8Z0i0RJRRYhUo-6P4,Gianyar Regency
Balai Banjar Puseh,ChIJvb7zrtsX0i0R3OaT5u6jEWQ,Gianyar Regency
"Balai Banjar Dauhuma, Bitera, Gianyar",ChIJb7APRk4W0i0Rd3owfDMDyDw,Gianyar Regency
Balai Banjar Sawagunung,ChIJM_r9zsEX0i0RBWFDCNiV8_Q,Gianyar Regency
Balai Banjar Padangtegal Tengah,ChIJ8aHTvVo90i0RE4lMsiGjijM,Gianyar Regency
Balai Banjar Guliang,ChIJhzKw8doX0i0R_a0cOAFdbYE,Gianyar Regency
Balai Banjar Kawan Bakbakan,ChIJZXRd07oX0i0Rglnj6cwNikM,Gianyar Regency
Balai Banjar Desa Pekraman Suwat,ChIJRVIfWokX0i0RfpQJgRXs9EA,Gianyar Regency
Balai Banjar Teges Kawan Yangloni,ChIJM9B6iyc90i0R4N00bqyd8M0,Gianyar Regency
Balai Banjar Kelodkauh,ChIJ44h-UugX0i0RrAkWv_ea5Fg,Gianyar Regency
Balai Banjar Pacung,ChIJJ_c-blIW0i0RtjHzGiARiMA,Gianyar Regency
Balai Banjar Pekandelan,ChIJ_-d-ivAX0i0RRBj2VwyYfC0,Gianyar Regency
Balai Banjar Munduk,ChIJWf2PJ5YX0i0RaCGZZt1x24M,Gianyar Regency
Balai Banjar Gepokan,ChIJZx7ekPwX0i0Ro8-VLX9PAxM,Gianyar Regency
Balai banjar umahanyar,ChIJzTGfDDwX0i0RL4RPLkztjRo,Gianyar Regency
Balai Banjar Tengah Peliatan,ChIJERUL03Y90i0RVhw7R8xKD3s,Gianyar Regency
Balai Banjar Tarukan Kelod,ChIJDwoddwAX0i0RydnfNpUTA3A,Gianyar Regency
Balai Banjar Triwangsa,ChIJSZDnSYMX0i0ROW4sgyfeTjA,Gianyar Regency
Balai banjar dukuh geria,ChIJl7OSte090i0RWNYmYeeKcvQ,Gianyar Regency
Balai Banjar Taman Sari UBUD,ChIJz7bFd7g90i0RrO14I8axnBI,Gianyar Regency
Bale Banjar Intaran Pejeng,ChIJPeBMXNAX0i0Rp4P6lMRnbqk,Gianyar Regency
Balai Banjar Temesi,ChIJP25Z15YW0i0R1QsGC6zZBJA,Gianyar Regency
Balai Banjar Taman Kaja UBUD,ChIJpafGOPs90i0RVX4s9uTOLkM,Gianyar Regency
Balai Banjar Batur Sari,ChIJA2IsbEgW0i0RpZvFTyq0MG0,Gianyar Regency
Balai Banjar Desa Medahan,ChIJi-MKPzIU0i0RjZriS8vRsBc,Gianyar Regency
Balai Banjar Kutri,ChIJdSg5H4EX0i0R6NivWyFR9X8,Gianyar Regency
Balai Banjar Teges Kelod,ChIJo_WUnGAW0i0RVeuIywF9zz4,Gianyar Regency
"Balai Banjar Teruna Blahbatuh,ᬩᬮᬿᬩᬜ᭄ᬚᬃᬢᭂᬭᬸᬡᬩ᭄ᬮᬄᬩᬢᬸᬄ᭟",ChIJFyTG6eIV0i0RcVoXfCwpWdg,Gianyar Regency
Balai Banjar Pakuseba,ChIJa1hrNPof0i0R7mGrdhTF6oY,Gianyar Regency
Balai Banjar Blahpane Kelod,ChIJfQnYqDEX0i0R4qhfB8VYGrA,Gianyar Regency
Balai Banjar Wanayu Bedulu,ChIJRRtsJMcX0i0RMCwQ2sQMbGI,Gianyar Regency
Balai banjar br apuh,ChIJmUEo8DAf0i0RVuUFEl6uMuM,Gianyar Regency
Balai Banjar Demayu Lodtunduh,ChIJX9tndyQ90i0RkPY7fIBzPt4,Gianyar Regency
Balai Banjar Dukuh Suladri,ChIJo496vkgX0i0RS1AemqZSr2k,Gianyar Regency
Balai Banjar Dauhuma,ChIJIfE0QAA_0i0RHHh_lXhxRm4,Gianyar Regency
"Balai Banjar Kalah,Peliatan",ChIJtys1vHA90i0R20Lu4aBnoe4,Gianyar Regency
Balai Banjar Blahtanah,ChIJV-rvbf090i0RFKOE4ucAc6U,Gianyar Regency
Balai Banjar Br. Celuk,ChIJtRKvNLoX0i0RbeZfkfaqtdI,Gianyar Regency
Balai Banjar Kerta Wangsa Lodtunduh Ubud,ChIJGRw5KM090i0RBePsBVBLivU,Gianyar Regency
Balai Banjar Silungan,ChIJnRoqPuc90i0RRo7TnnbLxxs,Gianyar Regency
Balai Banjar Kederi,ChIJje2DW4Y90i0RZddkMeQm6OM,Gianyar Regency
"Balai Banjar Triwangsa , Desa Siangan",ChIJPxgJ9_gX0i0RxjrHZ0YImkk,Gianyar Regency
"Banjar Jati Sebatu, Tegallalang",ChIJ_709Ppcf0i0Rliv5JdAuJrY,Gianyar Regency
Balai Banjar Selat Belega Blahbatuh,ChIJRTzV5NsV0i0R0_mZrKq7N5M,Gianyar Regency
Balai Banjar mula,ChIJGfwvkP0_0i0RJMIm2HC_c2c,Gianyar Regency
Balai Banjar Buluh,ChIJS6VEYdU_0i0RaghTJzA1Feo,Gianyar Regency
BALAI BANJAR TEGENUNGAN,ChIJExjESgAV0i0RaEHCYme5a08,Gianyar Regency
Bale Banjar Puseh,ChIJQXEQ818V0i0RCk3fLkDYhzU,Gianyar Regency
Balai Banjar Luglug,ChIJiRgXOvk_0i0RJ1Y3Dxv7Bmg,Gianyar Regency
"Balai Banjar Banda, Desa Saba",ChIJV2F9N5AV0i0RtirI_WVhY7I,Gianyar Regency
"Balai Banjar Kebon Kelod, Belega",ChIJW3GT51wV0i0RXp4_4vpUtq4,Gianyar Regency
Balai Banjar Kesatria,ChIJTZ1aE-IV0i0RV614yTcNueM,Gianyar Regency
Balai Banjar Puseh Batubulan Kangin,ChIJcfvoEMU_0i0RntTOF0najfM,Gianyar Regency
Balai Banjar Kacagan‌,ChIJ6RaVH18V0i0RHaXY9u30o4Q,Gianyar Regency
Balai Banjar Batanancak Mas,ChIJn02iWIQ90i0RVjtHoZUcFl8,Gianyar Regency
"Balai Banjar Laud Blahbatuh,ᬩᬮᬿᬩᬜ᭄ᬚᬃᬮᬳᬸᬤ᭄‌ᬩ᭄ᬮᬄᬩᬢᬸᬄ᭟",ChIJtX0HIeMV0i0RIx8_-vTrrWk,Gianyar Regency
Balai Banjar Tegallulung,ChIJRQU2nusV0i0RZ2v0Imw-70s,Gianyar Regency
Balai Banjar Dentiyis,ChIJsWSnGAA_0i0R7IaLItH9pqc,Gianyar Regency
"Balai Banjar Kebon Kaja, Desa Belega",ChIJeWDksh4V0i0RyH3wesDpM_Y,Gianyar Regency
Balai Banjar Singapadu,ChIJwfV9PyE_0i0RxAzkDcIknAQ,Gianyar Regency
Depan balai Banjar tampad,ChIJg9Kre8o_0i0Rf2NnbcbufXo,Gianyar Regency
Balai Gong Banjar Gelumpang Sukawati,ChIJeZBYb7UV0i0Rc2D9xDMURco,Gianyar Regency
Balai Banjar Kebon Blahbatuhᬩᬮᬿᬩᬜ᭄ᬚᬃᬓᭂᬩᭀᬦ᭄‌ᬩ᭄ᬮᬄᬩᬢᬸᬄ᭟,ChIJvRhg7OMV0i0RTZLQxDGXscU,Gianyar Regency
Br negari,ChIJod5uthE_0i0RP1g8BiH3wfI,Gianyar Regency
Balai banjar Lebih Duur Kaja,ChIJI-7YDgAV0i0RCLq4CryZwCE,Gianyar Regency
Balai Banjar Abianbase Pekandelan,ChIJYXCXWzYX0i0ReHn244IGmA4,Gianyar Regency
Bale Banjar Bandung.,ChIJZawBI7UX0i0R4BsuATP_PYg,Gianyar Regency
Balai Banjar/LPD Kabetan Desa Bakbakan,ChIJddQOa5oX0i0RcQd5xVryVCQ,Gianyar Regency
Balai Banjar Tegal Tamu Batubulan,ChIJa3pszO4_0i0R2F_7je2TZQI,Gianyar Regency
Balai Banjar Pengembungan,ChIJQQFfy2Q_0i0RnR32lmZ9MtI,Gianyar Regency
BALAI BANJAR PERING,ChIJXWd8FscV0i0R-3jl_Cuw9yI,Gianyar Regency
Balai Banjar Candi Baru Gianyar,ChIJAYQb41wW0i0R91Agq-t96pk,Gianyar Regency
Balai Banjar Tengkulak Kaja,ChIJF0Qpmho90i0RrfyJFfqWNIo,Gianyar Regency
Balai Banjar Perangsada,ChIJoaUPjOsV0i0RqDPaDXYyE5E,Gianyar Regency
Pertigaan jalan,ChIJMdYeQwAX0i0RrfmL9c8Rafk,Gianyar Regency
Balai Banjar Keden‌ᬑ,ChIJi5NDuV4V0i0RzdUi5Lv6QBo,Gianyar Regency
Balai Banjar Kucupin Ketewel,ChIJ5Yc1aVwV0i0R62gwtO-Kqp4,Gianyar Regency
Balai banjar Tampad batuyang,ChIJe4IqMm0_0i0RnDzLbDqi53w,Gianyar Regency
Banjar Tempek Taman Palekan,ChIJL0P2veY_0i0RbpunTFValGM,Gianyar Regency
Balai Banjar Manikan - Guwang,ChIJr8UwtWs_0i0RFjmPe7ebyLk,Gianyar Regency
Balai Banjar Bungsu,ChIJaYUd0Kg_0i0RCeN_kpjFu94,Gianyar Regency
Anja Print,ChIJt0FNmyw-0i0REIHhM691Rv8,Gianyar Regency
Balai Banjar Tatag - Guwang,ChIJS0CMueYV0i0RDuBw7dOGnUQ,Gianyar Regency
Balai Banjar Penataran,ChIJo2X3UWY_0i0Rfei4udRP6uc,Gianyar Regency
Banjar Kerta Candra Buana,ChIJCUb12k4_0i0RI2yoRfWVimg,Gianyar Regency
Balai Banjar Gelogor,ChIJ0TELro090i0RnK3Po-x-Ggg,Gianyar Regency
Balai Banjar Sakah,ChIJP5ocZio_0i0RQi4HmxWEE_A,Gianyar Regency
Balai Banjar Peninjoan Batuan,ChIJLUdWCwA_0i0RP1k144UbB8s,Gianyar Regency
Balai Banjar Tusan,ChIJBTCHbuQV0i0R6jhjX1FKjck,Gianyar Regency
Balai banjar selat,ChIJAYVrBwAX0i0RmE7AENctaaI,Gianyar Regency
Balai Banjar Bukian,ChIJGUxoKhwi0i0RXqoyH-P_WxA,Gianyar Regency
Balai Banjar Timbul,ChIJJz0nZUcf0i0RHomxZ0fhmB4,Gianyar Regency
Balai Serbaguna Banjar Pujung Kaja,ChIJ3QeJuNsf0i0Re4UAnYPh7II,Gianyar Regency
Balai Banjar Margatengah,ChIJsfL0XAAf0i0Rln3vVZ6cPy4,Gianyar Regency
Kantor Kecamatan Gianyar,ChIJIyUofGQW0i0RpH3BR0nVzIA,Gianyar Regency
Balai Penyuluhan KB Kecamatan Gianyar Kabupaten Gianyar Provinsi Bali,ChIJqTD388IX0i0RdZeg-wwcAzI,Gianyar Regency
Kantor Kecamatan Blahbatuh,ChIJARY9TeIV0i0R76tpZQA8188,Gianyar Regency
Sukawati District Office,ChIJtUnNmSc-0i0RLQeuIoXG4D8,Gianyar Regency
Kantor Kecamatan Ubud,ChIJNU8k2ms90i0Rd9Nb5VLzJms,Gianyar Regency
Bagian Umum Setda Kabupaten Gianyar,ChIJTWjmii8X0i0RDS_ZUsk5jho,Gianyar Regency
Dinas Pendidikan - Kabupaten Gianyar,ChIJxULHF2cW0i0R9wB4SfdqN-g,Gianyar Regency
Dinas Perindustrian dan Perdagangan Kabupaten Gianyar,ChIJ4aYznYYX0i0ReFoDYi1Han4,Gianyar Regency
UKPBJ Kabupaten Gianyar,ChIJxZ9eTwAX0i0R8M-wZGwftwE,Gianyar Regency
Kantor Kecamatan Tegallalang,ChIJDSx_doEi0i0RAFBNmWpIuds,Gianyar Regency
Kantor Camat Tampaksiring,ChIJZfjZxpQY0i0RimQt5Kv9Co4,Gianyar Regency
Dinas Pariwisata Kabupaten Gianyar,ChIJ53brpGAW0i0RFC3b9BJXSkc,Gianyar Regency
Dinas Kebudayaan - Gianyar,ChIJISS4-2YW0i0RGhqeC1eXAg8,Gianyar Regency
Wantex Warna Gianyar (Jasa),ChIJJ1IvTIEX0i0Rjuo1y3Nf4M4,Gianyar Regency
Kantor Camat Payangan,ChIJlV4lq_Ih0i0RTzm3W6RvFy0,Gianyar Regency
Polsek Blahbatuh,ChIJc1Il12UW0i0RYuynlEeJad8,Gianyar Regency
Kantor Kelurahan Gianyar,ChIJ5VPfUCYX0i0R4Nda5DID6-g,Gianyar Regency
Kantor Lurah Abianbase,ChIJk2bI2JoX0i0RsCbDEXl4RTU,Gianyar Regency
KANTOR KELURAHAN SAMPLANGAN,ChIJ8ZLfOvMW0i0RINXr7TDHKHU,Gianyar Regency
Kantor Lurah Beng,ChIJb2YbtlkW0i0RTaTxaQss7OA,Gianyar Regency
Kantor Lurah Bitera,ChIJ1XuO9kQW0i0Rp8cy41Uk1Nk,Gianyar Regency
Kantor Lurah Samplangan,ChIJ86adXAAX0i0RUILUG9rPyfw,Gianyar Regency
Kantor Lurah Ubud,ChIJjzvM82o90i0RBCYfQRgnRds,Gianyar Regency
Department of Population and Capil - Gianyar,ChIJiUN9_2YW0i0Rv5k0kM5akpU,Gianyar Regency
KBBT,ChIJczSUnGAW0i0RpI4rKNPR3cI,Gianyar Regency
Balai Banjar Pasdalem,ChIJITbIv94X0i0RMweVFUIL9W4,Gianyar Regency
BRIDA GIANYAR,ChIJ91UUAgAX0i0RlunkIbLxsmI,Gianyar Regency
Proyek puspem gianyar,ChIJgWPYUAAX0i0Rjm98GnjBhhk,Gianyar Regency
Kab.badung,ChIJM8d6eAAX0i0RzpNFDZcTijI,Gianyar Regency
Command Center Kabupaten Gianyar,ChIJaVYEgjEX0i0REs-8UiPyGms,Gianyar Regency
KPAD Kab. Gianyar,ChIJ3z67D10W0i0R3bQHXS5299o,Gianyar Regency
Gianyar Regent Office,ChIJ5VQio2AW0i0R0-M3Rtt2XdM,Gianyar Regency
Partai Golkar Kecamatan Gianyar,ChIJs3rO1GYW0i0Rc5x2_QMMnpQ,Gianyar Regency
Bappeda Kabupaten Gianyar,ChIJl8nthGAW0i0RllXswJxAagc,Gianyar Regency
BKPSDM - Gianyar,ChIJP8-Cn88X0i0RyVYZiPsGcr8,Gianyar Regency
Kantor Dispenda Kab. Gianyar,ChIJSaF6ql0W0i0R2yq9pjtOZPU,Gianyar Regency
Kepolisian Resor Gianyar (Polres Gianyar),ChIJhQ6FYwAX0i0RRH9vNphgYgM,Gianyar Regency
Kantor Urusan Agama (KUA) Gianyar,ChIJj6VbYGcW0i0RlVcoUifIZ0U,Gianyar Regency
Kantor Pos Gianyar,ChIJxVfJVlwW0i0RxdcyYLQGRaA,Gianyar Regency
Sekretariat PKH Kabupaten Gianyar,ChIJ64JzceoX0i0Rc4vId-E6rMc,Gianyar Regency
Sentra KI Gianyar,ChIJp8qchC0X0i0RzHzSdDIWodc,Gianyar Regency
Legiun Veteran Republik Indonesia Markas Gianyar,ChIJ_8DOAXEX0i0Rd6uYHvKyUdI,Gianyar Regency
SPNF SKB KAB. Gianyar,ChIJJZL9agAX0i0RRoqQ3DXs1HQ,Gianyar Regency
Balai Penyuluhan Pertanian Kecamatan Gianyar,ChIJWf5BeAAX0i0RSo0XFutpm28,Gianyar Regency
Badan Pusat Statistik Kabupaten Gianyar,ChIJY7PTE2cW0i0Ry3Q5KlzBltk,Gianyar Regency
SEKRETARIATAN KNPI GIANYAR,ChIJbesPibQX0i0RoRtWeGaNDbY,Gianyar Regency
TP PKK KAB. GIANYAR,ChIJvaZ6o10W0i0RD5h7hbSKpLY,Gianyar Regency
DPD KNPI Kabupaten Gianyar (Sekretariat Organisasi Kemasyarakatan Pemuda OKP Gianyar),ChIJIRcdXgAX0i0R2VBQAMJ8Ym4,Gianyar Regency
KOMITE OLAHRAGA NASIONAL INDONESIA KABUPATEN GIANYAR,ChIJAQDJfmcW0i0ROqhajt8gjjU,Gianyar Regency
Badan Kesatuan Bangsa dan Politik Kabupaten Gianyar,ChIJk7FCbQAX0i0RELGCf0pyyb8,Gianyar Regency
Badan Pengelolaan Keuangan dan Aset Daerah Kabupaten Gianyar,ChIJXzeKql0W0i0RSd-w4g1KY-Y,Gianyar Regency
Badan Kesatuan Bangsa dan Politik Kabupaten Gianyar,ChIJTVGn4l0W0i0RvXeCpOpLxVs,Gianyar Regency
Sekretariat P3MD PID Kabupaten Gianyar,ChIJ_8Nn4okX0i0RDEmQ6enp7mY,Gianyar Regency
KPP Pratama Gianyar,ChIJK6w0kWwW0i0Ra4Malf8ylA8,Gianyar Regency
BPBD KABUPATEN GIANYAR,ChIJw5KEqxQW0i0RQSaCL73eMDI,Gianyar Regency
Mustakim,ChIJA_CDkDwX0i0RBQu1Rk2Zs1o,Gianyar Regency
Dinas komunikasi dan informatika kabupaten gianyar,ChIJwZMXdQAX0i0R6jHktPer4ak,Gianyar Regency
PDAM GIANYAR,ChIJFbFsSvMW0i0RWQ3NpBbGk80,Gianyar Regency
Dinas Pemuda dan Olahraga Gianyar,ChIJmT8bKAAX0i0RW9IsG826r2Q,Gianyar Regency
Pengadilan Negeri Gianyar,ChIJm1fJVlwW0i0RLFvLgmGbS68,Gianyar Regency
Markas Cenik Nginteng,ChIJTaK0gkQX0i0RYiVa66qJ9sY,Gianyar Regency
CV. SURYA JAYA,ChIJwYSoV2EW0i0R9r3fAxXjxhk,Gianyar Regency
Kantor Dinas Sosial Kabupaten Gianyar,ChIJOxUzl2AW0i0RQ-0m3ih696U,Gianyar Regency
BKD Kabupaten Gianyar,ChIJTxA-eWcW0i0RJhnsKHnWIJ4,Gianyar Regency
Posko 66,ChIJr6q_6kUX0i0RnMTLcjsuEus,Gianyar Regency
Dispora Kab. Gianyar,ChIJJ_8UN40X0i0RWmwpQCB5b5s,Gianyar Regency
Dinas Perhubungan Kabupaten Gianyar,ChIJLyQmjawX0i0RejTI090fh38,Gianyar Regency
kantor,ChIJedhIKNAX0i0RThp4jK7QoK0,Gianyar Regency
Lpse Kabupaten Gianyar,ChIJiQ4NnGAW0i0RMw5km1cxqEQ,Gianyar Regency
Dinas Lingkungan Hidup Gianyar,ChIJPzQBp2UW0i0RKboenu4uXM4,Gianyar Regency
KLOK Gianyar,ChIJ2QyY72kW0i0RpgDTu1Aob-k,Gianyar Regency
Inspektorat Daerah Kabupaten Gianyar,ChIJ09ib9mYW0i0RzyS79fNE0Zo,Gianyar Regency
UTD PMI KAB. GIANYAR,ChIJya4cBGcW0i0RL_ME4rTxjpM,Gianyar Regency
Dinas Kepemudaan dan Olahraga Kab.Gianyar,ChIJOwUy5MkX0i0RRrzLgEMNaYk,Gianyar Regency
PERUMDA AIR MINUM TIRTA SANJIWANI,ChIJ14XWUosW0i0Rn5Ke1ok6grc,Gianyar Regency
Pdam,ChIJ72wBnmUW0i0Rm2PjW4rFSLo,Gianyar Regency
Dinas Kesejahteraan Sosial - Gianyar,ChIJme5SLmEW0i0RttiL-NOZHqM,Gianyar Regency
Maifan Center Gianyar,ChIJM3wRaF0W0i0RI9_TjRXbutc,Gianyar Regency
Dinas Perpustakaan dan Kearsipan Gianyar,ChIJm_gbozoX0i0RQ9_oyIuH45o,Gianyar Regency
BUCU TELU,ChIJM3pKqwUX0i0R6Xnc4eHRz2c,Gianyar Regency
Perumahan Nusa Nova Permai,ChIJLa2rL38X0i0RD6eJ69xhvak,Gianyar Regency
Balai Banjar Kerthiyasa Desa Bona,ChIJybsnYLMX0i0R4TqPgjP8cdU,Gianyar Regency
"Kantor Hukum Agung Kesumajaya S.H,M.H",ChIJ3y_WFoIX0i0RDa2GaueEQz8,Gianyar Regency
SARIP BF,ChIJg60w5XwX0i0RedSg_VD6zZI,Gianyar Regency
PosAja! Drop Point,ChIJ9fTPnxQX0i0RK0htrW0--rQ,Gianyar Regency
Griya Gede Panji Manuaba,ChIJUz4kJKoX0i0R6DtBH7Mbx9A,Gianyar Regency
Puskesmas Desa/ Desa Selat,ChIJCUwsNwAX0i0R_TSH9QLMc-o,Gianyar Regency
Mabes S.R.C,ChIJU4z2smcX0i0R34V80pBxmxg,Gianyar Regency
Batan Poh Breeding Farm,ChIJl7oWOB0X0i0RBuISGz8YMBE,Gianyar Regency
Balai Banjar Dana Desa Bona,ChIJ2Rq3CGUX0i0RqJIR8-9FGSo,Gianyar Regency
Kantor Perbekel Desa Sidan,ChIJ_4-zse4W0i0RhJedKolBl60,Gianyar Regency
Kantor Perbekel Bona,ChIJ2-pr6tEX0i0RqCNMVrf1Bf0,Gianyar Regency
Geriya Alit Pidada,ChIJL79R9XkW0i0RPMIYAVjA7bE,Gianyar Regency
Polsek Gianyar Baru,ChIJD5rey1AX0i0RGVv5xVWarbM,Gianyar Regency
Sumur Bor Bone,ChIJGepZhMUX0i0RuzyiE6nTNzs,Gianyar Regency
KANTOR SAMSAT GIANYAR,ChIJs2WkQe0W0i0RH2NkN0dQTDo,Gianyar Regency
Rumah agus perdana,ChIJTQlHbP4X0i0RExkmpXmeMfA,Gianyar Regency
Perumahan Batur Sari,ChIJWc-BpEgW0i0RmUoYfrCec-8,Gianyar Regency
Health BPJS Gianyar,ChIJcb9S7mkW0i0R9sJ2UJWmcdE,Gianyar Regency
Kantor Pelayanan Pajak Kendaraan Bermotor,ChIJTX-f7bkX0i0RUMREjRBCVUI,Gianyar Regency
Perum. Serongga Permai,ChIJ9ZAUCioU0i0R44PpL78sEPw,Gianyar Regency
Bali Water Rafting,ChIJOcnWxvEX0i0RUojHDNe9rg0,Gianyar Regency
Kanto Lampo Waterfall,ChIJoQHcmv8X0i0RI6vXSuiyCOo,Gianyar Regency
Sacred Monkey Forest Sanctuary,ChIJZ5sY9kM90i0RVsPvSxZD7LY,Gianyar Regency
Goa Rang Reng Waterfall,ChIJv_tYCBIX0i0Rn_MGS2i_Kpc,Gianyar Regency
Desa Wisata Sidan,ChIJVbkE0I8X0i0R-pO4cZKNizM,Gianyar Regency
Tegenungan Waterfall,ChIJYQy97hsW0i0RXgxBuN15rsE,Gianyar Regency
SUCEN WISATA TEGALLINGGAH,ChIJzZcm6TkX0i0R8e490IN6PdU,Gianyar Regency
GANG SERU,ChIJrQEklYgX0i0RlAmv1zsMdL4,Gianyar Regency
Goa Gajah,ChIJu4w-njEW0i0RRaWY9_yFb88,Gianyar Regency
Tegal linggah Cliff Temple,ChIJTy_KopAW0i0RIwzTFGLKWwQ,Gianyar Regency
Sumampan Waterfall,ChIJ93viDd0X0i0RokCC4Z_TgDo,Gianyar Regency
KISSIDAN ECO HILL RETREAT & RESTO,ChIJwwhDlhkX0i0RiGqERbG3LlI,Gianyar Regency
Bukit Jati Sunrise Point,ChIJ5bL585UX0i0R0F0jv6GH8cM,Gianyar Regency
Batur Jeep Sunrise,ChIJ_TfsZQAX0i0RFXGpl_eWn0Y,Gianyar Regency
Masceti Beach,ChIJgzr9JFoU0i0RHE__r7bNo7Y,Gianyar Regency
Bukit Yehpulu,ChIJlTy9ji4W0i0RIXc6IpAv3Ok,Gianyar Regency
Desa Wisata Tengkulak Kaja,ChIJRRGbj-I90i0RgRhLIbxgtUw,Gianyar Regency
Taman Sari Waterfall & Natural pool,ChIJQQrhbjUX0i0ReTctOJsyMLo,Gianyar Regency
Dauh kayan,ChIJ_72TMQAX0i0RjnMIM-gNPR4,Gianyar Regency
Bandung Waterfall,ChIJ79oiX9oX0i0RLtG8sYRZpXo,Gianyar Regency
Bitra Center,ChIJLTf5v2oX0i0REYil0OtDdEM,Gianyar Regency
Kemenuh Monkey River,ChIJoSS3jsQV0i0RYspYapHg-FY,Gianyar Regency
"Kemenuh Butterfly Park, Bali",ChIJ8yjEyTUX0i0RvzawGaLG6eU,Gianyar Regency
Adi Tara Rahayu,ChIJW6nQyTEX0i0RBDMKClhiEfI,Gianyar Regency
Desa Wisata Belaluan,ChIJR-jd-iw_0i0R3Ohzh0u-qPM,Gianyar Regency
Green canyon and three waterfall,ChIJiQatY3YX0i0RT2Du_0vQb3E,Gianyar Regency
Pemandian Umum Tepi Sungai,ChIJPSxo1JUX0i0RnB264k0FZR8,Gianyar Regency
SHARANDY LAND UBUD,ChIJv2qWvOMX0i0RLtGR5-gvLWY,Gianyar Regency
Bagustourbali.com - tour Bali and travelling,ChIJ9ftpUQAX0i0R9ok_DSxhTWU,Gianyar Regency
Tukad Jonggang,ChIJtWfsdxUX0i0RnVfIRsm2bBY,Gianyar Regency
Temesi Waterfall,ChIJp6fBwvIX0i0RuSO3qP1oIhs,Gianyar Regency
balilandvibe,ChIJRcIP26UV0i0RnTCIjZNzEE0,Gianyar Regency
Galatamaleletegaltugu,ChIJdzjMLQAX0i0RW8dOTvooJNg,Gianyar Regency
Desa Wisata Sayan,ChIJT1quoBw90i0RGeeatCLVbhE,Gianyar Regency
Agro Wisata Tulikup,ChIJpXi8IgAX0i0R_FLSgecfKlE,Gianyar Regency
Jembatan kaca Bali Tegenungan /Bali Glass Bridge Main entrance,ChIJ0bxnRxwV0i0R8nSLn-cbD74,Gianyar Regency
Uma Anyar Waterfall,ChIJvZMjvgkX0i0RsioucYHnf4M,Gianyar Regency
Kintamani Sunrise Jeep,ChIJjXL07wE90i0R-IiXFTEviZo,Gianyar Regency
Puri Agung Sidan Gianyar,ChIJ3aWm3sAX0i0Rz9Xe79qpQ20,Gianyar Regency
Bendungan Samplangan,ChIJRd2XmV8W0i0RpDaeRNYU9CM,Gianyar Regency
SUNGAI EDUKASI IKAN KOI BR. BANGUNLIMAN,ChIJI-sp9lIX0i0RNnIxTUl2w5o,Gianyar Regency
Wisata Alam BatuJong,ChIJD0R23DwU0i0Rxr7GnNzsbQg,Gianyar Regency
Taman Sari Bebengan Bukit Jangkrik,ChIJyUXyZsUX0i0R6CCjdK8K3nc,Gianyar Regency
Pura Puncak Bukit Langkihan,ChIJp8Wy9fsW0i0Rm1RpxD5smGM,Gianyar Regency
Tukad Pakerisan,ChIJdao-g3cX0i0RGLjjsTl_0lo,Gianyar Regency
WARKOP DKI,ChIJuckfG5wX0i0RHqxLQxCzojU,Gianyar Regency
Tukad Pakerisan,ChIJDWalDr0X0i0Rx1rRf7F0BI8,Gianyar Regency
Ayu offering class,ChIJcTvyspUX0i0RUjlv3UTuJwA,Gianyar Regency
Desa Wisata Taro,ChIJ5UX2OZ4h0i0RQIh4Fm5bUmA,Gianyar Regency
Desa wisata blangsinga ᬤᬰᬯᬶᬲᬢᬩ᭄ᬮᬗ᭄ᬲᬶᬗ᭟,ChIJ09zMXTEV0i0RUVuxhX9l9bo,Gianyar Regency
Siyut Beach,ChIJG7UCNAwU0i0RlG1gz941c_U,Gianyar Regency
Blangsingah Glass Bridge,ChIJe-enbpIV0i0RoQli_L5cKuo,Gianyar Regency
Tegal sepih water fall,ChIJQyoP7eAX0i0Rg1jbHZuqrEI,Gianyar Regency
Pura Kahyangan Jagat Bukit Dharma Durga Kutri,ChIJn6deyj4W0i0RqRXh3B1uRq0,Gianyar Regency
Malong bali driver (komang_udi),ChIJAxcH09c90i0RxmUC_7B0GB4,Gianyar Regency
Ulu petanu,ChIJk__yCQAX0i0RxVZs-KZWbPs,Gianyar Regency
Alun-Alun Kota Gianyar,ChIJ1WUAP2AW0i0RXkatQ-qNpDo,Gianyar Regency
Sungai petanu blahbatuhᬰᬸᬗᬿᬧᭂᬢᬦᬸᬩ᭄ᬮᬄᬩᬢᬸᬄ᭟,ChIJoVAXbQAV0i0Rf9ZdGE7itcY,Gianyar Regency
Obyek Wisata Relegi Panglukatan Sapta Murti,ChIJySyIK7EX0i0Rxxkg6EGCFkc,Gianyar Regency
Hidden Canyon,ChIJPVZJMwAX0i0RgURa-dNlSxA,Gianyar Regency
Relief Bebitra,ChIJ6-BF8kIW0i0RZe-jX1ajKvg,Gianyar Regency
BALI SWING,ChIJDwbE9x890i0RirgjEvtGCIs,Gianyar Regency
Catuspata blahbatuhᬘᬢᬸᬲ᭄ᬧᬢᬩ᭄ᬮᬄᬩᬢᬸᬄ᭟,ChIJJevqDAAV0i0RiEI_uT0tGq0,Gianyar Regency
Petanu Canyon,ChIJlXYMhzgX0i0RoJhtV_LkbM0,Gianyar Regency
Pondok Wisata Ting-ting,ChIJUUcXAuQX0i0RHNsI8b3rqNE,Gianyar Regency
Ulu cangkir waterfall,ChIJeQ9tJwAX0i0RkeJsK7qN8KU,Gianyar Regency
Kolam Pancing Cape Lagoon,ChIJ5-IZawAX0i0RNuyGGBPOVv4,Gianyar Regency
BukitJangkrik Natural Water Swim,ChIJpb-3S1EX0i0RhAU9sztoWuU,Gianyar Regency
Air Terjun Apit Aungan Pejeng,ChIJk1yiXsUX0i0R5niLJeAGa3g,Gianyar Regency
AIR TERJUN LAYANA,ChIJbxtjadUX0i0Re59zCTYNt6E,Gianyar Regency
Puri Wisata Gianyar Bali,ChIJA0S-ODAX0i0RO_6bUz46joM,Gianyar Regency
"Banjar Pinda, Desa Saba",ChIJz9kDRgAV0i0RSF_VxAwQ_Tw,Gianyar Regency
Titi waterfall,ChIJz2HIcAAX0i0RDYe63cScmoA,Gianyar Regency
Mayavis Bona Village,ChIJxcAaHIAX0i0RYUPp2hjh-uo,Gianyar Regency
Transport.di Bali,ChIJm8NYYwAX0i0RLsx6UH0kQ20,Gianyar Regency
Ubud Water Palace,ChIJeWk_HUE90i0RLtgaWympMSw,Gianyar Regency
Air Terjun Gulung Tikeh Siangan,ChIJVaB5f5QX0i0RgB6Fufw0ZiA,Gianyar Regency
Pejeng kawan village,ChIJ3fSVGTE90i0RO30YTMQLwso,Gianyar Regency
Kolam pancing bukit jangkrik,ChIJxQrSDTMX0i0R4JKBCHKK684,Gianyar Regency
Peternakan Babi Arya,ChIJH1oRHMQX0i0RzMbYm561I1g,Gianyar Regency
Skcript Waterfalls,ChIJA888xQoX0i0RX3Z44Vxwxj4,Gianyar Regency
Bangkiang Jaran Waterfall & Hidden Canyon,ChIJR8q8aAAX0i0RuE5do2S3N5k,Gianyar Regency
Pura Penataran Sasih,ChIJkQcPcdAX0i0RWxeQDuHIt5A,Gianyar Regency
Pura Dalem Sidan,ChIJtwuSHuwW0i0RVHP6rPGl0Sk,Gianyar Regency
Siraman waterfall,ChIJO3SrDwAX0i0RpH0pKr2dVjI,Gianyar Regency
Petirtan Ki Pasung Grigis,ChIJ_1mZWQA90i0RrZZbRKdPTh4,Gianyar Regency
Pantai Padang Legi,ChIJHYK3f5IV0i0RjuMGNtdJAJM,Gianyar Regency
Hidden Temple in Goa Gajah,ChIJlWo_f7oX0i0RZ0tfEbjbhl0,Gianyar Regency
Sawah,ChIJoVG86g890i0RvWtyVAADl0U,Gianyar Regency
Air Terjun Canyon Apit Pejeng,ChIJ3bMyDAAX0i0Rg54hLitNGNs,Gianyar Regency
Nusa Penida Tour Bali,ChIJe_78vms90i0Rn2f1Z8WmI78,Gianyar Regency
"Bali Spiritual, Open Cakra, Palm Reading & Tour",ChIJta_cbwAX0i0RkpdXPhlr_mo,Gianyar Regency
Bali Village Trekking,ChIJZUz0VgA90i0RLzV0xTes33M,Gianyar Regency
Puri Agung Pejeng,ChIJiZHv4OkX0i0R1FP6r-kKQkQ,Gianyar Regency
Blakas Art Pandi's Museum,ChIJkzOPxawX0i0R87agtU-TPRQ,Gianyar Regency
ROYAL HONEY SAKAH,ChIJT1m-s1s_0i0ROxLO-FR8PDE,Gianyar Regency
Kemenuh Swimming Pool & Water Recreation,ChIJYVWtDVYV0i0RHe-5LknfCV8,Gianyar Regency
Temple Yeh Pulu,ChIJz4NDnU890i0RbI8TMeMNWfM,Gianyar Regency
Balione Vacations,ChIJxX7CHgAV0i0R2GDokiYjVQA,Gianyar Regency
Batur Trekking Centre,ChIJCR0rXzY90i0R6Dt7c3OCf3I,Gianyar Regency
Gulung Tikeh Natural Pool and Waterfall,ChIJ0fc2WfUX0i0Rs_yPG2JX3YM,Gianyar Regency
Krisna Adventure Blangsinga,ChIJkT7lJgAV0i0RRuHhfeq1kcY,Gianyar Regency
Objek Wisata Tirta Areng,ChIJD_jwDAAf0i0RkrQg-1or1-U,Gianyar Regency
Private Bali Tour Driver - Komang Agus Diantara,ChIJsVO9Ug090i0Rtnm-OjWpEF8,Gianyar Regency
Proyek Pondok Wisata Kemenuh,ChIJqRyYvPMX0i0R3nqdzkZSlUM,Gianyar Regency
Pura Dalem Agung Padangtegal,ChIJB4M3rQs90i0RG8xbNY04VoU,Gianyar Regency
Atv Ride Keramas Park,ChIJ43VDis0V0i0RUMhy6-Cuac4,Gianyar Regency
Pengajengan Temple,ChIJ1cUF07s90i0RQcJnIKXIeUs,Gianyar Regency
Ubud Temple Tour,ChIJ7dSamBA90i0R1huWJJ9fnbk,Gianyar Regency
Setia Darma House of Mask and Puppets,ChIJDbbjIIY90i0Rf-Qzhcm9ggw,Gianyar Regency
PT. Bali JeGeg Wisata,ChIJ6wrfulgW0i0R-YU_COHhpO4,Gianyar Regency
"Kecak & Fire Dance at Tanah Gajah, Ubud",ChIJPfp1CFA90i0RMvwfcoI9QoA,Gianyar Regency
Taman Nusa,ChIJCdq44d0W0i0R5tjjXwnkbtM,Gianyar Regency
Lapangan Umum Chandra Muka Batubulan,ChIJtUVgV7E_0i0RsdoXXScDtQU,Gianyar Regency
Lapangan Umum Desa Batubulan Kangin,ChIJ8ZWlVMU_0i0RL4B8v3IMN2w,Gianyar Regency
SMA Negeri 2 Sukawati,ChIJdf0tdyU_0i0RCexynZs68yc,Gianyar Regency
SMA Negeri 2 Gianyar,ChIJDQ8ac1YX0i0RohXjtRVLDTo,Gianyar Regency
Blasman,ChIJC90NvPwV0i0RFww3tw2F2JU,Gianyar Regency
SMA Negeri 1 Sukawati,ChIJwTTyVHwV0i0RAUaWHxAY4Oc,Gianyar Regency
State Senior High School 1 Ubud,ChIJOx8GBks90i0RaFx3hwjnfRA,Gianyar Regency
BPN GIANYAR / Kantor Pertanahan Kabupaten Gianyar,ChIJBa_-wtoX0i0RKw4qhGfocB0,Gianyar Regency
Kantor DPRD Kabupaten Gianyar,ChIJl8nthGAW0i0RAuuFbeNIwV0,Gianyar Regency
Kantor Pertanahan Kabupaten Gianyar,ChIJ1SQMb2cW0i0R7fJiw5oKX1g,Gianyar Regency
Pusdalops GIANYAR,ChIJQ4o2bmkW0i0R94_PLTL_Pzs,Gianyar Regency
Dinas Perumahan Kawasan Permukiman dan Pertanahan Gianyar,ChIJy9rbvV0W0i0R_VnqKbCUEuA,Gianyar Regency
Dinas Pendapatan/ Pasedahan Agung - Gianyar,ChIJSd_E310W0i0RV3eYcI7IMZU,Gianyar Regency
Dinas Pekerjaan Umum Kota Gianyar,ChIJw_0qIXAW0i0RZ10Qz9BZxwE,Gianyar Regency
Kantor BKKBN Kab. Gianyar,ChIJLYGZFmcW0i0RaYZb2m6jmxE,Gianyar Regency
Bidang Aset BPKAD Kab.Gianyar,ChIJ1zPzHQAX0i0RUO-0GND8WFg,Gianyar Regency
DP3AP2KB Kab. Gianyar,ChIJ6wDRol0W0i0Rst_BMG1d4HI,Gianyar Regency
Polres Gianyar,ChIJw7oGY2cW0i0RH5z327CkEqM,Gianyar Regency
Ruang Perencanaan RSUD Sanjiwani,ChIJu2C0LQAX0i0RbPlyVNVE70s,Gianyar Regency
Dewa,ChIJy_X_TB4X0i0RG30BbFev_SU,Gianyar Regency
Tempat uji KIR DISHUB Gianyar,ChIJXd_RrV4W0i0RmCWg9X8YqLI,Gianyar Regency
Badan Pendapatan Daerah Provinsi Bali Di Kab. Gianyar,ChIJSU3rQe0W0i0RJ44FWJpj1sE,Gianyar Regency
GUG 17 Grab Ubud Gianyar 17,ChIJ1-nfWl0W0i0R7TCN-Rh3Yy8,Gianyar Regency
Rumah pak guna,ChIJl2kHaQAX0i0R5RbM2k_XuNM,Gianyar Regency
Kantor Pos Ciung Wanara,ChIJ673Xp10W0i0RfPsfh0PgSkU,Gianyar Regency
Polsek Gianyar,ChIJ65FUlYoW0i0RnoCgCVMj0Ag,Gianyar Regency
UPT. Laboratorium Dinas Perkebunan Bedulu Provinsi Bali,ChIJbyaQhjMW0i0RI-63gHLvmkM,Gianyar Regency
Kantor Perbekel Desa Buruan,ChIJ9YLB7RUW0i0Rakb8tBbHh3I,Gianyar Regency
Dinas Kesehatan Kabupaten Gianyar,ChIJi6mDHwAX0i0RjuSzdn4bmU0,Gianyar Regency
UPTD Perbenihan Dinas Pertanian Kab. Gianyar,ChIJlV7_ta8X0i0Rdf_DrFRv_x4,Gianyar Regency
Batalyon Zeni Tempur 18/YKR,ChIJB8XEf2QX0i0RZ0w0O5CBkpg,Gianyar Regency
Kantor Perbekel Desa Belega,ChIJyd5d8MYX0i0R-7h9eFZVlpc,Gianyar Regency
Dinas Tenaga Kerja Kabupaten Gianyar,ChIJG5zzKAAX0i0RtfpGjVJRDTA,Gianyar Regency
PosAja! Drop Point,ChIJY23aj-gX0i0RkgN9LDbDkbE,Gianyar Regency
Kantor Perbekel Desa Bakbakan,ChIJ7TkhMpIX0i0RCFcegkA-rS4,Gianyar Regency
KANTOR DESA BEDULU,ChIJCyfIOi0W0i0RkIJUbw-R2nQ,Gianyar Regency
Madani Milenial,ChIJyTetWwAX0i0RgMli57GF4XQ,Gianyar Regency
"Kantor Desa Blahbatuh, ᬓᬦ᭄ᬢᭀᬃᬤᬾᬰᬩ᭄ᬮᬄᬩᬢᬸᬄ",ChIJD3pLHAAV0i0RquwYjlbq4zA,Gianyar Regency
KANTOR PERBEKEL PERING,ChIJI2U0sMcV0i0RpwkJu0aoqmw,Gianyar Regency
Balai Penyuluhan KB Kecamatan Blahbatuh,ChIJXbq-a0oV0i0RlgYMhlrVayI,Gianyar Regency
Kantor Desa Saba,ChIJjy7kfvIV0i0RCB0gfrw_sIc,Gianyar Regency
KANTOR POS INDONESIA,ChIJt3M2TbEX0i0ReZ9vKxcz_lU,Gianyar Regency
Kantor Desa Tulikup,ChIJ81rr3b8X0i0R9dRYVWegmpM,Gianyar Regency
Mabes Genta Manik Serongga,ChIJsQrWvLwX0i0RL2AmmsraPx4,Gianyar Regency
Pemerintah Provinsi Bali Dinas Perhubungan UPTD Trans Bali/Trans SARBAGITA,ChIJWRHBzpQ_0i0RqYbyAhaKaXo,Gianyar Regency
BPJS Ketenagakerjaan Bali Gianyar,ChIJQ7lMXRMW0i0RYWKla4MRrYA,Gianyar Regency
Anddy Bali Gypsum,ChIJb95jz_kX0i0R8ODRqXrafmM,Gianyar Regency
Banjar Batusepih,ChIJb991gco90i0RgOsZlyCcYCg,Gianyar Regency
Kantor Pelayanan Pajak Pratama Gianyar,ChIJlw2Vvn890i0RIDPsAiEev9o,Gianyar Regency
Banjar Dinas Kalah,ChIJY23L9Lk_0i0R9Ye3WZiIIwo,Gianyar Regency
Suppliyer Bebek dan Ayam Bersih,ChIJG74LuPQX0i0RZhTnczwvOOQ,Gianyar Regency
BPP Tampaksiring,ChIJVQXj3K8X0i0R_BfVm55dwm8,Gianyar Regency
Kantor Desa Batuan,ChIJF8grzBk-0i0RxgWj8op6XC0,Gianyar Regency
SBs Canary,ChIJ0ZMCSwAX0i0RM2WUoQBKSfk,Gianyar Regency
Br.siih sumita gianyar,ChIJN-FXbowZ0i0Rjq8BT5Mjga8,Gianyar Regency
Patung Luwak Bali,ChIJ58FPRj0j0i0R8cnLfygI4uk,Gianyar Regency
Patung Singakerta,ChIJjVrLYAA90i0RYtdT5VMIat0,Gianyar Regency
Patung Dewi Saraswati,ChIJKUW7pqcX0i0RwyagiiN1oiY,Gianyar Regency
Patung Paras Taro,ChIJ50HVC-Eh0i0R76FACm7lDx4,Gianyar Regency
Patung Dewi Kadru,ChIJ1cer5jkW0i0Rs2QUskrjIbQ,Gianyar Regency
Patung bayi,ChIJO6AALgA90i0RUMBl0dsV4c0,Gianyar Regency
Soccer Monkey,ChIJrUV6EHI90i0RD2ydMLFTtLA,Gianyar Regency
Ceking Landmark,ChIJx-WUy6gj0i0RnQjfbaEAhzw,Gianyar Regency
Barong,ChIJ6wDPfys90i0RcBypqIaeeQ0,Gianyar Regency
Puri Agung Tampaksiring,ChIJz32LLe0Y0i0RNgnhcwEBQGk,Gianyar Regency
Tjokorda Gde Agung Sukawati Statue,ChIJmbkDUNg90i0RJt0TohkLc7w,Gianyar Regency
Patung bali art,ChIJk3RIjQ4Z0i0RVC_zPffzrvg,Gianyar Regency
Wayan Handicraft,ChIJpW1kRbsX0i0RcncqKYObwEc,Gianyar Regency
Arya Yoga Stone,ChIJs28F78Q90i0RkUME2CJd5Fo,Gianyar Regency
ᬤᬾᬯᬶᬲᬭᬲ᭄ᬯᬢᬶ᭟ Dewi Saraswati,ChIJX7jvWQAZ0i0Rb3Shr0HifB4,Gianyar Regency
Artshop Lumbung Jaya,ChIJa68JwkQf0i0RgVIWFuFCIvw,Gianyar Regency
Bali Dewata Carving (Patung & Ukiran),ChIJDZrxOdk90i0R6vhcQr20iWA,Gianyar Regency
Warung patung,ChIJ50DsUQAj0i0Rv8VSiBJ1oc0,Gianyar Regency
Geriya Mas Patung Uang Kepeng,ChIJQzdRfI090i0RB_f4mzDCAyY,Gianyar Regency
I Made ada Garuda,ChIJK7vFmoAi0i0R0fFeQFytQcU,Gianyar Regency
Frank Williams Museum Patung Burung Universitas Udayana,ChIJnw3aX08X0i0RHSsYu2H6658,Gianyar Regency
I Nyoman Patung,ChIJqxe0KG090i0RBZpowNFTNmE,Gianyar Regency
Merta Sari Wood Carving,ChIJPaLCXRs-0i0R4SGj9zS7wmg,Gianyar Regency
"Tukang Prade/prada,& Tukang Cat Patung",ChIJOU24vv090i0RErkoUowoiGA,Gianyar Regency
Toko Patung,ChIJGasyDPI90i0RvI4AgLhBkvE,Gianyar Regency
Bali Bagus Carving,ChIJT26VmJ890i0RXw199lz2Fsc,Gianyar Regency
Bale Banjar Desa Adat DelodBlungbang,ChIJe3VrTAAZ0i0RZDLuGWx142w,Gianyar Regency
Banjar Geriya,ChIJcX7LYAAZ0i0RHDve8XM7-lA,Gianyar Regency
"Banjar Mantring, Petak Kaja, Gianyar",ChIJC01Os1oY0i0RjJq2CjyA9PI,Gianyar Regency
Bale Banjar Kedisan Kelod,ChIJCwDieaIY0i0RX6f2WpBrgRE,Gianyar Regency
Banjar Manik Tawang,ChIJKSC6t-cY0i0Rh1AcEgx4fHY,Gianyar Regency
Banjar Gunaksa,ChIJcSDv23YY0i0RbhEZMCLhZIo,Gianyar Regency
Balai Banjar - Banjar Benawah Kawan,ChIJIXe0oD8Z0i0Rm8_tENkaIPE,Gianyar Regency
BALAI BANJAR TEMEN,ChIJ_9hXAC8f0i0RrIJ1j207ss8,Gianyar Regency
Balai banjar sawan siangan,ChIJP6lYnOAX0i0RNYmkAnRHGeo,Gianyar Regency
Balai BR. Sanding Bitra,ChIJXctw-xEY0i0RJIuJZFqrPPc,Gianyar Regency
Balai Banjar Bayad,ChIJJ2pdf7oj0i0RhabJKSxq7Qc,Gianyar Regency
Balai Banjar Tegalbingin,ChIJEfbACIw90i0RDoCCLmsoCY0,Gianyar Regency
Balai Banjar Margabingung,ChIJofZbFmYX0i0RxuxiZlaEBPk,Gianyar Regency
"Balai Banjar Peteluan, Temesi",ChIJPwWINQAX0i0RVoClNnW3eic,Gianyar Regency
Balai Banjar Adat Semeton Satria,ChIJJ76BRwAX0i0RNXcpJChqufQ,Gianyar Regency
Balai Banjar Serongga Kelod,ChIJ9fJuKeUV0i0RT-qQSOro4gQ,Gianyar Regency
PERTAMINA,ChIJkzjIZl0W0i0RlAsTKXvMFZw,Gianyar Regency
SPBU Pertamina 54.805.24,ChIJ72Q7wfUW0i0RJFMAan9oBeA,Gianyar Regency
SPBU 55.805.30,ChIJ3YR6TiAX0i0Rum4zP5LSlaw,Gianyar Regency
SPBU 54.805.04 (spbu pertamina),ChIJ5bv-YjgW0i0RKvO8xlbX2po,Gianyar Regency
Pertamina,ChIJlVmwu2wW0i0Rn2yj91xDzU8,Gianyar Regency
SPBU 54.805.07,ChIJiQJEk2wW0i0RF00gviCWyBQ,Gianyar Regency
Pertamina,ChIJwVRn5eAV0i0RzHW2eya5LyE,Gianyar Regency
Pertamina,ChIJ64SZ6yUU0i0RpWYF23n12M4,Gianyar Regency
Pertamina,ChIJvSV2P_4V0i0Rj5pNmtAtmvI,Gianyar Regency
SPBU Kemenuh,ChIJZ5BiQP4V0i0R70Z6o4C3yds,Gianyar Regency
Circle K Blah Batu - SPBU Pertamina,ChIJvRv7P_4V0i0RqUB-YRQYPM4,Gianyar Regency
Pertamina,ChIJP9GphS0W0i0R0k-DqjY_olQ,Gianyar Regency
Pertamina,ChIJCfaJLKEX0i0REami6u1MD0k,Gianyar Regency
PERTAMINA,ChIJeUkW8LkX0i0RNenyANEhHvw,Gianyar Regency
Pertamina,ChIJS3mqtZw90i0RwNDIir-YI5o,Gianyar Regency
PERTAMINA,ChIJmQYa9B0U0i0Rl2SyAxizJ5U,Gianyar Regency
Sumber rejeki,ChIJL05LHeYX0i0RuzxnSxlOi1M,Gianyar Regency
Pertamina Spbu,ChIJzSisQkAU0i0Ry32dqXYFIPg,Gianyar Regency
Pertamina,ChIJNatNqAc-0i0Rt5vxeXzPphA,Gianyar Regency
SPBU Celuk (Gas Station),ChIJJZmc8jU-0i0RADLmHw37tts,Gianyar Regency
Pertamina Gas Station - Pengosekan Ubud,ChIJ3XBCmHU90i0RHpQj0I_MOJM,Gianyar Regency
SPBU 54.805.19,ChIJh_6ghS0W0i0RNOjevB3BjJg,Gianyar Regency
SPBU 54.805.18 Blahbatuh,ChIJM4bI-uAV0i0RwwEjc0B3VD0,Gianyar Regency
SPBU Pertamina 54.807.10 Banjarangkan,ChIJd-alKh8V0i0RtBxKYMrI9Sk,Gianyar Regency
Gas Station,ChIJveSX7Hg90i0RHLQRVRoxlhU,Gianyar Regency
Pertamina 54.805.17,ChIJR9c3_KkV0i0RATN-h7nsXqM,Gianyar Regency
Pertamina,ChIJi9fuCGg90i0R5R-f6vAk22Y,Gianyar Regency
PERTAMINA,ChIJ-yH6VRY-0i0Rw8fgzZfy8wA,Gianyar Regency
Pbsu.tampaksiring,ChIJAQ0cWggX0i0RIJzJYqpi_UI,Gianyar Regency
Pertamina Petrol Station,ChIJ1z226ak90i0RsIcOBZaMKCE,Gianyar Regency
SPBU,ChIJF_GptZw90i0Ri9gWXk37qQ8,Gianyar Regency
Spbu 54.805.20,ChIJE74dNl090i0RYi11_JmYp8I,Gianyar Regency
SPBU Pertamina 54.805.25,ChIJ_zf6tP4_0i0RaAl3ddkNr30,Gianyar Regency
Pertamina Petrol Station,ChIJGcEbV8Q90i0RNDRohgx6i_A,Gianyar Regency
"SPBU Pertamina 54.805.26 Sukawati, Gianyar",ChIJASBQaQ0V0i0RoRzUzTtB-Ak,Gianyar Regency
Green Nitrogen Bedulu,ChIJCfRehC0W0i0RpSMOGVD7lh0,Gianyar Regency
SPBU Ketewel,ChIJ_bH7nVcV0i0R3Xt79pVg1VY,Gianyar Regency
SPBU Sakah,ChIJ62TXpwc-0i0RaDLl4e6rz7g,Gianyar Regency
SPBU 54.805.01,ChIJaeE_Shs-0i0RjePZVnjYxhA,Gianyar Regency
SPBU 54.805.27,ChIJkaUJL_UY0i0R9ktGIqHqgu4,Gianyar Regency
Pertamina Keliki,ChIJT3m0zK0j0i0Rgq13TehoTas,Gianyar Regency
Spbu Sanding Tampaksiring,ChIJGaXXLW0Y0i0RC5O79bbMGH8,Gianyar Regency
PERTAMINI,ChIJFdhsUFA_0i0R5LivbObIeaU,Gianyar Regency
PERTAMINA,ChIJX9RO9LwY0i0RJsNVgo40I3Y,Gianyar Regency
Pertamina Shop,ChIJhS26-5s_0i0ReLQ_NQOcKSA,Gianyar Regency
Pom Bensin,ChIJr2g8wqk90i0RowOmktxC-Vs,Gianyar Regency
PERTAMINI BU AYU,ChIJPwT0COYZ0i0RH5_vnNKz4Ms,Gianyar Regency
SPBU Pertamina,ChIJPVm7VQgi0i0R1Om6n2B41K0,Gianyar Regency
Pertamina,ChIJJZ9M_r4_0i0RgiGaaqhTjLo,Gianyar Regency
Green Nitrogen Pengosekan,ChIJ6W2amHU90i0RqB3ZSLANeKk,Gianyar Regency
SPBU KEDEWATAN,ChIJTf-EKMMi0i0RJtNRaL4rVaQ,Gianyar Regency
Pertamina,ChIJQ0RDJ8Mi0i0R-lmM31-rhU4,Gianyar Regency
PERTAMINA,ChIJv7fceR4i0i0R0oHWG_dAy9E,Gianyar Regency
SPBU 5580529 Pertamina Melinggih,ChIJ9yaGAfsj0i0RWZkvCdn9kDo,Gianyar Regency
Balai banjar sengguan Bitera,ChIJpVjXhLsX0i0RT3ETRTVyPZI,Gianyar Regency
KANTOR PERBEKEL DESA BUAHAN,ChIJu3WhRZ0h0i0R0r0Do6ojFeI,Gianyar Regency
Kantor Kepala Desa Desa Puhu Payangan,ChIJCfwKqeUh0i0RnD35ijplBxE,Gianyar Regency
Kantor Perbekel Desa Buahan Kaja,ChIJk_G2HAkh0i0RQrWd3Tsbk2Q,Gianyar Regency
Kantor Desa Melinggih,ChIJm8YpKU4i0i0Rui9BiyECMkQ,Gianyar Regency
Kantor Perbekel Desa Puhu,ChIJq6DZE9Uh0i0RKgFTSA5ItwM,Gianyar Regency
Kantor Perbekel Desa Bukian,ChIJgRMBfh4i0i0R8QwoLmEPZ0M,Gianyar Regency
KANTOR DESA PERBEKEL PETAK KAJA,ChIJJU4awUUY0i0RzPUiW9jkxXw,Gianyar Regency
Kantor Perbekel Desa Bresela,ChIJH7njUGUj0i0RcJL2PrKsPtY,Gianyar Regency
Kantor Desa Keliki,ChIJ7coqyuwi0i0RBiijO1ZoKAs,Gianyar Regency
Kantor Perbekel Desa Sayan,ChIJU2EET9o90i0R787-QXGlmJc,Gianyar Regency
Kantor Desa Adat Manuaba,ChIJ-4p-4qEZ0i0RCkI26iFNSH0,Gianyar Regency
Kantor Perbekel Desa Sanding,ChIJnYRWewwZ0i0RnOQpJ1c1TQ8,Gianyar Regency
KANTOR PERBEKEL DESA KEDISAN,ChIJ3YDsVaIY0i0RuxenEAkVCIs,Gianyar Regency
Kantor Desa Sanding,ChIJkZogAGwY0i0RAc3Y7DA2Y_w,Gianyar Regency
Kantor Perbekel Desa Pejeng Kaja,ChIJJZO6vrUZ0i0RPF1bhUpf3qk,Gianyar Regency
Kantor Perbekel Desa Peliatan,ChIJ06DM_HA90i0REn4jVO72JRc,Gianyar Regency
Kantor Desa Suwat,ChIJ8-AnVScY0i0RDmTdtNzRA-4,Gianyar Regency
KANTOR DESA SINGAPADU KALER,ChIJVziQRWE90i0RMtzfMx3MGzE,Gianyar Regency
Kantor Perbekel Desa Sumita,ChIJEzF8BSIY0i0Rsw4p8tK_H0w,Gianyar Regency
Kantor Perbekel Desa Pejeng Kangin,ChIJp1uswPUX0i0Rgg7n2stEtuw,Gianyar Regency
Kantor Perbekel Desa Pejeng Kawan,ChIJCR3GrCIX0i0RNKpa4Xg6LZA,Gianyar Regency
Kantor Desa Petak,ChIJdxu5GgAZ0i0R3mIx0b-UtTE,Gianyar Regency
Kantor Perbekel Desa Pejeng,ChIJIz2vhdoX0i0R027vDYfe1Kg,Gianyar Regency
Kantor Desa Wisata Mas,ChIJjSIVX4090i0RF9Qi0RoHrQM,Gianyar Regency
"Tempek Tengah, Br.Payangan Desa",ChIJd34uRYQj0i0RM3A4EEFeQqE,Gianyar Regency
Kantor Desa Adat Keliki,ChIJr3_Hclcj0i0RXgN81fL5HY0,Gianyar Regency
Pura Perempatan,ChIJb2iWo2Yf0i0RJeuQcvJmfMk,Gianyar Regency
Perempatan Tampad,ChIJv91YuN0_0i0RONIJrmWf8LQ,Gianyar Regency
Warung Kopi Perempatan,ChIJeZQkxyUg0i0RP_XR218L3sM,Gianyar Regency
Perempatan Cell,ChIJaSih9gwX0i0RRlgfpdxYijo,Gianyar Regency
Perempatan Laundry,ChIJwaf0G_8W0i0Ro4a9bYN73hI,Gianyar Regency
Garasi Kembar Bedulu,ChIJf7MqqT8X0i0RYnSmGYPbFWk,Gianyar Regency
BALI MAKMUR KELIKI Keliki,ChIJ72WCHk4j0i0RuYfeVOAx4rQ,Gianyar Regency
Toko Srada,ChIJg1lSU-kj0i0Rk8zbOJhunnU,Gianyar Regency
Toko Pondok Ratna,ChIJ67_9YawY0i0RCWU6UhYUijM,Gianyar Regency
Balai Desa Keliki,ChIJD3zI76Yj0i0RA2DkqKm7UFw,Gianyar Regency
Kantor Perbekel Keliki,ChIJqxZ0HUoj0i0RbHieN87upTc,Gianyar Regency
UPT. PENDIDIKAN KECAMATAN UBUD,ChIJ14abtJ890i0RMI2anr9QGcw,Gianyar Regency
Puspem Payangan,ChIJzS_4oO4h0i0R3g2-Ng-1iMc,Gianyar Regency
Kantor Pos Payangan,ChIJDVVVVUoi0i0RAAA_1_AmUdQ,Gianyar Regency
KORAMIL 1616-07/PAYANGAN,ChIJW7ujeAAj0i0R57igsGlk8WE,Gianyar Regency
Desa Adat Batursari,ChIJDZfWoNUX0i0Relz-mGLX1JU,Gianyar Regency
Kantor Majelis Desa Adat Kabupaten Gianyar,ChIJq11iUpoX0i0RM9qI98VIvz8,Gianyar Regency
Pura Langon Desa Adat Gianyar,ChIJoe7f8xkX0i0RzY5viFdi5C0,Gianyar Regency
Pasar Rakyat desa adat Samplangan,ChIJB8saTEMX0i0RWy3FaudvtlI,Gianyar Regency
Pasar Desa Adat Bukit Batu,ChIJzccKZ_oW0i0RB-lz7XH04L8,Gianyar Regency
Pura Desa Adat Bona,ChIJPT8KSvIX0i0RkyUm-AUsAeg,Gianyar Regency
Pura Prajapati Huluning Setra Desa Adat Bitera,ChIJ3WIMwywX0i0R1GLcR6uYfBk,Gianyar Regency
Pura Dalem Batuan Desa Adat Bitera,ChIJl6fiLQAX0i0R7pSRKe1ZWl4,Gianyar Regency
Catus Pata - Desa Adat Bitera,ChIJsY2btcUX0i0RB6oyI-8wZqM,Gianyar Regency
Pura Puseh Desa Adat Selat Samplangan,ChIJp7YZ_z8X0i0RHD-Fsg_mPNI,Gianyar Regency
Pura Dalem Desa Adat Bitera,ChIJu0ZXtacX0i0RVli34qoYXts,Gianyar Regency
Pura Beji Desa Adat Bangunliman,ChIJzSQuYwAX0i0ROyj9HvRqSH8,Gianyar Regency
Pura Dalem Desa Blahbatuh,ChIJx8vj3vwV0i0RLGB2Z1u3U-c,Gianyar Regency
pura prajepati desa adat siangan,ChIJAz4bGqwX0i0RHlr04mTJFYc,Gianyar Regency
Pasar Rakyat Desa Adat Bitera,ChIJU5rh9kQW0i0RPbv3rIUTSy0,Gianyar Regency
Pura dalem desa adat kelusu,ChIJEUloegAX0i0RHJQhN2bX0vQ,Gianyar Regency
Setra desa adat griya ketandan,ChIJFSgKuF4X0i0Rp0UVbfH8erk,Gianyar Regency
pura dalem desa adat cagaan,ChIJKzjvE-wX0i0RDmMEdWdGigE,Gianyar Regency
Pura Dalem Desa Adat Antugan Blahbatuh,ChIJZRKKDQkW0i0ReZQS2E0RXgg,Gianyar Regency
Setra Desa Adat Ubud,ChIJPd6M4Hw90i0Rymkd819Mnnk,Gianyar Regency
Pura Puseh desa adat kelusu,ChIJNz-vOgAX0i0RYlOqUgvvdiQ,Gianyar Regency
pura bale agung desa adat siangan,ChIJKTNWgSkX0i0RlX-VRIZFTtY,Gianyar Regency
"Pura Desa, Desa Adat Belaluan",ChIJryv1dAA_0i0RAMvyLMAzjio,Gianyar Regency
Setra desa adat kelodan,ChIJQSFOwoYZ0i0R8S5XgobhU6U,Gianyar Regency
Pura Dalem Desa Adat Bangunliman,ChIJQ6iaIwAX0i0R1hihWgnugus,Gianyar Regency
"Pura Desa, Desa Adat Silakarang",ChIJE8T3xZU90i0Rh_tICnFXrLc,Gianyar Regency
Cemetery Desa Adat Beng,ChIJG8ntz1gW0i0R-1rPoiBByKg,Gianyar Regency
Sekretariat Desa Adat Padangtegal,ChIJvUlqBgA90i0RP_xKN3GJ13A,Gianyar Regency
Pura Desa/Bale Agung Desa Adat Kabetan,ChIJdeI3hW0X0i0REb5NOmt_Sd0,Gianyar Regency
Pura Desa Adat Kemenuh,ChIJVSMCbgAX0i0RGkqedxuqM8I,Gianyar Regency
Wantilan Desa Adat Celuk Sukawati,ChIJ5zYOrKI_0i0RjSnJl5uA3lc,Gianyar Regency
Pura Puseh Desa Adat Tojan,ChIJ8dVuqDEV0i0R_vD53ty9dW8,Gianyar Regency
SETRA DESA ADAT ABIANBASE,ChIJh4j-VgcX0i0R6eeIgo8qvs0,Gianyar Regency
"Pura Desa, Puseh, Penataran Desa Adat Cemenggaon",ChIJnXNChCw-0i0Rk0L9Bw-hfv4,Gianyar Regency
Pura Dalem Desa Adat Tangsub,ChIJz3LBcC4-0i0R28nbC3DPL5w,Gianyar Regency
Pura Dalem Gandalangu Desa Adat Tengkulak Kaja,ChIJdTHHD6w90i0RoHX82P4Nt1U,Gianyar Regency
Setra Desa Adat Tegallalang,ChIJ0zb7i34j0i0R8svN4tkxr2Q,Gianyar Regency
Lembaga Perkreditan Desa Adat Beng,ChIJ3WUJ5lgW0i0Rqz6ghWhhod0,Gianyar Regency
"Sekretariat Pecalang Desa Adat Ubud
Satria Jagabaya",ChIJc0d3QEE90i0Rd8_1ul1SuOI,Gianyar Regency
Pura dalem desa adat silungan,ChIJjQqSyAs90i0RJBcuFivbhGU,Gianyar Regency
"Pura Praja Pati, Desa Adat Tarukan Pejeng Kaja",ChIJ_2rX12gX0i0RjW8RnuKL1V8,Gianyar Regency
Setra desa adat silungan,ChIJy-3bYAA90i0RzjCdyUpJ4PY,Gianyar Regency
Pura Puseh Lan Desa Adat Bakbakan,ChIJ7X8XBxsX0i0RFJRym0FMC88,Gianyar Regency
Kantor Bandesa Desa Adat Ketewel,ChIJnRGT01QV0i0Rv8iLCKzkibU,Gianyar Regency
Pura Prajapati Desa Adat Tengkulak Kaja,ChIJw8CS_3M90i0RTJK_bDM1iww,Gianyar Regency
Pura dalem desa adat umadawa,ChIJv4-cIjgX0i0RcdQrKR6OxIs,Gianyar Regency
Pura Dalem Desa Adat Negara Batuan,ChIJiR7pODw-0i0RIwe-MJlxnjE,Gianyar Regency
Pura Baturning Desa Adat Sayan,ChIJHUSDp4Y90i0Rfcueu08EAUQ,Gianyar Regency
Pura Mertasari Desa Adat Pengosekan,ChIJ48km1cA90i0RCp1YfWiaiCE,Gianyar Regency
Pura Dalem Desa Adat Kabetan,ChIJi2Eu2ekX0i0R38eXCHPCrYk,Gianyar Regency
PURA SAKENAN DESA ADAT MAS,ChIJtZUZOwA90i0RN4XtnPAJRdM,Gianyar Regency
Pura Desa & Pura Penataran Desa Adat Mawang,ChIJA1kzzM0_0i0RIsV8B0RDQQo,Gianyar Regency
Pura Desa Adat Celuk,ChIJUV2dyDE-0i0Rk6ExasikTpU,Gianyar Regency
Pura Dalem Desa Adat Belang Samu,ChIJ4YsGT_A90i0RpBjbxjlgACA,Gianyar Regency
Pura Penataran Ulun Swi Batur Desa Adat Tengkulak Kaja,ChIJ31wV8QkX0i0RksEGNmFSWa0,Gianyar Regency
Pura Kahyangan Tiga Desa Adat Tengkulak Tengah,ChIJBdO1I2o90i0RW9oP2is8_Pk,Gianyar Regency
Pura Dalem Desa Adat Belega,ChIJNSgcb3MW0i0RjTkvS-MC1x8,Gianyar Regency
Pura Puseh Lan Bale Agung Desa Adat Benawah,ChIJO_yf0OkZ0i0RAElDouYi5TA,Gianyar Regency
PURA DESA ADAT LODTUNDUH,ChIJL1rYo_g90i0Riu9BODLx5QA,Gianyar Regency
Bale Petak (Balai Peyadnyan) Desa Adat Negara,ChIJIUcpYwM_0i0RH66z861h7gY,Gianyar Regency
Pura Mrajapati Desa Adat Belusung,ChIJtzwkRXYZ0i0RB5Oyaj1xexA,Gianyar Regency
Bale Agung Desa Adat Belang Samu,ChIJN6YUTag90i0R82iIGnHM46k,Gianyar Regency
Pura Desa lan Pura Puseh Desa Adat Tegallantang Ubud,ChIJ3XWHXR490i0RG8e-opLOZzE,Gianyar Regency
"Pura Dalem Ketut Desa Adat Tarukan, Pejeng Kaja",ChIJY5BzieUX0i0R3dVP-9IdwN4,Gianyar Regency
Pura Desa lan Puseh Desa Adat Batuyang,ChIJWfI6NQA_0i0RUaCD51LPn0Q,Gianyar Regency
Pura Dalem Desa Kesian,ChIJX4yhYiUU0i0RWV7tV0n8iaU,Gianyar Regency
Pura dalem desa adat tebongkang,ChIJt4SRxWw90i0Rr8gqtOR2I0c,Gianyar Regency
Pura Mrajapati Desa Adat Tarukan,ChIJF_i8HuQX0i0R6GAJJFajg-E,Gianyar Regency
Pura Desa Lan Puseh desa Adat Negara,ChIJp2ZOYBY-0i0RLSiOenOnyPI,Gianyar Regency
Pura prajapati lan setra desa adat taman kaja,ChIJSybcHFA90i0Ru8yypLdhQ3U,Gianyar Regency
"Pura Desa dan Pura Puseh, Desa Adat Bunutan, Kedewatan, Ubud, Gianyar, Bali",ChIJd-A9dGcj0i0RTPNrP1D4REY,Gianyar Regency
Pesiraman Pura Dalem Kangin Desa Adat Tegallalang,ChIJRYMB0u0j0i0R_0Z9ocEbJiE,Gianyar Regency
Gedong ratu gede desa adat batuaji,ChIJGzzbSIE_0i0RUgKjkjKeD6Q,Gianyar Regency
"Pura Desa, Desa Adat Dlod Tukad, Batubulan",ChIJl5I7dzU_0i0RSflxiiqvrqo,Gianyar Regency
"Gedung Serba Guna Pura Gegaduhan Jagat, Desa Adat Singakerta",ChIJsWVrDAA90i0RWEw1PbnGb0I,Gianyar Regency
Lembaga Perkreditan Desa Adat Bualu,ChIJDcMHTjE-0i0RZGqwjdLOo4s,Gianyar Regency
Pura Penataran Melanting Desa Adat Kengetan,ChIJy0eli3w90i0RML5MjWgwSEk,Gianyar Regency
Lembaga Perkreditan Desa Adat Sapat,ChIJ30xCuAsi0i0RqA4MXiWNbi4,Gianyar Regency
Pura Purusadha Desa Adat Tegallantang,ChIJeW6D0ic90i0RqTECZnioQxw,Gianyar Regency
Kantor BKAD Kec. Payangan,ChIJv5aAx08i0i0RH27QQ6cTXT8,Gianyar Regency
"Kantor Perbekel Pupuan, Tegelalang",ChIJJSuRUYMf0i0ReZVyrJ2saME,Gianyar Regency
Bale Banjar Saren,ChIJ8Z9Qcpoh0i0RitJf6Ph6Fcw,Gianyar Regency
UPT. Pendidikan Kec. Tegallalang,ChIJU29Gotwj0i0RkSE3dQ1g7fE,Gianyar Regency
Kantor Pengamat Tegalalang,ChIJYyy2Nqsi0i0RmhnauIw0-Xg,Gianyar Regency
Bali Rafting Activity,ChIJfUAjZ34h0i0RloYTkKjbmZc,Gianyar Regency
Puskesmas Pembantu Desa Puhu,ChIJDw-tyfMh0i0Rqb4mmloE8TA,Gianyar Regency
Puskesmas Pembantu Tulikup,ChIJk8QW1KIW0i0RPb2LW1M-yEs,Gianyar Regency
Puskesmas Pembantu Pejeng Kelod,ChIJv2X6LwAX0i0RkVAHIdbY6bY,Gianyar Regency
Puskesmas pembantu siangan,ChIJSx4NGNkX0i0Rhi-32ZWxRJ4,Gianyar Regency
Puskesmas Pembantu Sidan,ChIJcSDoLwAX0i0ROoIwWzDzEzM,Gianyar Regency
Puskesmas Pembantu Desa Pering,ChIJdVBUNoUV0i0R6HeS3SsI2N4,Gianyar Regency
Puskesmas pembantu sumita,ChIJx5QmbwAZ0i0R7WsPR5uYWZo,Gianyar Regency
puskesmas pembantu negari,ChIJA4B5lQcU0i0RdQGtdDAqaYo,Gianyar Regency
PUSKESMAS PEMBANTU (PUSTU) SINGAPADU - SUKAWATI II,ChIJLQtbkPg_0i0R2UElwGLSARQ,Gianyar Regency
Puskesmas Pembantu Pejeng Kaja,ChIJsQXZLwAZ0i0RgnJcBfZrNCA,Gianyar Regency
Puskesmas Pembantu Desa Kelusa,ChIJHRMSVwAj0i0RdjDuf8MrfKE,Gianyar Regency
PUSKESMAS PEMBANTU Desa Kenderan,ChIJAU5nJXcY0i0RR2qv-Z9-vYQ,Gianyar Regency
Puskesmas Pembantu Batu Bulan II,ChIJ_8KyT_c_0i0RlD49EzUypM4,Gianyar Regency
Puskesmas Pembantu Buahan Kaja,ChIJH2GEfUQh0i0RTJ0LR_6mQ-I,Gianyar Regency
Puskesmas Pembantu Desa Pupuan,ChIJtXjU3c4f0i0RGJuWXV_0Os8,Gianyar Regency
Puskesmas Pembantu Bukian,ChIJ7SLwMgAj0i0RcwxIJ6_RUMs,Gianyar Regency
Puskesmas Sukawati II,ChIJWTeUAG0-0i0RVjQ0dFoSg28,Gianyar Regency
Puskesmas Pembantu Buahan Kaja,ChIJRWGKMwAh0i0RygjxzPYv1BA,Gianyar Regency
Puskesmas Gianyar I,ChIJgXYkViAU0i0ROQ-VpLCJwF4,Gianyar Regency
Puskesmas Desa Bona,ChIJuakiI1MX0i0RPpGcHfA2jR0,Gianyar Regency
Klinik Bhakti Rahayu Gianyar,ChIJc03leewW0i0R0AEOh2aXHAU,Gianyar Regency
Puskesmas Blahbatuh I,ChIJDSPv9M0V0i0Rv5U5x1-exRI,Gianyar Regency
Puskesmas Ds. Lebih,ChIJM17GVC8U0i0RZ4SfCZTYC-8,Gianyar Regency
Puskesmas Desa Bedulu,ChIJCf1vxfAX0i0RwbYDh75HqEA,Gianyar Regency
Puskesmas Tampaksiring II,ChIJCTnucN0X0i0RBCBltRux4t4,Gianyar Regency
Puskesmas Blahbatuh II,ChIJ3QfOCbAV0i0RVNxLKxdE9xI,Gianyar Regency
Puskesmas Gianyar II,ChIJHWUy_CgY0i0RR_hqgabq1b4,Gianyar Regency
Puskesmas Pembatu II Desa Lebih,ChIJBQSSVAAV0i0Rj2W11bz4-n4,Gianyar Regency
Puskesmas Oembantu Desa Pejeng Kelod,ChIJJVDDIAAX0i0Rll5aALQ5MIc,Gianyar Regency
Puskesmas Ubud I,ChIJC1Hkd2s90i0RuwFAK6B7nVE,Gianyar Regency
PUSKESMAS UBUD II,ChIJX7V4ZSI90i0RR4tgQx4FazQ,Gianyar Regency
Puskesmas Tegallalang I,ChIJ4-DNVEUf0i0RpsiSdi129RE,Gianyar Regency
PUSKESMAS Batubulan,ChIJKRmWwLA_0i0RG-6VP4TZaio,Gianyar Regency
puskesmas sukawati 2,ChIJLfQDXwA_0i0R8xl2FVizH4A,Gianyar Regency
Puskesmas Tampaksiring I,ChIJw_Z8LIsY0i0R0R-IwXR06UI,Gianyar Regency
Rumah Bersalin Ananda Bunda,ChIJj5QKnew_0i0RQki-upOAMIM,Gianyar Regency
Puskesmas Payangan,ChIJHwrPB5Ah0i0RY1Cp5l9mH3Y,Gianyar Regency
UbudCare Clinic 24 Hours,ChIJMT7Dy3c90i0RywpLb-omc8A,Gianyar Regency
UPTD Puskesmas Tegallalang II,ChIJP_HAX0If0i0RQpy38jWHA9Q,Gianyar Regency
Puskesmas Desa Taro,ChIJ0S4LXwAh0i0R6pdVF8URKhk,Gianyar Regency
Istana Kepresidenan Tampaksiring,ChIJg2avaMQY0i0RS1Dcfp0P3XY,Gianyar Regency
Ubud Palace,ChIJS7J-82o90i0RMj8cKJr2zUs,Gianyar Regency
umahadit,ChIJLeXMPgAh0i0RbPOWmL4Do_Y,Gianyar Regency
Puri Agung Kendran,ChIJfXBezwkY0i0Rizi4ZBwkhII,Gianyar Regency
Mocca the dog,ChIJCcjAFgAj0i0RkD_uNcTV2e4,Gianyar Regency
Rumah mamox,ChIJv7R4LQAj0i0RRqSqUz8RdjU,Gianyar Regency
Tjampuhan Old Bridge,ChIJRVr_nD490i0RakyzUYe5yxk,Gianyar Regency
Gria Peling Manuaba,ChIJ7Xuae2k90i0RnrPY7OqyYgk,Gianyar Regency
Puri Agung Gianyar,ChIJY_OCDmAW0i0RKccd5f9Db0Q,Gianyar Regency
Puri Denpasar Payangan,ChIJpfyMHakj0i0RhnlRYxi1fFk,Gianyar Regency
Puri Kawan Payangan,ChIJ_YSu404i0i0R65iE5oYUxpc,Gianyar Regency
Highlight Of Central Bali,ChIJ_yTVPAAZ0i0R6f8EYHgCRjM,Gianyar Regency
Puri Kauhan Ubud,ChIJoypi3Is90i0Rqc2ckilGpS8,Gianyar Regency
MARKAS RARUD KECUBUNG SUTRA,ChIJZ9BZJgAj0i0ReS_G6FUjzmw,Gianyar Regency
Puri Kaleran Gianyar,ChIJqduKpPIX0i0R6SPrcqLQY0Q,Gianyar Regency
Dika house,ChIJHx079p4h0i0RQjTS-MImlXE,Gianyar Regency
Puri Agung Peliatan,ChIJM2avTnA90i0RHBLffAKCqEc,Gianyar Regency
Peliatan Royal Palace,ChIJvWEF_HA90i0RFjseGX0XnLQ,Gianyar Regency
Pesalakan Great Palace,ChIJ09CBHx4Y0i0R5ztRE-ywrUk,Gianyar Regency
PURI AGUNG MANUABA,ChIJR4Og-XkY0i0R5t5lqvvJRNU,Gianyar Regency
Balai banjar lebah buana,ChIJi168HAAj0i0RxPAIFf3Whxc,Gianyar Regency
Sonic area,ChIJ0WARRQAj0i0Rw3Fs_qlatYg,Gianyar Regency
Griya Cepaka Demayu batuh,ChIJE5dWAKg90i0R9NlzIaOrjVk,Gianyar Regency
PURI BAKBAKAN,ChIJX0wGV-AX0i0RbzJa7E5JF2A,Gianyar Regency
Toko mawar,ChIJezobdgAj0i0R3dikBof6qJ4,Gianyar Regency
Penglukatan Suda Mala Taman Kelod,ChIJLZ6oRQAZ0i0Rt77GYKuYYhE,Gianyar Regency
D a n u b o y,ChIJwVP8Vn8j0i0RhF8Oxrf6i0E,Gianyar Regency
Geriya kumba keniten,ChIJF0xaeAAZ0i0R_0gxYmebnfY,Gianyar Regency
Wira's House,ChIJF7yft8Eh0i0Rfg_JyM2grnc,Gianyar Regency
Dodik ariawan house,ChIJmTfVYwAh0i0RHzX2-m7RWZ4,Gianyar Regency
Griya Ageng MandaraGiri,ChIJ-fSoTAA90i0RlLnV0loqqc0,Gianyar Regency
Balai Banjar Biya,ChIJ3yL0TY8V0i0R6dl1cUKevhQ,Gianyar Regency
Balai Banjar Blangsinga,ChIJFZz9W-UV0i0R9sl6n7KNjLs,Gianyar Regency
Gedung Serbaguna Banjar Demayu Lodtunduh,ChIJF2ZFoZ890i0RCozdvLdcqEI,Gianyar Regency
Bale Banjar Kutuh UBUD,ChIJlUNIGSI90i0RDFl-beQ3yT4,Gianyar Regency
Bale Banjar Desa Adat Belang Kaler,ChIJxz_d3-490i0RnH3LeEL6rT0,Gianyar Regency
Banjar Dinas Kelingkung,ChIJ4SUM_7890i0RTfmtPVOYYd8,Gianyar Regency
Balai Banjar Tebesaya,ChIJ-wVJWm490i0RpSF-dP9RpyI,Gianyar Regency
Balai Banjar Tarukan,ChIJnSJU6qM90i0RhYsMMnzB_3w,Gianyar Regency
Balai Banjar Teruna,ChIJe9s0JUI90i0R149o4LnE7NQ,Gianyar Regency
Bale Banjar Tarukan,ChIJlSmHQ_k90i0RcSzklR8H1R8,Gianyar Regency
BALAI BANJAR TEGES KANGINAN,ChIJ78pVuwY90i0R_m76kyV5tRw,Gianyar Regency
Balai Banjar Panglan,ChIJN3Hrhs8X0i0Rfwt3EorMK2M,Gianyar Regency
Balai banjar Babakan sukawati,ChIJXeP0kYcV0i0RSjwgDwr2qgE,Gianyar Regency
Balai Banjar Dlodrurung Batubulan Kangin,ChIJEWXl3dw_0i0RVSN4QdxN918,Gianyar Regency
"Balai Banjar Getas Kangin, Buruan, Blahbatuh, Gianyar, Bali",ChIJpXvSbogX0i0R1emL7kKSedU,Gianyar Regency
Bale Banjar Mawang Kelod,ChIJl69Wls0_0i0RMvkF4kVnZlo,Gianyar Regency
Bale Banjar Mawang Kaja,ChIJq6KX7gk_0i0RxPwAuzwI-YI,Gianyar Regency
Bale Banjar Kumbuh,ChIJKwS8W5E90i0RBy51TAC8GKQ,Gianyar Regency
Banjar Dinas Kutri,ChIJ94sDQmw-0i0Rov0YQa_fTNU,Gianyar Regency
Bale Banjar Pengosekan,ChIJg4pr30U90i0RYn3evBqulek,Gianyar Regency
Banjar Abiansemal Kaja Kauh,ChIJLZjloG490i0R5i2dehSU7aE,Gianyar Regency
Balai Banjar Serongga Kaja,ChIJb4EsK4cW0i0R9hr7QP-KJw8,Gianyar Regency
Balai Banjar Lodpeken,ChIJIaRsUMkV0i0Rj6i1e3ctiBk,Gianyar Regency
Balai Banjar Kaja Kauh,ChIJ76zYG9AX0i0RqTwG8Rsgru0,Gianyar Regency
Balai Banjar Ceba ang,ChIJHyUaUgAV0i0REUiQM4ATfpY,Gianyar Regency
General Fields Tegallalang,ChIJlVp_6IMi0i0RLK5ljE0pjv0,Gianyar Regency
Lapangan Umum Br Adat Dlod Blungbang,ChIJf3NCp4YZ0i0RMcmQhZa6iI8,Gianyar Regency
Lapangan Umum Taro,ChIJQctkFMAh0i0Rs6RgGSPIzDM,Gianyar Regency
Lapangan Umum Desa Adat Bentuyung Sakti,ChIJVahzTboj0i0Rz2K4CwaYo9Y,Gianyar Regency
Lap. Umun Tegallalang,ChIJR5Pv54Mi0i0RyVnZ00q0ARs,Gianyar Regency
Lapangan Umum Payangan,ChIJec1H5zYi0i0ROYtwLkXOc_I,Gianyar Regency
Lapangan Sapta Dharma,ChIJiZBy29sX0i0RVKKdZCAkpRc,Gianyar Regency
Lapangan Astina Blahbatuh,ChIJGy85wvwV0i0ReVUh4JtGQRo,Gianyar Regency
Lapangan Yudistira Desa Batuan,ChIJgU0VYRY-0i0R-HUKDhnIUBM,Gianyar Regency
Lapangan Astina Ubud,ChIJZQO2XWs90i0Rf5p_7NLdUe0,Gianyar Regency
Lapangan Tulikup,ChIJednzeb4W0i0RGsJ2Dgqtuxg,Gianyar Regency
Badminton and Volly Field Putra Ilalang,ChIJ99plSGg90i0RXUgW7XCw9CI,Gianyar Regency
TOKO HAFIDAH Berkah Barokah,ChIJ1WHmQUkX0i0RbKSqEYNeQiw,Gianyar Regency
.,ChIJMY2dTIkX0i0RXwP2zf2xvWY,Gianyar Regency
Narajaya POM MINI,ChIJLQe0CosX0i0RJpvMNhx4aA8,Gianyar Regency
Eni Lubricant,ChIJTxdQovIW0i0R5gPSN5R7P64,Gianyar Regency
Sampalangan,ChIJjSWhNwAX0i0RKmppdynX2FE,Gianyar Regency
Pertashop Bali 5P80502,ChIJC5yLrbsX0i0RJjClD1OKW8E,Gianyar Regency
Pertamini sanur,ChIJLYB4OwA90i0R9roH_cCOpIo,Gianyar Regency
SM PERTAMAX,ChIJZf3Sb1A90i0Rs3A2CbXu114,Gianyar Regency
Pertashop Desa Saba Gianyar,ChIJbbipTzMV0i0Rv65p_bEoWYA,Gianyar Regency
Petrol,ChIJN-xZ7_Aj0i0R7wyB-Zx97v8,Gianyar Regency
Pertashop Desa Adat Negara Batuan,ChIJsX81neY_0i0RoSiVIrjSeQw,Gianyar Regency
Br kengetan,ChIJyx10CgA90i0Rg4Jsgdj_Kpw,Gianyar Regency
Pertamin,ChIJJZ-E4lM90i0RYmF2T00Xyao,Gianyar Regency
Gudang Gas Non Subsidi,ChIJeUEq26o_0i0RY_Mnp1hED5M,Gianyar Regency
Bensin Pertamax,ChIJeWG6du0_0i0ROfmx9tFm6c8,Gianyar Regency
SPBU 54-80506,ChIJbd8yjDE-0i0RO1rj2NHiQIc,Gianyar Regency
"Spbu 54,805,08",ChIJ78U0_r4_0i0RM68vllXw2OA,Gianyar Regency
Pertashop Blangsinga,ChIJt4VMbwAV0i0RaF40nu-69c8,Gianyar Regency
Pertamini,ChIJfcsApZc90i0RTcck_qWPDEg,Gianyar Regency
Ngelog Art dekorasi,ChIJVWSs99wX0i0RZODIH06Wa_U,Gianyar Regency
Br. Kelod Kauh Beng Gianyar,ChIJV0ELSVgW0i0RNC1hCCn26cU,Gianyar Regency
"Br. Babakan, Blahbatuh",ChIJzUAmMQoW0i0R0fmRja226yk,Gianyar Regency
"Br. Satria, Blahbatuh, Gianyar, Bali",ChIJYcVTa-IV0i0RqJOb5qCvGuA,Gianyar Regency
Br kajakauh abianbase Gianyar,ChIJ42EymFEX0i0R7diH5dRsQ6A,Gianyar Regency
Br.roban,ChIJ2eOECQAX0i0RTsffdLlRxUE,Gianyar Regency
Br.Tengah Blahbatuh,ChIJf90iAgAV0i0Ra9LugwXLj14,Gianyar Regency
Br Tubuh Blahbtauhᬩᬾ᭞᭖ᬃ᭞ᬢᬸᬩᬸᬄᬩ᭄ᬮᬄᬩᬢᬸᬄ᭟,ChIJfbi3WgoW0i0RxlDxAps-mKE,Gianyar Regency
Br. Antugan Blabatuh,ChIJlbErfgkW0i0R9vQ5geSM8vY,Gianyar Regency
Br. Jageperang,ChIJm_EIoXsX0i0RtuIvkdEEfYY,Gianyar Regency
BIGGLORIES,ChIJe-RwOs8X0i0ReNVR-YlflTY,Gianyar Regency
"Br Pande Blahbatuh Gianyar Bali,ᬩᬮᬿᬩᬜ᭄ᬚᬃᬧᬡ᭄ᬤᬾᬩ᭄ᬮᬄᬩᬢᬸᬄ",ChIJ75Ec-fIV0i0RjtyxbUtg9yc,Gianyar Regency
BR.KELOD KANGIN,ChIJQfeaOjoX0i0RPl0TNc0-gDo,Gianyar Regency
Balai Banjar Pausan,ChIJ90ySopOL0S0RatJvIDSk04k,Gianyar Regency
SD No 5 Tegallalang,ChIJlbM-7n4i0i0RuTuIh8xV5Dg,Gianyar Regency
SD NEGERI 7 TAMPAKSIRING,ChIJTXtYtWcY0i0ReOKwlRoIcVc,Gianyar Regency
SD N 1 KENDERAN,ChIJMUhN4XsY0i0Rqro6zJteJ5M,Gianyar Regency
SD 3 PUHU Payangan Gianyar Bali,ChIJD9RRBgAh0i0ROnxndxpbTBg,Gianyar Regency
SD N 3 Keliki,ChIJr83sUuoj0i0Rm0Mr4_rJE8w,Gianyar Regency
SD N 1 Taro,ChIJBZznpeAh0i0R9Hh4NlzeBYI,Gianyar Regency
SD NEGERI 6 TAMPAKSIRING,ChIJld5fXOwY0i0R35rBrYWmbqU,Gianyar Regency
SD NEGERI 1 TAMPAKSIRING,ChIJmaLZWusY0i0RN1Rg--kejzk,Gianyar Regency
SD N 3 TAMPAKSIRING,ChIJI04bAAAZ0i0Rlk30MSYg310,Gianyar Regency
SD Negeri 2 Tampaksiring,ChIJ1eaDO_UY0i0RE4I9iQS4zcg,Gianyar Regency
SD Negeri 1 Penglumbaran,ChIJST3QhqwZ0i0R1eaR5Yg29vs,Gianyar Regency
Sd N 1 Suwat,ChIJ82BjdIkX0i0Rz5U0wU3BUOU,Gianyar Regency
SD N 2 Sanding,ChIJMYu61GwY0i0R3fLD-kGbgrs,Gianyar Regency
SD N 4 Manukaya,ChIJN2jyt9oY0i0RJfRUZ3aVFtM,Gianyar Regency
SD Negeri 2 Puhu,ChIJC2gvxsIh0i0R29QG0G7uDpg,Gianyar Regency
SD Negeri 7 Manukaya,ChIJD7UtDEoZ0i0RgN0-B4qnDGY,Gianyar Regency
SD Negeri 2 Petak,ChIJBVJlgyQY0i0RAJyItQm23Gg,Gianyar Regency
SD NEGERI 6 MANUKAYA,ChIJU3xDjaMf0i0RVhYeTIPRX3k,Gianyar Regency
SD N 1 Bakbakan,ChIJg96VTIQX0i0RFEy8qUv4wbw,Gianyar Regency
SD N 1 PUPUAN,ChIJTQLYIRof0i0RUOc_sdFLIVc,Gianyar Regency
SD Negeri 4 Taro,ChIJZcDoiWYf0i0R8lFKcX36qTY,Gianyar Regency
SD Negeri 4 Pupuan,ChIJnZDHPxAf0i0RJhErWA-RsHg,Gianyar Regency
SD N 3 PETAK KAJA,ChIJ4XGT5hIZ0i0RT_INoimc7ms,Gianyar Regency
SD NEGERI 3 KERTA,ChIJ_Y55gSAh0i0RObwQb4oUcFU,Gianyar Regency
SD Negeri 5 Sebatu,ChIJefQKZaMf0i0RWS5Xlf54Yu0,Gianyar Regency
SD Negeri 1 Kerta,ChIJZ-1WfYof0i0RZlxCu6SAYA8,Gianyar Regency
SD Negeri 2 Pupuan,ChIJA52SrrUf0i0RtFlIUsczJII,Gianyar Regency
SD N 1 BLAHBATUH,ChIJs8wHiv1ZBAURBmOWrnD7Dr8,Gianyar Regency
SDN 4 Melinggih,ChIJ2WcmZk4i0i0RdjmhxxxD9m0,Gianyar Regency
SDN 2 Keliki,ChIJz7TySTAj0i0RZWPZPJX2lDk,Gianyar Regency
SDN 2 Melinggih Kelod,ChIJ57pTvf8i0i0RCHzubwciyOs,Gianyar Regency
SDN 4 Tampaksiring,ChIJrbQmmpIY0i0RHAhTgKuqfe0,Gianyar Regency
SDN 5 Tampaksiring,ChIJI4egfl4Y0i0Rw9xJf3C-KO8,Gianyar Regency
SDN 2 Buahan,ChIJL01TE6ch0i0Rl6W-x-I2u6E,Gianyar Regency
SDN 5 PUHU,ChIJq30zUtEh0i0RQK0V0MWWlik,Gianyar Regency
SDN.3Pupuan,ChIJr5c0EyEf0i0R5uw_LLJ5-s8,Gianyar Regency
SDN 1 Buahan Kaja Payangan,ChIJD4nffyoh0i0RXakO8GazRqo,Gianyar Regency
SDN 6 Taro,ChIJq6pqe5Ef0i0RSy9dFFC1sVU,Gianyar Regency
SDN 2 Singakerta,ChIJETcf-JY90i0RAluayNV7OIM,Gianyar Regency
SDN 2 KERTA,ChIJ8fv4LZch0i0RNL2DJxdvJ08,Gianyar Regency
SMK Negeri 1 Sukawati,ChIJy9Dp6rY_0i0RsW8Zc3VmG6M,Gianyar Regency
SMK Negeri 2 Sukawati,ChIJsw_q_rM_0i0RXJCAnxTUlU8,Gianyar Regency
SMK Negeri 3 Sukawati (KOKAR BALI),ChIJFYKud-4_0i0RLEPIQjwCJTc,Gianyar Regency
SMK Negeri 1 Gianyar,ChIJQeSJomMW0i0RvWeO99mRNlk,Gianyar Regency
SMK 1 MAS Ubud,ChIJQRMHRpI90i0Rkyrg3dM7jxI,Gianyar Regency
Kantor Perbekel Tegallalang,ChIJuyeDt4Mi0i0RvYXD2IAiUd8,Gianyar Regency
Kantor Perbekel Desa Celuk,ChIJ0e6PszE-0i0RLzG-o_3BK4Y,Gianyar Regency
Kantor Perbekel Kenderan,ChIJvWoyOnkZ0i0RgJ0g20Tl_9w,Gianyar Regency
Kantor Perbekel Desa Pejeng Kelod,ChIJbzu5Q8kX0i0RqutTR8C7Jg4,Gianyar Regency
Kantor Perbekel Desa Batuan,ChIJGdYeJRk-0i0RDFErMwbLa9E,Gianyar Regency
Banjar Tegal,ChIJ5ZHwepMW0i0R-rVdyFrl218,Gianyar Regency
Banjar Hall Kembengan Tulikup,ChIJUTfFpcEW0i0RhWrOO8VjxrM,Gianyar Regency
Balai Banjar Bukit Jangkrik,ChIJJx30ke8W0i0Rme86XwlXbYo,Gianyar Regency
Bale Banjar Kesian,ChIJY4j-vigU0i0RFKaTLXXaDWc,Gianyar Regency
Balai Banjar Satria Tulikup,ChIJPbfZXk4X0i0R8Enuf1S2kTI,Gianyar Regency
SMK Pariwisata Sila Chandra Batubulan,ChIJv0g3hcY_0i0RTvF-GiYAclQ,Gianyar Regency
SMK Werdhi Sila Kumara,ChIJM2P9vsQ90i0R_XYiLi43fZU,Gianyar Regency
SMK Pariwisata Kertayasa,ChIJYbV37Kk90i0RKNv4C0N09eI,Gianyar Regency
SMK Pgri 1 Gianyar,ChIJSw0d-nwW0i0RUQBetLtjxn8,Gianyar Regency
Tampak Siring Public Professional School 1,ChIJ--pwFN0X0i0RaFaWCiJxpE4,Gianyar Regency
SMK Pariwisata Ganesha Ubud,ChIJ330YzZ490i0Rrr8n9Z8cD1I,Gianyar Regency
SMK Ratna Wartha - SMK SMSR Ubud,ChIJC78VDzw90i0R0bl6g5IeW88,Gianyar Regency
SMK Pariwisata Budaya Bedulu,ChIJpziiHC0W0i0RZl5QvnEbUxc,Gianyar Regency
SMK Ubud,ChIJ32dc8QA90i0Rx_nG_NMm2ec,Gianyar Regency
SMK Kesehatan Maharishi,ChIJGTPP4TAW0i0RX0kQOEULZvI,Gianyar Regency
SMK PGRI 2 GIANYAR,ChIJ14p_piwX0i0RsA-pO-7hTaI,Gianyar Regency
SMK VIDYA NUSANTARA,ChIJS2gD_RQX0i0RN2xQ-qvikTA,Gianyar Regency
SMK Saraswati Gianyar,ChIJpdWa-YYX0i0RYA8_yZNJJt4,Gianyar Regency
SMK Saraswati 1 Gianyar,ChIJGV56TIIW0i0RvpEJmMawdMg,Gianyar Regency
Museum Puri Lukisan,ChIJMU6ErGo90i0RAoTslrmr-Bw,Gianyar Regency
Neka Art Museum,ChIJ--2uiBI90i0ROpqB_tx0Kg8,Gianyar Regency
Agung Rai Museum of Art,ChIJw9lGTXQ90i0RONY615P93hc,Gianyar Regency
Museum Arkeologi,ChIJKe9omrcX0i0R60V-3HiE-KE,Gianyar Regency
The Blanco Renaissance Museum,ChIJPQXw4T090i0RCcZaEyy2xwM,Gianyar Regency
Museum Runa,ChIJK1x97L090i0RWVICam_nBuw,Gianyar Regency
Museum Rudana & Rudana Fine Art Gallery,ChIJm5Osf0Y90i0RXzzTxWdRxDk,Gianyar Regency
Tjokot's Museum,ChIJka6pIzsf0i0RrNm7M0p19dg,Gianyar Regency
Rudana Museum,ChIJp3AFcQA90i0RkG1RCJsXUUI,Gianyar Regency
Pacung Rice Terrace,ChIJu4o7aRsn0i0RgVEgralaPXo,Gianyar Regency
Tama Gallery,ChIJKzj1wME90i0RGC0s9NUHRT0,Gianyar Regency
Bale Banjar Br.Payangandesa,ChIJv94fb_0j0i0R3cluITRw4q4,Gianyar Regency
yay mandala home of indonesian art,ChIJV6ZPHgAj0i0R1JH8cFv7MMk,Gianyar Regency
ART WOOD NIKINI,ChIJi0SCijw90i0R4QaZsW5pXbE,Gianyar Regency
Trio Sister Artshop,ChIJ9yiK8qsi0i0RDwVGYoIZPW0,Gianyar Regency
Alcollection,ChIJU8WSNVlF0i0RoUbNTKDYTeQ,Gianyar Regency
Pura Penataran Agung Pasek Gegel Paneca Payangan,ChIJqdri7eUj0i0RGRiQbLkTqC4,Gianyar Regency
Museum sebelah bebek tepi sawah,ChIJJXwJCwA90i0R4d0HiAIFFkw,Gianyar Regency
Ubud Fairy Village Café,ChIJYbA0uP490i0RiOTEYxO676g,Gianyar Regency
PURA DALEM KEDISAN,ChIJgbEMFmYZ0i0RzvEOv6f_1Po,Gianyar Regency
Museum of Art Jero Bang Pinatih,ChIJQUYiR8MY0i0RYndjO8AuWs0,Gianyar Regency
Galeri Lukisan Ubud,ChIJwdvBnX490i0RZnbN-7I-dio,Gianyar Regency
Kecak & Fire Dance at ARMA Museum,ChIJi3_OWj890i0RtiiqSHVg9ck,Gianyar Regency
Damping Gallery,ChIJr93gS2o90i0RLDE_GA0yUrA,Gianyar Regency
"Dadia Bandesa Manik Mas , Br.Kawan,Mas,Ubud",ChIJFTj3QEI90i0RToqNLfJQT6w,Gianyar Regency
Sarcophagus Marga Tengah,ChIJd5zshgP10S0RUSamsfn-QuM,Gianyar Regency
"Puri Pancer Jagat, Petak Kaja, Gianyar",ChIJwaicOFAY0i0RaIH7gxLfBKk,Gianyar Regency
ArmaOpenstage,ChIJ_xrjaAA90i0RedB57x0GsQw,Gianyar Regency
Krishna Garuda,ChIJM9vWJgoi0i0RNxkMdGqXmjM,Gianyar Regency
Dr.Philoart Villa Sawah,ChIJEYYFHxc90i0RLgzMkoBon0E,Gianyar Regency
Studio Made Djirna,ChIJryTa6_w90i0RB9UapYG-kP8,Gianyar Regency
Mudana art galeri,ChIJ9eRz7kw90i0RwUSHM3Gcx-4,Gianyar Regency
Puri Ageng Manggis Tegallalang,ChIJTTTktR4j0i0RSoIkA_HtgbM,Gianyar Regency
Njana Tilem Museum,ChIJyfbd84090i0RbxVbF_nxUWQ,Gianyar Regency
Jerokawan I Gusti Ngurah Aryana,ChIJufwhH2g90i0RuS_HZJ0yOQ0,Gianyar Regency
Komunitas Seni Gedig Samur,ChIJDesbOm8X0i0RNIwCoFfag-A,Gianyar Regency
Rumah wira,ChIJfQQ9DwAX0i0RDabBmXmAvYU,Gianyar Regency
Bale Banjar Tedung Sari Damai Gianyar,ChIJOyjUWYcX0i0ROYGa-FXAAYg,Gianyar Regency
Balai Banjar Sampiang Gianyar,ChIJA4U6bV8W0i0RTX6vrIYQ00U,Gianyar Regency
Banjar Sengguan Kawan Gianyar,ChIJF9cGo18W0i0ROg4n0nKX-3w,Gianyar Regency
Banjar Dinas Kutri,ChIJ_ebGuRUW0i0RMKqXmaPPcv4,Gianyar Regency
Jero kaja kangin samplangan,ChIJnzojAMEX0i0R4u14jXdpVOQ,Gianyar Regency
DINAS PENDIDIKAN KAB.GIANYAR,ChIJf5poKwAX0i0RIOjJQwLd3bY,Gianyar Regency
Balai Subak Temesi,ChIJuyUIVJkW0i0RaXG48agug-s,Gianyar Regency
Banjar Pasdalem Belega,ChIJrSrmSEoV0i0RGaplsnK_Fig,Gianyar Regency
"Banjar Buruan, Blahbatuh, Gianyar",ChIJe-GEIAAX0i0RCk3-W-J-76E,Gianyar Regency
Roban Banjar Tulikup,ChIJaWnkn6MW0i0R9w6SUEffV4k,Gianyar Regency
Pemberdayaan Dan Kesejahteraan Keluarga (PKK) Banjar Lebah,ChIJYwNXb8wV0i0RvcjQCm7h1bM,Gianyar Regency
Banjar Margasengkala,ChIJR7ZEeQAX0i0RDn8C0fdsqMA,Gianyar Regency
Br.gelgel Keramas,ChIJ_____84V0i0RMPIoxIALrZE,Gianyar Regency
Banjar Tiapi,ChIJA3iM7B4X0i0R0nccl1JAcCA,Gianyar Regency
Balai Br. Kawan Bonbiyu,ChIJjfB0ywsV0i0Ru3YP07Vfdss,Gianyar Regency
"Banjar Pande Kaja, Tulikup",ChIJl07I5aMW0i0R4STgzhqSCso,Gianyar Regency
Br Dinas Belega Kanginan,ChIJ2X-mCbYV0i0Rk06a__brK_A,Gianyar Regency
Nani Wijaya,ChIJB7_NeAAX0i0RK3EMHwK__UA,Gianyar Regency
Banjar Jasri,ChIJj_ne0HAV0i0REOwzHzGPOt4,Gianyar Regency
SXM BASE CAMP,ChIJVYO8hc0V0i0REoP6uYwfv7w,Gianyar Regency
Banjar Meranggi Tulikup,ChIJ63cOt70W0i0RbN_YA4UaKV4,Gianyar Regency
Balai Subak Desa Lebih,ChIJpUlBGQAV0i0RPxuJJD6DNEs,Gianyar Regency
Banjar Tengah Bedulu,ChIJL8yk0eEX0i0RXVYVrvcKMHU,Gianyar Regency
"Banjar Dukuh, Desa Sidan",ChIJ6eZdndAX0i0RGZZXKlvHsnI,Gianyar Regency
Br selat siangan gianyar bali,ChIJ747_YwAX0i0RKTPS7Tssllg,Gianyar Regency
samantiga,ChIJx7BsDtwX0i0RLJ_O6hJuIMs,Gianyar Regency
Bali Semadi,ChIJfUyOBQAX0i0RPcE3HsDj76o,Gianyar Regency
Bale Banjar Lokaserana,ChIJhdZMDuAX0i0RGugHxhAznL8,Gianyar Regency
Banjar Ngenjung Sari Bakbakan Gianyar Bali,ChIJZXyPdG4X0i0RXHjvfDKDNKg,Gianyar Regency
Banjar Teges Desa Adat Tengkulak Kaja,ChIJf0fUvPUX0i0RaASdE9kBB6E,Gianyar Regency
"Banjar Tengah, BONBIYU - SABA",ChIJo-aZwmkV0i0R6Cw6MEJW5KE,Gianyar Regency
"Pejeng Kawan,Br.Dukuh Kawan",ChIJ5UsfF3090i0RhLIpCDZo7dc,Gianyar Regency
"Banjar Adat Sumampan, Desa Adat Sumampan",ChIJT0uuqzcX0i0RHi2yq1GCOSE,Gianyar Regency
Banjar Tatiapi Kelod,ChIJl2oGytkX0i0Rw3HTeYMlnKk,Gianyar Regency
Azella House,ChIJmagRHQAV0i0RuTjtsBp36Uo,Gianyar Regency
Banjar Sala,ChIJ4b8oHgA90i0RORpBL6Ht0ng,Gianyar Regency
Crossroads,ChIJNXdtrgTOdUgRX2ubmVIQ-lQ,Godalming
Puskesmas pembantu,ChIJb5HGcQUveTIRNEawN_wsCTg,Gorontalo Regency
Puskesmas Pembantu,ChIJ12erLwAreTIR1S3I0kTVlyA,Gorontalo Regency
Puskesmas Pembantu,ChIJVVVVFXIseTIRBtO2VWdQmoM,Gorontalo Regency
Bangunan Bersejarah,ChIJZ6Bh_JgteTIR2B6B9j7sqE0,Gorontalo Regency
Cagar Budaya 'Bandar Tasik Selatan',ChIJURMb1s5V3y0RiR-fgaK5oyY,Gresik Regency
Cagar Budaya Mbah Lebih,ChIJyQu3RhL9dy4REcFDoa_j_bQ,Gresik Regency
Puskesmas Pembantu ( PUSTU ),ChIJQ-4HkbqjcC4RdmnH-9jlWuY,Grobogan Regency
Crossroads,ChIJ6Q6WeMXbdUgR52u4hTSgjQo,Guildford
Crossroads,ChIJ2xRNv3j5iYgR01y_Td-aZgc,Guntersville
BENDA CAGAR BUDAYA,ChIJIUdBiM6zey4RQCl4aYWRX4Q,Gunungkidul Regency
Bendungan,ChIJEwEd9rC0ey4R2VKCe03A5-Q,Gunungkidul Regency
Bendungan,ChIJOXJUk2s2ei4R38ycNG0gTgc,Gunungkidul Regency
Bendungan,ChIJWbG69720ey4R3CB-maLAkKQ,Gunungkidul Regency
Puskesmas Pembantu,ChIJXYDvQyavey4RXnVhOPSenbE,Gunungkidul Regency
Puskesmas Pembantu Dadapayu,ChIJ01gjTy-2ey4R3lVWj_YVUQ4,Gunungkidul Regency
Perempatan sumber,ChIJZ-sYTaqvey4R5N-drGMtp0c,Gunungkidul Regency
Perempatan tambak,ChIJrQrsyn2vey4R8ZxUpaEZ5mk,Gunungkidul Regency
Arjun nagar Obaidulla ganj madhya pradesh,ChIJ04eBLgAj0i0RVfjPnQ79BSw,Gurudware
Crossroads,ChIJ3x5X1akycEgR_jQT_HQ3JB4,Hereford
Crossroads,ChIJlU4eMxpMcEgRb3Axfpewlus,Hereford
Crossroads,ChIJF-eWsKZOcEgRWhj7-xldG8o,Hereford
Crossroads,ChIJsRnDMsYxcEgRgo-jh4AD03g,Hereford
Crossroads,ChIJ25Z-f4u1cUgRF8rQxNQ8D2s,Hereford
Crossroads,ChIJHauf3ivHfUgRNCXv9rGzspo,Hexham
Crossroads,ChIJGwFFtp-4fUgR-iqISWd_WyQ,Hexham
Crossroads,ChIJFaUvFC2R10cRyirS1l5-Fxk,Hunstanton
Crossroads,ChIJfQcZbMfteUgRg23t-aDVAQA,Ilkeston
Kantor UPTD BALAI PENGAWASAN DAN SERTFIKASI BENIH PROV. PAPUA,ChIJd5_eWIQW0i0ReXj4FNS1bxg,Jayapura
SD Negeri Kepatihan 06 Jember,ChIJKVvHkCWU1i0RbLj8hRrigr8,Jember Regency
SDN Slawu,ChIJzWi7rEOU1i0Rs338XX48j1Y,Jember Regency
SD Negeri Kaliwates 02,ChIJsX6z4qmW1i0RNW-lPPbm3CQ,Jember Regency
Balai Desa Kencong,ChIJzfTuVqNi1i0RE4Os_r7FETk,Jember Regency
SMP Negeri 1 Negara,ChIJb2pP7Ati0S0R-vcpdrm0hlI,Jembrana Regency
SMP Negeri 3 Negara,ChIJgYeaAhti0S0R746YPTmpzbQ,Jembrana Regency
SMP Negeri 2 Mendoyo,ChIJ_4NxBGPY0y0R0imVcvsWsXw,Jembrana Regency
SMP Negeri 2 Negara,ChIJW7XYbABi0S0RWrIR5lsaRQM,Jembrana Regency
SMPN 4 Mendoyo,ChIJT2-NxhLY0y0RC9_wrbJKcgc,Jembrana Regency
SMP Negeri 1 Mendoyo,ChIJC_07r8V80S0R_lHdonb-0DQ,Jembrana Regency
SMP Negeri 5 Negara,ChIJfbKShBzZ0y0RM1TQI2KrM1o,Jembrana Regency
SMP Negeri 3 Melaya,ChIJ6e-IvxBh0S0RiMWuDbd97-Y,Jembrana Regency
Smp Negeri 6 negara,ChIJ3VRalznf0y0RbXc5qb8VXfs,Jembrana Regency
SMP Negeri 3 Mendoyo,ChIJq_nD2a_X0y0RTvTX2DYqmOQ,Jembrana Regency
SMP Negeri 4 Negara ᬲ᭄ᬫ᭄ᬧ᭄ᬦ᭄᭔ᬦᭂᬕᬭ᭟,ChIJ8SGjMi1g0S0RLx53z6iXOuY,Jembrana Regency
ᬲ᭄ᬤ᭄ᬦ᭄ᬦᬲᬶᬬᭀᬦᬮ᭄ᬫᭂᬮᬬ᭟ SMP Nasional Melaya,ChIJS7gKBqVh0S0RYukfDvy2omo,Jembrana Regency
RMC+,ChIJM0f5ws3Z0y0RQA6S0asfmnY,Jembrana Regency
SMP Negeri 1 Melaya,ChIJgdAes7hd0S0RKMNT21rLQiY,Jembrana Regency
SMP Negeri 2 Melaya,ChIJUciXBIVg0S0R6eyriaxiR2E,Jembrana Regency
SMPN 2 Tirtayasa atau SMPN Duta,ChIJRcmxgR9h0S0RPccJ8l8mUqY,Jembrana Regency
SMP Negeri 1 Pekutatan,ChIJ-3X4knnU0y0RL360vqOU-HY,Jembrana Regency
SMPN 2 TIRTAYASA,ChIJs8D7DwRh0S0RBLc0gp6A7zE,Jembrana Regency
SMP Widya Pura,ChIJuUa-PApd0S0RZbthfK5sct0,Jembrana Regency
SMP NEGERI 5 MELAYA,ChIJ4R28L2Nn0S0R5O-y3jsr6x8,Jembrana Regency
Junior High School State 4 of Melaya,ChIJHZISdlVj0S0RBv9nz4BmMbw,Jembrana Regency
TK NEGERI PEMBINA KECAMATAN MENDOYO,ChIJm9t96xLY0y0RvpMLivc97s8,Jembrana Regency
SMP Negeri 5 Mendoyo,ChIJpYRQYHnW0y0RcDhFWHE6C2k,Jembrana Regency
SMPN 2 Pekutatan,ChIJPb7DnDjT0y0RmWiyIwvBGLQ,Jembrana Regency
Wayan's Taylor,ChIJqVIwb7Nj0S0RyY4sfbFITPk,Jembrana Regency
SMK Negeri 1 Negara,ChIJVdKNzSBi0S0RdHlq9PUqN24,Jembrana Regency
WARUNG NUSANTARA,ChIJ_xHlBABj0S0RH-3FMGbeGAU,Jembrana Regency
WARUNG WIFI (WAFI),ChIJZ0O2xrtj0S0RMNDeUuaodow,Jembrana Regency
Kadek home satria,ChIJS9gXk0Bj0S0Ri8mYvgFQj8c,Jembrana Regency
MTs Negeri 2 Jembrana,ChIJFSTtFZDW0y0RpQ7zX-wNsLc,Jembrana Regency
Merajan Rumpun Kompyang Puri Andul,ChIJiygx5HzY0y0RJBuCm9VWxDI,Jembrana Regency
Museum Manusia Purba Gilimanuk,ChIJVXRZNoVD0S0R0fAMQsTp6Ls,Jembrana Regency
Pantai Candikusuma,ChIJBx2u_xte0S0R-FTCqwXoApo,Jembrana Regency
Secret Bay,ChIJzcZSpI9D0S0RNP_ehD1NHxw,Jembrana Regency
KANTOR PERBEKEL DESA PANGYANGAN,ChIJYQ5bzH_T0y0RM5GyReDy6i0,Jembrana Regency
Kantor Kepala Desa Penyaringan,ChIJcQ5prh7Y0y0RzKE3vV1pJ94,Jembrana Regency
Village Head Office,ChIJHczH-eDY0y0RJyxwHT9mLD0,Jembrana Regency
Kantor Kepala Desa Yeh Embang,ChIJwbiwiq7X0y0RzjVy6mjyj7Q,Jembrana Regency
Rumah Pak Gede Surianta,ChIJm8914GnV0y0RlsoJt0F5IYc,Jembrana Regency
KANTOR PERBEKEL DESA PERGUNG,ChIJdeBI5mjZ0y0Rd7IyB1rogCs,Jembrana Regency
Pos Pelayanan Hukum dan HAM (Posyankumhamdes) Desa Yeh Embang,ChIJJ9jaXATX0y0RzKdUaGs7F9E,Jembrana Regency
KANTOR PERBEKEL DESA BATUAGUNG,ChIJJ50LKIhj0S0RexDfO_TxKko,Jembrana Regency
DESA DANGIN TUKADAYA,ChIJvWdPLHRi0S0R-I1IUNEeEkg,Jembrana Regency
Kantor Kepala Desa Pulukan,ChIJ09mw9jnU0y0RxKq9bYH1Mqk,Jembrana Regency
Kantor Kepala Dusun Ketiman,ChIJ62iqRedg0S0Rl9-zcMX44qo,Jembrana Regency
Kantor Kepala Dusun Moding Kaja,ChIJl5otZ01n0S0RMTztVW-TRMg,Jembrana Regency
KANTOR PERBEKEL DESA TUKADAYA,ChIJVT-fu4pg0S0RVhZbj5HzSnc,Jembrana Regency
Kantor Lurah Loloan Timur,ChIJC_1CvKnY0y0RChLBtS3zEQQ,Jembrana Regency
Kejaksaan Negeri Jembrana,ChIJqYUfMQli0S0RQQYgcKbEykA,Jembrana Regency
SD Negeri 1 Loloan Barat,ChIJ2aVg_bjZ0y0RsXTFx8yC4-Q,Jembrana Regency
SD Negeri 1 Lelateng,ChIJj8uJNQBi0S0RPoCoHO9RouA,Jembrana Regency
SD Negeri 2 Loloan Barat,ChIJs6MM2KrY0y0RmuVTvwtn5Xo,Jembrana Regency
SD Negeri 2 Lelateng,ChIJ33ONNQBi0S0RTqALPu1iDeY,Jembrana Regency
SDN 3 Lelateng,ChIJ57xC1wNi0S0R2WpdcGR4Fws,Jembrana Regency
MI Swasta Al Irsyad,ChIJKSqHmv9h0S0R5nPK2hIl-2M,Jembrana Regency
SD Negeri 1 Loloan Timur,ChIJ4YtJbqnY0y0RciUSBgIyK8o,Jembrana Regency
SDN 2 Banjar Tengah,ChIJh2pUE_hh0S0RX_lsk4OkWFY,Jembrana Regency
SD Negeri 2 Loloan Timur,ChIJueu6ZTxj0S0RNpCKpQASAEM,Jembrana Regency
SD NEGERI 1 BANJAR TENGAH,ChIJ29H_L_hh0S0Rj0oIRrswh80,Jembrana Regency
SDN No 3 LOLOAN TIMUR,ChIJy7bk1avY0y0RbKqBBFthx_s,Jembrana Regency
SD Negeri 3 Pendem,ChIJux_7pgRi0S0RTxGBrGav0Ak,Jembrana Regency
Anemone Lelateng,ChIJEwX-3wRj0S0RWlO_OwUlo4M,Jembrana Regency
SD N 4 PENDEM NEGARA BALI,ChIJPdwBLhti0S0RWi_qU90e9TE,Jembrana Regency
SD Negeri 3 Banjar Tengah,ChIJPSJ_7Mxh0S0RdHZkmuBkomk,Jembrana Regency
MIN 3 Jembrana,ChIJi1-QmKnY0y0R9StorfptZgg,Jembrana Regency
Gedung Dakwah Muhammadiyah Jembrana,ChIJN9du-ANj0S0RWp3uGyFNWmk,Jembrana Regency
SD Negeri 1 Baler Bale Agung,ChIJEWQrQRxi0S0RxlvUcbnsrTI,Jembrana Regency
Sd Negeri 6 Pendem,ChIJK2Z7PBxi0S0RQyRjB-C47BU,Jembrana Regency
MI AL MAYMUN NEGARA,ChIJ43NiUSth0S0R8NihmcpZScI,Jembrana Regency
SD Negeri 5 Pendem,ChIJKwJw9Bti0S0RpyJmreCKpNI,Jembrana Regency
SD Negeri 4 Baler Bale Agung,ChIJX_lr8vVh0S0RvyAC6T6-7vU,Jembrana Regency
SD Negeri 6 Dauhwaru,ChIJI5gQFAli0S0Rk8apuiTiR84,Jembrana Regency
SD Negeri 3 Baler Bale Agung,ChIJ85CfwQJj0S0RUHSVJDNt6sM,Jembrana Regency
SD Negeri Budeng,ChIJH3vTzhDZ0y0R48x2leRFB4U,Jembrana Regency
Sd Negeri 2 Gilimanuk,ChIJCXvuT5lA0i0RUbdJBgqXGp8,Jembrana Regency
SD Negeri 3 Dauh Waru,ChIJc1pKEQti0S0R5bgw-Q7OEbI,Jembrana Regency
SDN 6 Pendem,ChIJn2fIgLtj0S0RniDhxtJo4N8,Jembrana Regency
SD Negeri 1 Batuagung Jembrana,ChIJbVszsgxi0S0Rzh4ZeUKF9kM,Jembrana Regency
Sd Negeri 6 Dauhwaru,ChIJ8c8aoApi0S0RxNGu4xFX4ms,Jembrana Regency
"SDN 4 Lelateng, Jembrana",ChIJPTt8pkbf0y0R7oliuD0M_WU,Jembrana Regency
SDK Marsudirini,ChIJk3ox_wti0S0RFcFCw_P1Lt8,Jembrana Regency
SD 1 Kaliakah,ChIJgVZ3S-1h0S0R35n2q7ZiGXw,Jembrana Regency
SDN NEGERI 5 BB AGUNG,ChIJCb3zegBj0S0REgsyZORC3TY,Jembrana Regency
SD1 Dauhwaru,ChIJx5Ssc3Ni0S0R-qe4iCxfD9k,Jembrana Regency
SD Negeri 1 Dangin Tukadaya,ChIJWa9Rqd5j0S0RyxKwfELCTTg,Jembrana Regency
SDN 2 Tegal Badeng Barat,ChIJldPznd9h0S0RakS0onkAq1g,Jembrana Regency
SD Negeri 4 Dauhwaru,ChIJPfg8TJpj0S0Rs3q9FPVo180,Jembrana Regency
SD Negeri 2 Baluk ᬲ᭄ᬤ᭄ᬦ᭄᭒ᬩᬮᬸᬓ᭄᭟,ChIJE2Er-udh0S0Rk_GSU76j1ts,Jembrana Regency
SDN 5 BALUK,ChIJi09xXnhh0S0RvMDCGxxXngc,Jembrana Regency
SD Negri 6 Batuagung,ChIJW-7yoWxi0S0RGE_8r6YD9gE,Jembrana Regency
SD Negeri 4 Batuagung,ChIJU_H7jedj0S0RefktP8HjGNE,Jembrana Regency
Rumah Dea,ChIJiUN9AQBj0S0RYgK_QSvfnLA,Jembrana Regency
SD Negeri 1 Perancak,ChIJf2aQt9TY0y0RmYQ6EMfl1ig,Jembrana Regency
SD NEGERI 2 SANGKARAGUNG,ChIJC7ICMhHZ0y0Ra5WIQGOJMbU,Jembrana Regency
SDN 2 Perancak,ChIJg_UB9Cvf0y0RxpuTWgdUDY4,Jembrana Regency
SDN 1 Pendem,ChIJ4-lvmcRj0S0R5hc7bcsUbSY,Jembrana Regency
Yellow Water Two (Publvc Elementary School),ChIJGSgLG4HZ0y0RtA5WDgDHsKU,Jembrana Regency
SD NEGERI 1 SANGKARAGUNG,ChIJgTw1gi7Z0y0RXhxl0OxKQLY,Jembrana Regency
Banyubiru Elementary School,ChIJy1U7RMdh0S0RuGmSUwvg3sM,Jembrana Regency
SD Negeri 5 Kaliakah ᬲ᭄ᬤ᭄ᬦ᭄᭕ᬓᬮ᭄ᬬᬓᬄ᭟,ChIJ9UnVBZth0S0RLJV16okQxkw,Jembrana Regency
Sekolah Dasar Negeri 3 Dangintukad Aya,ChIJi7XiYOdj0S0Ry9GX10XsUk8,Jembrana Regency
Sekolah Dasar (SD) Negeri 03 Banjar Tengah,ChIJBQbvqGLf0y0RQNiYPRnhBI4,Jembrana Regency
SD Negeri 4 Baluk,ChIJ65iwHF5h0S0RQ7b5KEwFOzM,Jembrana Regency
SD Negeri 1 Tegalbadeng Barat,ChIJicGGgAnf0y0RzYWQaiCvwWU,Jembrana Regency
SD Negeri 5 Dauhwaru,ChIJyUn_oMNj0S0RLjSQoOo_6H4,Jembrana Regency
SDN 2 MENDOYO DANGIN TUKAD,ChIJhd4DCsPZ0y0RBe_P76CsbCU,Jembrana Regency
SD Negeri 3 Kalialah ᬲ᭄ᬤ᭄ᬦ᭄᭓ᬓᬮ᭄ᬬᬓᬄ᭟,ChIJU--2wk9h0S0RxisC4kZ4B2U,Jembrana Regency
SD negeri 5 batuagung,ChIJ1zFV8y9j0S0RCVV2QR4dIyI,Jembrana Regency
SD Negri 1 Pengambengan,ChIJq3Jl2XLf0y0RaO7JsUjBzcc,Jembrana Regency
MIN 7 JEMBRANA,ChIJq4V5Rf3f0y0R7_7U8N4DAdU,Jembrana Regency
SDN 1 Berangbang,ChIJ28xgJdBh0S0RtPZX8m5yndU,Jembrana Regency
SD N 2 Baler Bale Agung,ChIJp5dqmJ5h0S0RWsH5A3dB4xQ,Jembrana Regency
MI Mutiara Hati Negara ᬫ᭄ᬇᬫᬸᬢ᭄ᬬᬭᬳᬢᬶᬦᭂᬕᬭ᭟,ChIJlfAf7pxh0S0RSDum4EkkJG8,Jembrana Regency
SDN 1 Mendoyo Dgn Tukad,ChIJ062Wk3zY0y0RFQepR4hJJUQ,Jembrana Regency
SDN 2 Dauhwaru,ChIJ10TbMMtj0S0RgIWHxlsY_S0,Jembrana Regency
"Ibu' yanti, Tempat Les khusus SD",ChIJV0Ndhq3Z0y0RG8KkVZLQN40,Jembrana Regency
SD N 4 BERANGBANG,ChIJ5ZfPz2Jh0S0Rc_mmRy9tS6E,Jembrana Regency
Ibuk IRA,ChIJJwP5GwDZ0y0RDJ2gHIGhC4g,Jembrana Regency
SDN 3 Pengambengan,ChIJv16iZxjf0y0RuaRWG5Qyrmw,Jembrana Regency
SDN 3 Tegalbadeng Barat,ChIJayGBq3vf0y0RKOokJhUIKbQ,Jembrana Regency
Sekolah Dasar Negeri 2 Dangintukadaya,ChIJHyxv7LVj0S0RfTGeTvSQwAQ,Jembrana Regency
SD Negeri 2 Pendem,ChIJ5xKg49Bj0S0RNXnjkCMj7X4,Jembrana Regency
SD Negeri 2 Kaliakah ᬲ᭄ᬤ᭄ᬦ᭄᭒ᬓᬮ᭄ᬬᬓᬄ᭟,ChIJWeSux1Rg0S0RDr1L9xBvUSI,Jembrana Regency
Man 1 Jembrana,ChIJ__-zSQ9i0S0RofPnU3PHTvg,Jembrana Regency
SD Negeri 1 Cupel,ChIJ0btQp3Vh0S0Rz_4gKo5FjA8,Jembrana Regency
SD Negeri 1 Baluk ᬲ᭄ᬤ᭄ᬦ᭄᭑ᬩᬮᬸᬓ᭄᭟,ChIJnx6P6Mxh0S0RlwE7Z4h_c2Q,Jembrana Regency
SDN 1 AIRKUNING,ChIJhX4x6QjZ0y0RfgQQBMBDVMw,Jembrana Regency
SD Negeri Delodbrawah,ChIJ2e4KbI_Z0y0RVS3V4-HoHss,Jembrana Regency
SDN 1 Mendoyo Dauh Tukad,ChIJP4Ahi3_Y0y0Rc9J5JRC1tFk,Jembrana Regency
SDN 3 Banyubiru,ChIJhyAgFKZh0S0RiTrccsd_b1U,Jembrana Regency
Madrasah Ibtidaiyah Negeri Air Kuning,ChIJBYiF8tTY0y0Rkb7xVGJjBQo,Jembrana Regency
SD Negeri 4 Manistutu,ChIJJ8SsaARh0S0REE7f1BqN2CE,Jembrana Regency
SD Negeri 1 Pergung,ChIJvyhDjW7Y0y0R3pk_-vX01BQ,Jembrana Regency
SDN 4 Kaliakah,ChIJrwfjOyVh0S0RBM8fA-uWdjM,Jembrana Regency
Sekolah Dasar Negeri 1 Manistutu,ChIJO6GBFWRh0S0RQEYtVHIXaww,Jembrana Regency
SMA Negeri 2 Negara,ChIJb3EolBFi0S0RvEkdeXgjSe4,Jembrana Regency
SDN 2 Pengambengan,ChIJGX8k5RHf0y0R64QvenWfuYA,Jembrana Regency
SD Negeri 3 Manistutu,ChIJo0B-f-Bh0S0R--FmBS8FkpI,Jembrana Regency
SD Negeri 4 Tegalcangkring,ChIJXySxNa_Z0y0RrnLzaqHSTVM,Jembrana Regency
SDN 1 Pohsanten,ChIJD-0d_XfY0y0RVpb1YU5C1Yo,Jembrana Regency
SD Negeri 3 Berangbang,ChIJaQgNuflh0S0RaLsJ5VDVMBk,Jembrana Regency
Sdnegeri 3 Batuagung,ChIJD-PH2qpj0S0RUqQp74H3YM8,Jembrana Regency
SD Negeri 2 Cupel,ChIJw1WY4IRh0S0RaXF50w-6lbg,Jembrana Regency
SDN 5 Berangbang,ChIJebyeg11h0S0R02P1Xlf6BM8,Jembrana Regency
SD NEGERI 6 MANISTUTU,ChIJs0cz5SFh0S0RWY7_0n8bBQs,Jembrana Regency
MI Darussalam,ChIJo3JLuy3f0y0RZddaXtO_6OM,Jembrana Regency
SD 2 Mendoyo Dauh Tukad,ChIJa5Y_Cvti0S0RgZeqo4TuGNI,Jembrana Regency
SD Negeri 2 Pohsanten,ChIJNQWLZPlj0S0RX4SG3WdaTH8,Jembrana Regency
SD NEGERI 6 TEGALCANGKRING,ChIJvX2bQG3Z0y0RbP8GdA9jt8k,Jembrana Regency
SD Negeri 1 Tukadaya,ChIJFSODozxh0S0R0bQ897GemIg,Jembrana Regency
SDN 4 POHSANTEN,ChIJjxw9LSfZ0y0RR1qnnlY3meU,Jembrana Regency
Sekolah Dasar Negeri 5 Manistutu,ChIJdzXJJ5xn0S0R-2ynrFvscdM,Jembrana Regency
SD NEGERI 2 TEGALCANGKRING,ChIJTWR-OBTY0y0Rut0ceMth5t0,Jembrana Regency
Sekolah Dasar Negeri 1 Penyaringan,ChIJPRRM8cR80S0R8gj0IcCISlc,Jembrana Regency
SD NEGERI 3 TUKADAYA,ChIJ91qVe5Ng0S0R8t3bpweFHxE,Jembrana Regency
SDN 1 Tegalcangkring,ChIJNx3ulBLY0y0Rlkczp5mWovw,Jembrana Regency
Office of Religious Affairs,ChIJpz9T0g5i0S0RYXMlR5NuryE,Jembrana Regency
SD Negeri 2 Banyubiru ᬲ᭄ᬤ᭄ᬦ᭄᭒ᬩᬜᬸᬩᬶᬭᬸ᭟,ChIJA6cYyrdh0S0R9Q_iwCEzzSI,Jembrana Regency
SD Negeri 5 Tukadaya,ChIJ8THIdMJg0S0RMiBCZlHIdLM,Jembrana Regency
SD Negeri 2 Penyaringan,ChIJ_dcKeFV90S0RnTHR3trvnh8,Jembrana Regency
SD Negeri 2 Tukadaya,ChIJA7jooy1n0S0RipiFsP6Ed1I,Jembrana Regency
SD NEGERI 4 CANDIKUSMA,ChIJpQCHN0tn0S0RVhDyQ7_fR7k,Jembrana Regency
SDN 5 Tegalcangkring,ChIJ9dnQkhLY0y0RL_GDe9teLac,Jembrana Regency
SD N 3 Pergung,ChIJjeC0BEZj0S0R-B9HTb6g_Fk,Jembrana Regency
SDN 2 Pergung,ChIJ4dbNKCJj0S0RBKP7FSms6Tw,Jembrana Regency
SD Negeri 3 Tegalcangkring,ChIJrYuGXPx90S0RWlIPFnzcxQQ,Jembrana Regency
SD Negeri 1 Tuwed ᬲ᭄ᬤ᭄ᬦ᭄᭑ᬢᬸᬯᭂᬤ᭄᭟,ChIJj8iQSpph0S0R6_vVxYWllHM,Jembrana Regency
SD NEGERI 1 WARNASARI,ChIJXVLIWzhn0S0RufPRMfJxn4s,Jembrana Regency
ᬲ᭄ᬤ᭄ᬦ᭄᭒ᬘᬦ᭄ᬤᬶᬓᬸᬲᬸᬫ᭟ SD Negeri 2 Candikusuma,ChIJWdWvK_Bh0S0RWCsXIpwdLuA,Jembrana Regency
SDN 6 Penyaringan,ChIJHXF8hE990S0RFtHjDc2Hbi4,Jembrana Regency
MIN Banyubiru,ChIJHTYJNVpg0S0RYdgFHmOmtzs,Jembrana Regency
SD NEGERI 1 CANDIKUSUMA,ChIJ2aUmfb5f0S0RL5ceuTk1H6k,Jembrana Regency
SD Negeri 4 Yehembang Kauh,ChIJKccOnNPX0y0RFOk1pLdPVsM,Jembrana Regency
SDN 3 Tuwed.,ChIJPe6GQoVg0S0RGYptL_1CO90,Jembrana Regency
SDN 5 Pohsanten,ChIJt_qPuDtj0S0RkM77-JsLhxw,Jembrana Regency
SDN 2 Warnasari,ChIJf007yFxn0S0R1ID9NofOwag,Jembrana Regency
ᬲ᭄ᬤ᭄ᬦ᭄᭒ᬫᭂᬮᬬ᭟ SD Negeri 2 Melaya,ChIJGfiaM5ld0S0RaHLAz58wXTk,Jembrana Regency
SD Negeri 6 Melaya,ChIJT7xfbBld0S0RHxXzkpZB9pw,Jembrana Regency
ᬲ᭄ᬤ᭄ᬦ᭄᭗ᬫᭂᬮᬬ᭟ SD Negeri 7 Melaya,ChIJE7g5TJ1d0S0RwbZMm5GUFVI,Jembrana Regency
SD N 1 Nusasari,ChIJabim8JRd0S0RFGoyTkm6YtY,Jembrana Regency
SDN 6 YEHEMBANG,ChIJB81agi7W0y0R2hYcKQn9pc4,Jembrana Regency
SD Negeri 7 Yehembang,ChIJJ9ltGyPX0y0RnMPAlh2ZbRM,Jembrana Regency
ᬲ᭄ᬤ᭄ᬦ᭄᭔ᬫᭂᬮᬬ᭟ SD Negeri 4 Melaya,ChIJL4wN4Gxn0S0ROGF5hAV6ETU,Jembrana Regency
SDN 1 Yehembang Kangin,ChIJaf-D21rW0y0R63um81fGDWI,Jembrana Regency
SD NEGERI 1 MELAYA,ChIJndD0kyRd0S0Ryj3CuuwOiR8,Jembrana Regency
Sd 2 Ekasari,ChIJLeNqOnln0S0RxsfB8LtYR4M,Jembrana Regency
SD BUDI RAHAYU PALASARI,ChIJ8dOrYQDZ0y0RRj1eYQRR7Cs,Jembrana Regency
SDN 2 Yehembang Kauh,ChIJwarIo8PX0y0R50yzj_7ABCI,Jembrana Regency
SDN 8 PENYARINGAN,ChIJMZ2noAHX0y0RrixjDTwI0Bw,Jembrana Regency
SD NEGERI 2 YEHSUMBUL,ChIJdZpvqwnX0y0RiMfTeIN08SY,Jembrana Regency
SD Negeri 1 YehSumbul,ChIJ0z3f4M_X0y0RZ5fuub6W974,Jembrana Regency
State Elementary Shcool no. 2 of Yehembang Village,ChIJ0aFRU3R90S0RphueenZbIi8,Jembrana Regency
Sdn 1 yehembang kauh,ChIJiYtBRSB90S0RiJPbyP-YlRI,Jembrana Regency
SDN 2 Nusasari,ChIJ6-a6BVld0S0R39eMj7_30v4,Jembrana Regency
SDN 3 Candikusuma,ChIJscsmcP5d0S0RjIOtjI-dxec,Jembrana Regency
SD Negeri 5 Yehembang,ChIJLQkLGKzX0y0RuTXn0xVzCs0,Jembrana Regency
SD Negeri 3 Melaya,ChIJ6ZEAxABd0S0RUxh47p5YlaM,Jembrana Regency
SDN 4 Yehembang,ChIJAfLIU7TX0y0Rr1BtOCcg6jI,Jembrana Regency
SMKN 2 Negara ᬲ᭄ᬫ᭄ᬓ᭄ᬦ᭄᭒ᬦᭂᬕᬭ᭟,ChIJ3705WS1g0S0R7K7TJOUDoB8,Jembrana Regency
Zhaff bimbel,ChIJ9XUmQ8vf0y0RtXEOOA-AcF0,Jembrana Regency
SD NEGERI 3 YEHSUMBUL,ChIJr2nFoQ3X0y0RTZHALBYu2vY,Jembrana Regency
SDK BUDI RAHAYU,ChIJ31B_Opdn0S0RNeQbFtcaWTs,Jembrana Regency
SMP WIDYA ASIH,ChIJBSToFbld0S0Rs0qp0dQc65E,Jembrana Regency
SDN 1 Medewi 2020,ChIJW6F5cwjX0y0RsA_89NBLlGI,Jembrana Regency
MIS AL-FATAH Melaya,ChIJXUb_u91d0S0R0WlOc0jYqAo,Jembrana Regency
Balai Banjar Munduk,ChIJdx7r13Ni0S0RQamn88T3SB0,Jembrana Regency
Balai Banjar Masean,ChIJhSpQhv5j0S0R1fY0_3HwvUE,Jembrana Regency
Balai Banjar Pancaseming,ChIJaRC7Kwhj0S0RgDhaKZx0lmQ,Jembrana Regency
Bale Banjar Tegal Asih,ChIJE4v4wgxi0S0RjscoaGfSZC4,Jembrana Regency
Balai Banjar Sekar Pancasari,ChIJV2Yg_PRj0S0RIUNpYdn6hsc,Jembrana Regency
Balai Banjar Keladian,ChIJyatolMpj0S0RREQAronzD28,Jembrana Regency
Balai Banjar Pancaseming,ChIJl8fEVMlj0S0RxkWDNdqjl6k,Jembrana Regency
Bale Banjar Pekraman Batuagung,ChIJ5TomOHNi0S0RSMIAMO8bFRU,Jembrana Regency
Bale banjar taman desa batuagung,ChIJr-Q4aARj0S0RJoCAQmKaH2k,Jembrana Regency
Balai Banjar Munduk Kemoning,ChIJfaaz2clj0S0RL3nxVl_TdC4,Jembrana Regency
Balai Banjar Dangintukadaya,ChIJMdHjNGlj0S0RcuttP_KJLPg,Jembrana Regency
Bale Banjar Banjar Anyar,ChIJcUVYnIlj0S0RRxn6is4oH0E,Jembrana Regency
Balai Banjar Dangin Pangkung Jangu,ChIJPfSx06tj0S0RxNjDuBHBo-k,Jembrana Regency
Balai Banjar Petapan Kaja,ChIJ_TquUuVj0S0R8vnY3lm5Wus,Jembrana Regency
Balai Banjar Gunung Sekar,ChIJK2X0BQBj0S0R-s9juqlNeSI,Jembrana Regency
Balai Banjar Petapan Kelod,ChIJbdA8Wl3Z0y0RxZ9Jq9HFnls,Jembrana Regency
Bale Banjar petanahan,ChIJ3wzuc3tj0S0Rc3Ckpo7h86M,Jembrana Regency
Balai Banjar Pemedilan,ChIJIaPFIfZj0S0RqGrIBvpS_l8,Jembrana Regency
Balai Banjar Ngoneng,ChIJkXy1H4nZ0y0R2bC9n87W6rk,Jembrana Regency
Bale Tempek Merta Sari Banjar Sawe,ChIJjwyrbgBj0S0RWhGJxVd_5V0,Jembrana Regency
Balai Banjar Sri Mandala,ChIJKTvyvAli0S0RkawAATrl8R4,Jembrana Regency
Balai banjar sebual,ChIJRaGjHvbZ0y0RGa0OOK9vuNk,Jembrana Regency
Balai Banjar Kebebeng,ChIJr9Ov3HzY0y0RH_qniS6y9KI,Jembrana Regency
Balai Banjar Waru Mekar,ChIJr1rXuAhi0S0RWRUtUZ7PLlY,Jembrana Regency
Balai Banjar Pasatan,ChIJg5xM6mpj0S0RNsJLx_S2ZP4,Jembrana Regency
Balai Banjar Petapan Persidi..,ChIJlUkdmuzZ0y0RVAFNuB_mW_g,Jembrana Regency
Balai Banjar Pangkunggondang,ChIJ3z03Y9LZ0y0Ri5ETv1x6SnM,Jembrana Regency
"Balai Banjar Dinas Lan Adat Tengah, Desa Mendoyo Dangin Tukad",ChIJIzsddADZ0y0RL9A1zRmvksY,Jembrana Regency
Balai Banjar Pangkung Apit,ChIJR-RSDtFj0S0R1NwVP7lf7I4,Jembrana Regency
Balai banjar Pk. Lubang,ChIJU1B5rK9j0S0RXJfP7AsKgXU,Jembrana Regency
Balai Banjar Pengajaran,ChIJQ7kyWjRj0S0RX-DBXfaHHJ4,Jembrana Regency
Bale Banjar Bilukpoh,ChIJJxBSLBTY0y0RxPS5EH7-oFE,Jembrana Regency
"Balai Banjar Dauh Pasar, Desa Pergung",ChIJK-YhbwDZ0y0R64gZIW1_uec,Jembrana Regency
Balai Banjar Pengajaran Kaler,ChIJ8aLlopph0S0RhY90jLD34Mc,Jembrana Regency
Balai Banjar Pertukangan,ChIJeS9_Zqdj0S0RtkW-BBheHcE,Jembrana Regency
Balai Banjar Tibu Beleng Kelod,ChIJY5K-VrbX0y0Rz15kdTS1uYc,Jembrana Regency
Bale banjar penyaringan,ChIJn6OrjdTZ0y0RQAuQUbOIuBo,Jembrana Regency
"Balai Banjar Anyar Kaja,Desa Penyaringan,Kec.Mendoyo,Kab.Jembrana.",ChIJk5tvNB3Y0y0RAIZGVrwlz60,Jembrana Regency
Balai Banjar Munduk Kendung,ChIJad6VeEdh0S0RMp61IPc05qI,Jembrana Regency
Kubu I Komang Weden,ChIJj-n6b1XZ0y0ROR3MUaYVbbg,Jembrana Regency
Balai Banjar Anyar Tembles,ChIJ1bjAu47X0y0R3umVLS2gzGI,Jembrana Regency
Banjar Mertasari,ChIJwTF3jqvY0y0R5u9Cfy9RZf4,Jembrana Regency
Balai banjar munduk,ChIJt81Fo35h0S0RNbv1_Afg2mk,Jembrana Regency
Balai Banjar Bilukpoh Kangin,ChIJCZq6QwDZ0y0RqTNG6jHh-RA,Jembrana Regency
Balai Banjar Munduk Tumpeng Kelod,ChIJVXsBau9h0S0RsTkdFEpBhao,Jembrana Regency
BALAI BANJAR BERANGBANG,ChIJhwfPNx9h0S0Ro3hI35i3yn8,Jembrana Regency
Balai Banjar Tangi,ChIJ1xkYdijf0y0RGhxYQCRcufY,Jembrana Regency
Balai Banjar Kombading,ChIJM4gjMTTf0y0RLy0fsUzQ5p0,Jembrana Regency
Balai Banjar Adat Bayur,ChIJIXEqglnZ0y0RJZh6T_T35R4,Jembrana Regency
Balai Banjar Tegal Badeng Timur,ChIJ6XsKQLnf0y0RPVl4KxywO8s,Jembrana Regency
Kantor Kelian Dinas Banjar Tegal Cantel,ChIJkwmBJ_fY0y0RQePM372C-44,Jembrana Regency
"Balai Banjar Anyar Tengah, Desa Penyaringan",ChIJQSMWXQDZ0y0R-alk-LksyeU,Jembrana Regency
Balai Banjar Adat Tegalsari,ChIJa6K_OcjZ0y0RxASpD1GkVHI,Jembrana Regency
Balai Banjar Adat Berawan Tunjung,ChIJswWdumfZ0y0RsUIsoi_IPco,Jembrana Regency
Balai Banjar Yeh Kuning,ChIJ-9x3HADZ0y0Ri7rsMtyiPS0,Jembrana Regency
Balai Banjar Dinas Berawan Tunjung,ChIJeYTvOjDZ0y0R-g0ntZbBqCI,Jembrana Regency
Balai Banjar Mekarsari,ChIJqzMYH8Zh0S0Rig_rVP3fpXY,Jembrana Regency
Balai tempek 1(langsat),ChIJoY7HZQBj0S0R-liTrTAXjAU,Jembrana Regency
"Balai Banjar Dangin Marga, Delod Berawah",ChIJ5yZ5eQDZ0y0RycXpjm6ScXc,Jembrana Regency
Balai Banjar Peh,ChIJORkFAARh0S0Rj7H2ST6bfkA,Jembrana Regency
Balai Banjar Dinas Palarejo,ChIJJ6gF8O9n0S0R0qbU7gpTe3w,Jembrana Regency
Bale Banjar Dinas Baluk II ᬩᬜ᭄ᬚᬃᬤᬶᬦᬲ᭄ᬩᬮᬸᬓ᭄᭒᭟,ChIJly54idNh0S0RT4ADXARGJ60,Jembrana Regency
Balai Banjar Munduk Anggrek Kaja,ChIJp4ZDk0x90S0RQ7nWz9y1Omo,Jembrana Regency
Bale Banjar Baluk I,ChIJZ-LoF3lh0S0RCS62nWOuz-M,Jembrana Regency
Balai Banjar Tibubeleng Kaler,ChIJJxNxGwd90S0R9uEyy1TxjOQ,Jembrana Regency
Balai Banjar Munduk Anggrek Kelod,ChIJLeHjLYDX0y0RR7HwEJ6hsBg,Jembrana Regency
Balai Banjar Ketapang Muara,ChIJCe1ZBNvf0y0RmmMTvUumWT8,Jembrana Regency
Balai Banjar Katulampa,ChIJH1omo-th0S0RC_pdWuZaUX4,Jembrana Regency
Pancardawa,ChIJC0k-nqFj0S0RhuWnkLMGYp8,Jembrana Regency
Balai Banjar bangli,ChIJhUH8z7Z90S0RHAz3SOyJX6E,Jembrana Regency
Balai Banjar Adat Berawansalak,ChIJzWkVn9Jh0S0R9OIzKWI3Sgc,Jembrana Regency
Balai Dinas Banjar Kaliakah,ChIJZ4zRL0hh0S0Rf2lDP2COya4,Jembrana Regency
Balai Banjar Kaleran Kaja,ChIJlx-VqS7W0y0RL0hAR8NUit8,Jembrana Regency
Balai Banjar Kelapa Balian,ChIJq0qmd3ff0y0Roq5ONKdHs3c,Jembrana Regency
Balai Dinas Banjar Anyar Tegal Badeng Barat,ChIJ0bP0qeHf0y0RhLvSEsng5oc,Jembrana Regency
Balai Banjar Ketapang,ChIJQzK_wY3f0y0RkZJS1YHyweQ,Jembrana Regency
Balai Banjar Brawantangi Taman,ChIJb9KIcZNg0S0R0HhYOP50NNs,Jembrana Regency
Balai Banjar Adat Gianyar,ChIJfXTZemN90S0RpQyc4fZ10yA,Jembrana Regency
BALAI BANJAR ADAT PANGKUNG DALEM,ChIJSalJaZth0S0Rx8M_vIvsnYE,Jembrana Regency
BALAI BANJAR ADAT TEGAL BERKIS,ChIJ3XaaCe9h0S0RMMOjff72AAQ,Jembrana Regency
Balai Banjar Kembang,ChIJS-h7Dkzf0y0R62HrEnRaCIA,Jembrana Regency
Balai Banjar Munduk Asem,ChIJjYeu9GBh0S0ROPH26e6rdTk,Jembrana Regency
Balai banjar puana,ChIJvx6wFVxh0S0RRA9L9Xti1fU,Jembrana Regency
Balai Dinas Banjar Mandar,ChIJYyaQU0_f0y0RP1fLb5xNNig,Jembrana Regency
Balai Dinas Banjar Banyubiru Desa Banyubiru,ChIJ6T8tQdxh0S0RIbUXTYdu8BY,Jembrana Regency
Balai Banjar Dinas Air Anakan,ChIJrwnrUwZh0S0RcdwNLFcDH1Q,Jembrana Regency
Balai Banjar Adat Sekar Kejula Kelod,ChIJKa-2wdLX0y0RcMz4o39_Cc8,Jembrana Regency
Balai Banjar Adnyasari,ChIJdR3dRBZn0S0RLU7aHgaqdqY,Jembrana Regency
balai banjar Parwatasari,ChIJFZ5cIRRn0S0RHtzJC814kGY,Jembrana Regency
Banjar adat pangkung kwa,ChIJnYZJHkR90S0R1weYKeo4Y3Q,Jembrana Regency
Balai Banjar Warnasari Kaja,ChIJ3xpR3MVn0S0RvS-s2Dqs8fU,Jembrana Regency
Balai Banjar Kedisan,ChIJe-6omnB90S0ROLzS2YKvBVM,Jembrana Regency
Pangkung Jajang Meeting Hall,ChIJ_cSpIDNh0S0RNi-1QaAB5HY,Jembrana Regency
Bale Banjar Bungbungan ᬩ᭢ᬮᬩᬜ᭄ᬚᬃᬩᬸᬗ᭄ᬩᬸᬗᬦ᭄‌᭟,ChIJ3xkr4aZ90S0Ribottidkr5k,Jembrana Regency
Balai Banjar Anyarsari Kangin,ChIJy_fe9Phd0S0ReaNrwQDnoOc,Jembrana Regency
Balai Dinas Banjar Banyubiru,ChIJiT2TIvlh0S0R1SKbmcDRIUo,Jembrana Regency
BR.Delod Pempatan,ChIJ1YNy_IvY0y0R8-teNmez0Go,Jembrana Regency
Balai Dinas Banjar Pangkung Buluh,ChIJ-c8q-4lh0S0RS2ok-flKlMY,Jembrana Regency
Kantor Desa Adat Puseh Agung,ChIJAYHxeahj0S0RVer9QpQhIE4,Jembrana Regency
Bale Banjar Pasar,ChIJS-AehynX0y0Rxbd8JhGxzxk,Jembrana Regency
BALAI BANJAR DINAS WARNASARI KELOD,ChIJE3RcvVln0S0RDdJa41UJd6E,Jembrana Regency
Balai banjar Taman Sari Tuwed,ChIJeV73C0hh0S0RwpeGEU_ce2I,Jembrana Regency
Bale Banjar Berawantangi,ChIJvSGSz7ph0S0RC7EB0MShTf4,Jembrana Regency
ᬧᬗ᭄ᬓᬸᬂᬢᬦᬄᬓᬗᬶᬦ᭄᭟ Bale Banjar Pakraman Pangkung Tanah Kangin,ChIJaS6Dcpxd0S0RVCYPryJdV_U,Jembrana Regency
Bale Banjar Munduk Anggrek Tengah,ChIJ606bbivX0y0RuZzQbRkMaig,Jembrana Regency
Balai Banjar PucakSari,ChIJdwpqIJhn0S0Ru_GI2UtNr_M,Jembrana Regency
Banjar Adat palih II.Baleagung,ChIJf5qul4vX0y0RusIgPYcocdY,Jembrana Regency
Balai Banjar Tirta Kusuma,ChIJr-IYLvRf0S0RpIPpl5wuOkQ,Jembrana Regency
balai banjar Wargasari,ChIJj0z5mw9n0S0RpLnbkzv8Lek,Jembrana Regency
Balai Banjar Dusun Dauh Pangkung,ChIJdx7tyRHU0y0RoQp46HcmvKU,Jembrana Regency
Bale Banjar Kembangsari,ChIJ-yhReoZn0S0RQQYq28RmxDU,Jembrana Regency
Bale Banjar Adat Yehsumbul,ChIJPxxQ8brX0y0RUfiEKRBs6sU,Jembrana Regency
Balai Banjar Candikusuma,ChIJV2DgZgBf0S0RMzmK0QPgVvM,Jembrana Regency
Bale Tempek Lan Subak Abian Banjar Jati ᬩᬮᬾᬢᭂᬫ᭄ᬧᬾᬓ᭄ᬮᬦ᭄ᬲᬸᬩᬓ᭄ᬅᬩ᭄ᬬᬦ᭄ᬩᬜ᭄ᬚᬃᬚᬢᬶ᭟,ChIJV_c919Fh0S0RVQRUhcYUVOM,Jembrana Regency
Balai adat banjar samblong,ChIJm1sNy8zX0y0RiMi8JF3YNEE,Jembrana Regency
Balai Banjar Nusasakti,ChIJ-aFG3Ltn0S0RSzqN-Mwh3RE,Jembrana Regency
Bale Banjar Umum Nusamara,ChIJ36ZDCAjX0y0RJy9fpSCXWm4,Jembrana Regency
Balai Banjar Dinas Sumbersari,ChIJW1pXJt5d0S0RfyVhIK7E-hU,Jembrana Regency
ᬩᬜ᭄ᬚᬃᬢᬾᬢᬾᬮᬦ᭄᭟ Bale Banjar Tetelan,ChIJYUDEmbNd0S0RjvtMV2nCmxg,Jembrana Regency
Balai Banjar Karangsari,ChIJjdlFQNpd0S0RSisYOetUa9o,Jembrana Regency
Ambiarsari Village Hall,ChIJGQxD9m1d0S0RovMkNh-EjVo,Jembrana Regency
"BALAI TEMPEK 4 BANJAR TUNAS MEKAR, DESA MANISTUTU, JEMBRANA BALI",ChIJNxljOwBh0S0RIRAqDxjv1RY,Jembrana Regency
Bale Banjar Munduk Ranti,ChIJ1YMCQ5dh0S0R2rC6YylHufk,Jembrana Regency
Bale Banjar Tegak Gede,ChIJtzqrIADX0y0RAPpHsFvIWpg,Jembrana Regency
BALAI BANJAR ADAT DHARMA LAKSANA BANJAR PK DEDARI,ChIJpY3RRlFd0S0RSf82oUj9eO0,Jembrana Regency
Bale Banjar Bangli,ChIJrQxElnDX0y0Rn9a1sSso78A,Jembrana Regency
ᬩᬜ᭄ᬚᬃᬤᬶᬦᬲ᭄ᬧᭂᬩᬸᬯᬳᬦ᭄᭟ Bale Banjar Dinas Pebuahan,ChIJw7rQQX9h0S0RSvlRQ_aKvnI,Jembrana Regency
Bale Banjar Tibusambi,ChIJea72LwDX0y0RUWb_SGhbzF8,Jembrana Regency
Balai Banjar Cepaka Desa Pangyangan,ChIJBVXa0lvT0y0RLRtbpnH121Q,Jembrana Regency
Balai Banjar Manggissari,ChIJHX3fQwDV0y0RVBLo-58jZYE,Jembrana Regency
ᬫᭂᬮᬬᬢᭂᬗᬄᬓᬚ᭟ Bale Banjar Melaya Tengah Kaja,ChIJIe6Dtb1d0S0R15oKGJ2yWAE,Jembrana Regency
Balai Banjar Klatakan,ChIJ7wKao29D0S0R_S2MH0Jrhig,Jembrana Regency
Banjar sadnyasari,ChIJx0KCs7xn0S0RwkqMkv_XiXg,Jembrana Regency
Balai Banjar Dusun Melaya Kerajan,ChIJkaquFyhd0S0R0aMKHf4-sxM,Jembrana Regency
balai Banjar Sari,ChIJz7-3rXvT0y0RCqTAxbEjBuo,Jembrana Regency
Bale Banjar Pulukan,ChIJR4DZeDrV0y0R5FmSP4M0e9I,Jembrana Regency
BALAI BANJAR TENGAH GUMBRIH,ChIJ_Y0W_2_T0y0Ri-Z-6wI1IEM,Jembrana Regency
BALAI BANJAR SEGAH,ChIJY-7gjhnV0y0R6fam6LveWyE,Jembrana Regency
Shangkara Taekwondo Academy,ChIJ3Y0s5xpj0S0R4WUloG44KZU,Jembrana Regency
Bale Banjar Arca Dwipa,ChIJMZwP3KnV0y0RGO5fnoLVh3A,Jembrana Regency
Br.Tunas Mekar.ds.manistutu,ChIJuYSGMihh0S0RHaWKmKIpQMg,Jembrana Regency
"Bale Banjar Swastika, Desa Pangyangan",ChIJFXTyuPnT0y0RQ_vmge_NJok,Jembrana Regency
Balai Angklung,ChIJ3Zvx2FvV0y0RY29iXvp4amI,Jembrana Regency
Setra Desa Adat Dangintukadaya - Jembrana,ChIJiXI8AQBj0S0RvDbxstEVORo,Jembrana Regency
Wantilan Desa Adat Dangintukadaya,ChIJ709PNQBj0S0RMKWevDGxnO0,Jembrana Regency
Pura Prajapati Desa Adat Batuagung,ChIJneNzwM5j0S0RRGqROb8-7w4,Jembrana Regency
Pasar Desa Adat Lelateng,ChIJQVaoGv9h0S0Rd5b5RLREmsA,Jembrana Regency
Pasar Desa Adat Kertha Jaya Kelurahan Pendem,ChIJ2SwEyu9j0S0RdIcQbyrVgFc,Jembrana Regency
Pura Dalem Desa Adat Mendoyo Dangin Tukad,ChIJmzhW7qrZ0y0RGAUGVwrBtOU,Jembrana Regency
ᬧᬸᬭᬤᬍᬫ᭄ᬩᬮᬸᬓ᭄᭟ Pura Dalem Desa Adat Baluk,ChIJpT1Kxedh0S0RmAWXgsewnaw,Jembrana Regency
Pura Desa Puseh Desa Adat Budeng,ChIJJVlLN03Z0y0R4fVqtxJwFbw,Jembrana Regency
ᬧᬸᬭᬧᬸᬲᬾᬄᬓᬮ᭄ᬬᬓᬄ᭟ Pura Puseh Desa Adat Kaliakah,ChIJd1vBbZBh0S0Rffly5YMwkC4,Jembrana Regency
ᬧᬸᬭᬤᬍᬫ᭄ᬓᬮ᭄ᬬᬓᬄ᭟ Pura Dalem Desa Adat Kaliakah,ChIJ04HPOO1h0S0RNoknbrM_Wb4,Jembrana Regency
Pura Dalem Desa Adat Budeng,ChIJGxklSk7Z0y0Rkn8PwOFd-EM,Jembrana Regency
Pura Puseh Desa Baluk,ChIJI4bK5c5h0S0RJwBPVF4wplU,Jembrana Regency
Sekertariatan desa Adat Baluk,ChIJW-OVT59h0S0RFVclieKFtVo,Jembrana Regency
Setra Desa Adat Sumbersari,ChIJqSAaCQBd0S0RBF2lURIRT1g,Jembrana Regency
Kantor LPD Desa Pakraman Berangbang,ChIJD2ljZo9h0S0R8hb8pDwUc5o,Jembrana Regency
Pasar desa adat berangbang,ChIJRXrPRwBh0S0RM5o4x8eQSW8,Jembrana Regency
Pura Puseh Lan Desa Adat Banyu Biru ᬧᬸᬭᬧᬸᬲᬾᬄᬮᬦ᭄ᬤᬾᬰᬅᬤᬢ᭄ᬩᬜᬸᬩᬶᬭᬸ᭟,ChIJQaRsaJth0S0RqQT4JhDOhew,Jembrana Regency
Pura Puseh Dangintukadaya,ChIJcz7wVXFi0S0RG8wBqx5q09Y,Jembrana Regency
ᬧᬸᬭᬧᬸᬲᬾᬄᬥᬃᬫ᭄ᬫᬮᬓ᭄ᬲᬦ᭟ Pura Puseh Desa Adat Dharma Laksana,ChIJV5JOy1Rg0S0Rke68yT66AhE,Jembrana Regency
ᬲᬾᬢ᭄ᬭᬤᬾᬰᬅᬤᬢ᭄ᬫᭂᬃᬢᬲᬭᬶ᭟ Setra Desa Adat Mertasari,ChIJ7aJPe6_Z0y0RhvndaFHEgPg,Jembrana Regency
ᬧᬸᬭᬤᬍᬫ᭄ᬩᬜᬸᬩᬶᬭᬸ᭟ Pura Dalem Desa Adat Banyubiru,ChIJS666JWNh0S0R7YI2BqQ1bE4,Jembrana Regency
Bale Village People,ChIJ5fDW1XBn0S0RUc60NpQOrTs,Jembrana Regency
Pura Dalem,ChIJEeAlxlVg0S0RO1NMB6l3KDw,Jembrana Regency
Pura Dalem Desa Adat Giri Amerta,ChIJWwAuYRZ90S0Rlo7EQ40afA0,Jembrana Regency
ᬲᬾᬢ᭄ᬭᬤᬾᬰᬅᬤᬢ᭄ᬩᭂᬭᬗ᭄ᬩᬂ᭟ Setra Desa Adat Berangbang,ChIJm03DZ5Vh0S0RK87wqXdNEqo,Jembrana Regency
𝙋𝙪𝙧𝙖 𝘿𝙖𝙡𝙚𝙢 𝘿𝙚𝙨𝙖' 𝘼𝙙𝙖𝙩 𝙔𝙚𝙝𝙗𝙪𝙖𝙝,ChIJw6GjmeZ90S0R5vhxGG12TvM,Jembrana Regency
Pura Puseh Desa Adat Tuwed ᬧᬸᬭᬧᬸᬲᬾᬄᬤᬾᬰᬅᬤᬢ᭄ᬢᬸᬯᭂᬤ᭄᭟,ChIJlzqvTTxh0S0R9Ts9YKy3hbE,Jembrana Regency
SETRA DESA ADAT WARNASARI,ChIJC4oCTwBn0S0R3OxZRNAgjuM,Jembrana Regency
Pura Dalem Desa Adat Nusasari,ChIJ33nrQ81d0S0RR7SgfVUAyic,Jembrana Regency
Wantilan Desa Adat Yehbuah,ChIJdxJUWzB90S0RcxB0tf0y-9w,Jembrana Regency
ᬲᬾᬢ᭄ᬭᬤᬾᬰᬅᬤᬢ᭄ᬢᬫᬦ᭄ᬲᬭᬶ᭟ Setra Desa Adat Taman Sari,ChIJr9ORa4ph0S0REpMG5w28Lf0,Jembrana Regency
Pura Dalem Desa Adat Sumbersari,ChIJh2vbTvFd0S0RnZDrxfbq6Cw,Jembrana Regency
LPD Desa Adat Tegal Badeng Timur,ChIJ8U34Qnvf0y0RsF4xvfBhw88,Jembrana Regency
Setra Desa Adat Tukadaya,ChIJm7VGC41g0S0RBFgD7SWoCF4,Jembrana Regency
Pasar Desa Baler Bale Agung,ChIJndJ5Gohj0S0RhXyH85YO3gw,Jembrana Regency
Pura Dalem Br.Nusasakti Desa Adat Nusasari,ChIJBTNeyapn0S0RjssxFsJ6U_E,Jembrana Regency
Setra Desa Adat Melaya,ChIJeV5RWwBd0S0Rm8HTgMatgoM,Jembrana Regency
LPD dan ekretariat Kantor Desa Adat Yeh Sumbul,ChIJiYtLeU3X0y0RTC5xcYrSvEQ,Jembrana Regency
"Pura Puseh Lan Desa, Desa Adat Melaya",ChIJh2S05HBd0S0RBdUJ8OzEfok,Jembrana Regency
mendoyo dauh tukad,ChIJu5a6YADZ0y0RmL9to8qKnzI,Jembrana Regency
Pura desa lan puseh desa adat medewi,ChIJIayG2XzV0y0R5AeWtwTJn0c,Jembrana Regency
Wantilan Desa Adat Gumbrih,ChIJEey9cs_T0y0RAKf3OwfERJM,Jembrana Regency
ᬲᬾᬢ᭄ᬭᬤᬾᬰᬅᬤᬢ᭄ᬳᬾᬓᬲᬭᬶ᭟ Setra Desa Adat Ekasari,ChIJ_5QBzBNn0S0RFTcMos_23z4,Jembrana Regency
Balai desa adat Sumbersari,ChIJ7YBFletd0S0Rsi0-QQ2SWuc,Jembrana Regency
kantor desa pekraman lelateng,ChIJd_4bMaZj0S0R0AuRu-MNXsE,Jembrana Regency
Balai Adat Desa Ashduren,ChIJETzEeADV0y0RunlHyTO75RY,Jembrana Regency
LPD Desa Adat Melaya,ChIJ77MRXQBd0S0RPC8rUjOe4rU,Jembrana Regency
Wantilan Desa Adat Juwuk Manis,ChIJLd4UQADV0y0R7BR5NZwgZ2E,Jembrana Regency
Patung Pahlawan Mayor Sugianyar,ChIJgczhsnRi0S0Rz2qy2_IyBEc,Jembrana Regency
Patung Petani,ChIJeegYNDNj0S0RDy1sPsk7_fg,Jembrana Regency
Patung Sampat,ChIJRxRh-u5j0S0RBkX0HqFi_0c,Jembrana Regency
Ganesh Patung,ChIJnaTUcgBj0S0R03_-FLIG3zI,Jembrana Regency
Patung Bima Sakti,ChIJc7yhhg5i0S0R0zViTKFPGes,Jembrana Regency
UD.MESARI,ChIJEW4S9LZj0S0Rnq3ZA0WIoKg,Jembrana Regency
Patung I Gusti Ngurah Gde Pecangakan,ChIJ3VdViS5j0S0R6drlURBthoA,Jembrana Regency
SARI KENCANA (Raysoart Studio Patung),ChIJ7bu28oDY0y0RAeGUhZpVEcg,Jembrana Regency
Patung Duyung,ChIJN51qsAbZ0y0RFuxtptLjUms,Jembrana Regency
PATUNG KUDA PENYARINGAN,ChIJw6Mo5rjZ0y0ReFCMvbsDBOs,Jembrana Regency
Studio Patung Rai,ChIJKVJKdgDZ0y0RON6lwTj-ko4,Jembrana Regency
Pura Jagatnatha Jembrana,ChIJyTzIbgxi0S0RtgtIj7M01LY,Jembrana Regency
Tugu Sma Pariwisata,ChIJncW1wW7Y0y0Rdz-SUBULbAQ,Jembrana Regency
ANCAK SARI,ChIJ7b_vWYbZ0y0RBmyd0N-XLbE,Jembrana Regency
Tugu Jam,ChIJh0kewxZj0S0RAcf1Uf_37qM,Jembrana Regency
Eks Tu,ChIJceE6X6jZ0y0RqUCURLVw0DE,Jembrana Regency
Taman Pecangakan - Negara,ChIJnbIRfg5i0S0RPWWAoRtSroo,Jembrana Regency
PATUNG KB,ChIJEUTdu2th0S0RBDsh-3ftibw,Jembrana Regency
Tugu,ChIJQ7j_ZJHY0y0RAGeQtzeSmBE,Jembrana Regency
Patung Joged,ChIJuUwhHFLX0y0Rke1DMZyaSCI,Jembrana Regency
Monumen Garuda,ChIJ8YEfr1rY0y0RBo0SioLU834,Jembrana Regency
Monumen Perjuangan Desa Baluk,ChIJi10mw8xh0S0RaLxrwtx9Ovs,Jembrana Regency
Patung Taman Nasional Bali Barat,ChIJucAAwGhD0S0RUSxvt8CwQTo,Jembrana Regency
Taman Makam Pahlawan,ChIJuY8-oARi0S0RmB-5F1DB3pw,Jembrana Regency
Pos Lantas Adipura Polsek Negara,ChIJsYZxLQli0S0RnLcjM4Y7K-s,Jembrana Regency
SDT Gallery Art & Natural Stones,ChIJX5nLZaRj0S0R-9Y_hJ-iar0,Jembrana Regency
Patung pahlawan,ChIJgzFhgM7X0y0Rq1tBMf0LyMc,Jembrana Regency
Tugu Cekik,ChIJszB9iG9D0S0Rgq2YuW2hdT4,Jembrana Regency
Jembatan Tk.Biluk Poh,ChIJH3b0pn7Z0y0R_f63gWXwXvc,Jembrana Regency
Monumen Pendaratan I Gusti Ngurah Rai,ChIJaSVclwbU0y0Rbp1aldBpAVU,Jembrana Regency
Karya Tekun Sari,ChIJKzRizH_T0y0R_BTtjzhPv_M,Jembrana Regency
Patung Bali Naisa,ChIJ1dXl66Vh0S0RYra3xKxGhtM,Jembrana Regency
Munduk Kendung,ChIJ0UPAVElh0S0RAz21wa5ru78,Jembrana Regency
ᬘᬦ᭄ᬤᬶᬕᭂᬮᬸᬂᬓᭀᬭᬶᬕᬶᬮᬶᬫᬦᬸᬓ᭄᭟ Candi Gelung Kori Gilimanuk,ChIJkzTMnnlD0S0Rx1iymT_17tY,Jembrana Regency
Bendungan Benel,ChIJDQ0X87Jm0S0RymOH6acpYCE,Jembrana Regency
Delot berawah patung buaya kebarat,ChIJ79KlPADZ0y0RiQNPMc8ZJug,Jembrana Regency
SD MUHAMMADIYAH SANG SURYA,ChIJlU6O4wxD0S0R--JORNsAU1M,Jembrana Regency
SD Negeri 2 Gilimanuk,ChIJ2dFZNvtD0S0RpxTsCRqYQsc,Jembrana Regency
SD Negeri 4 Gilimanuk,ChIJMcHnPo9D0S0REVLdh6OnYj0,Jembrana Regency
SDN 3 Gilimanuk,ChIJz1zmdoJD0S0Rhb6R12PEaWM,Jembrana Regency
SDN 04 Gilimanuk,ChIJZaTldoJD0S0Rbgcs0qtdRnE,Jembrana Regency
MIN 6 Jembrana,ChIJJZ69kj9D0S0R8eV_gki6TH4,Jembrana Regency
SD Negeri 5 Melaya,ChIJrRmdSipd0S0RwZfBqXfNNlg,Jembrana Regency
SD Negeri 4 Tukadaya,ChIJ0Y_CeTtn0S0RptqBrDiRN_E,Jembrana Regency
Kantor Camat Negara,ChIJhYDyVh1i0S0RneQ2bSjhVbs,Jembrana Regency
Patung Makepu,ChIJR_E7Ctcs0i0Rrd3k1AngY9c,Jembrana Regency
Bendungan Campuan Pk Jangu,ChIJIS1OJZdi0S0RYlY5fMdpJ80,Jembrana Regency
Bendungan Pendem..ke utara.,ChIJe0e-SABj0S0R9c1DhyAGhXM,Jembrana Regency
Bendungan Palasari,ChIJo9sOdAtn0S0R8zdTJjjU5gA,Jembrana Regency
Bendungan pohsanten,ChIJe_59BADZ0y0R-re4_d-9yK4,Jembrana Regency
Bendung pendem,ChIJwazHnUxj0S0Rz_LGaYv5XUI,Jembrana Regency
Bendung banjar tengah,ChIJdWx-7UVj0S0RL6cVhcsDsHk,Jembrana Regency
Wisata Puncak JR Jembrana Bali,ChIJnyLu8J1j0S0R_NJBYzHp36Y,Jembrana Regency
Spot pancing,ChIJOV0Bpqdn0S0RhoFfsTaiStE,Jembrana Regency
Waduk Palasari,ChIJo7HNxgln0S0RN4pbYfQii8o,Jembrana Regency
Bendungan Manusarigilir,ChIJ1QXXXIhd0S0R7H_vkFpbBRM,Jembrana Regency
Bendungan Yeh Satang,ChIJw0oVPHjW0y0R5lqXrhOvcY8,Jembrana Regency
ᬓᬦ᭄ᬢᭀᬃᬩᭂᬦ᭄ᬤᬸᬗᬦ᭄ᬧᬮᬲᬭᬶ᭟ Kantor Bendungan Palasari,ChIJofqnTERn0S0RBqz8PCoBTHM,Jembrana Regency
Mantu Cager (Manistutu Camping Ground),ChIJjzs08XJn0S0R5AdWJEDpXvI,Jembrana Regency
Muntig Kumpi ayu,ChIJcWFBIYBn0S0R5BsWLymBzas,Jembrana Regency
Pantai Perancak,ChIJk5rAxKTZ0y0RnwO3_0OJ2yA,Jembrana Regency
DAM Pulukan,ChIJLXjn6EjU0y0RL_SJJuvbdlQ,Jembrana Regency
Kampoeng Palarejo Selfie Spot Jembrana,ChIJU6mMKiFn0S0RMkv6hIHaijE,Jembrana Regency
"Beten Gunung Sondoh, Parpara, Kembang Sari ᬩᬾᬢᬾᬦ᭄ᬕᬸᬦᬸᬂᬲᭀᬦ᭄ᬤᭀᬄ᭞ᬧᬃᬧᬭ᭞ᬓᭂᬫ᭄ᬩᬂᬲᬭᬶ᭟",ChIJlcYLagBn0S0RGqq8xJ7PC0w,Jembrana Regency
Villa Respati,ChIJAeHisEln0S0Rmjo5Mf1HfUQ,Jembrana Regency
Landasan Helikopter Palasari,ChIJz-cl5hZn0S0RaYSiL0NOCgg,Jembrana Regency
ᬚᭀᬕ᭄ᬕᬶᬂᬧ᭄ᬮᬘᬾᬤᬾᬰᬏᬓᬲᬭᬶ᭟ Jogging Place Desa Ekasari,ChIJTxxIVfJn0S0Ra9vdi7gA_P8,Jembrana Regency
Bakalan Bonsai Tepi Jalan,ChIJLSALONhd0S0RV-C6n_vYmDA,Jembrana Regency
Pangkalan Ojek Persil,ChIJ0Y-meAhe0S0RmR_aUrZlGhg,Jembrana Regency
Kubu De Basur,ChIJJVL5VRxn0S0R_6dm_qJxWdY,Jembrana Regency
pasar desa ekasari,ChIJLexgomRn0S0REweuiLijdKs,Jembrana Regency
Pura Desa ekasari,ChIJ40eTVmNn0S0RUgUTxZypfoE,Jembrana Regency
Goa Maria Palasari,ChIJNzE7v3Zn0S0RbgbcG2K0Ogg,Jembrana Regency
Taman Wana Resort Palasari,ChIJI64Zsw1n0S0R9UODPekFkf8,Jembrana Regency
Palasari Cabanas,ChIJly66xQFn0S0Ri1krqlrVYTM,Jembrana Regency
Griya Agung Muncar Geni Manuaba,ChIJmfKmInBn0S0R-c1ocg4zX0U,Jembrana Regency
DAM / Bendungan Penyaringan,ChIJ7fGuxgrZ0y0RnuMRm7Qn_-E,Jembrana Regency
SDN 1 Pekutatan,ChIJuXB3oUTV0y0RpcCLoWVH1M4,Jembrana Regency
SDN 2 Pekutatan,ChIJAaYeuH3V0y0RfAI6LLqGSBk,Jembrana Regency
SDN 1 Pulukan,ChIJu2B6JjjU0y0RrbhTXEm8CeY,Jembrana Regency
SDN No.5 Pekutatan tahun 1999,ChIJi6noHRjU0y0ROyBjVlFbXfo,Jembrana Regency
SD NEGERI PANGYANGAN,ChIJ-wzq2CzT0y0Ra2Qe62lgtVg,Jembrana Regency
SDN 3 Pekutatan,ChIJQ2xv3j3U0y0R2QHnsxvPALY,Jembrana Regency
Sd N 4 Pekutatan,ChIJP6dUO1nV0y0R8t1pHYP2h9w,Jembrana Regency
SDN 2 PULUKAN,ChIJpX--g_nV0y0RmKTk1HtpUO4,Jembrana Regency
SDN 1 Asahduren,ChIJYSTfwwHV0y0RYzbo1LPmtlg,Jembrana Regency
SDN 3 Pulukan,ChIJz99xqEjV0y0RTnACyMcv4BU,Jembrana Regency
Sdn 1gumbrih,ChIJBbd3JKfT0y0RCkYtgwPSLUA,Jembrana Regency
SDN 2 Yehembang Kangin,ChIJ9ZAyLWR90S0RrCSQxLPKtaw,Jembrana Regency
SDN No .2 Pengeragoan,ChIJ5-uM51kr0i0RXb5V4fIB2HM,Jembrana Regency
SDN 3 PENGERAGOAN,ChIJyZE5fgYr0i0RFJ7s6GX2FyE,Jembrana Regency
SDN 1 Yeh Embang,ChIJHwnAGa3X0y0RvHBOnkFzjFY,Jembrana Regency
SD NEGERI 2 MANGGISSARI,ChIJhUt4vtEq0i0Rc0lM5xocopA,Jembrana Regency
SDN 3 Yehembang,ChIJ_TSQGa3X0y0RvT214PqZ74Q,Jembrana Regency
SDN 5 Penyaringan,ChIJx0bK2zd90S0Rr-8yZzXUQac,Jembrana Regency
SDN 3 Mendoyo Dauh Tukad,ChIJP7O79H_Y0y0R0dr17-ZXGfk,Jembrana Regency
SDN 2 Yehkuning,ChIJHQ8ldfnY0y0RU3hwdWFzJ-Q,Jembrana Regency
Bale Banjar Adat Taman Amreta,ChIJg01Ohmhj0S0RyQ_3oXfHgIU,Jembrana Regency
Banjar Adat Telepis,ChIJYQFpI6XZ0y0R9Udgb6MgvLg,Jembrana Regency
Banjar Adat Nusasari,ChIJHzk2agBd0S0ReS6PNQe-Abo,Jembrana Regency
ᬩᬜ᭄ᬚᬃᬩᭀᬗᬦ᭄᭟ Bale Banjar Adat Bongan,ChIJwVi3mgZd0S0RQxRkSQCGKoU,Jembrana Regency
Bale Adat Banjar Yeh Kuning,ChIJq_xqPQDV0y0R549CgBLJt8E,Jembrana Regency
"Pura Pucak Agung, Banjar Adat Gulingan",ChIJld6jWVZ90S0Rwv2K2Cah3qc,Jembrana Regency
Bale Banjar Adat Pangkung Jelati,ChIJKQlhSl7X0y0R9eU4Yd9sq50,Jembrana Regency
Banjar petanahan,ChIJCVSPdgBj0S0RG-1lJ28wUy0,Jembrana Regency
Bale Banjar Adat Yehsatang,ChIJM5C9u6DX0y0RrxRUCOdJYco,Jembrana Regency
Puskesmas Pembantu Jembrana 1,ChIJAXSBXQBj0S0R8_2RVCz1kTM,Jembrana Regency
Puskesmas Pembantu Sangkaragung ᬧᬸᬲ᭄ᬓᭂᬲ᭄ᬫᬲ᭄ᬧᭂᬫ᭄ᬩᬦ᭄ᬢᬸᬲᬗ᭄ᬓᬭᬕᬸᬂ᭟,ChIJtSpFtJvY0y0RZsNZpvSjenA,Jembrana Regency
Puskesmas Pembantu Pergung,ChIJOX4TPgBj0S0RrF5duQYPD-g,Jembrana Regency
Puskesmas I Jembrana ᬧᬸᬲ᭄ᬓᭂᬲ᭄ᬫᬲ᭄᭑ᬚᭂᬫ᭄ᬩ᭄ᬭᬦ᭟,ChIJP7JSKnRi0S0RIx7wqqAL3c4,Jembrana Regency
Puskesmas Pembantu Tegalcangkring ᬧᬸᬲ᭄ᬓᭂᬲ᭄ᬫᬲ᭄ᬧᭂᬫ᭄ᬩᬦ᭄ᬢᬸᬢᭂᬕᬮ᭄ᬘᬂᬓ᭄ᬭᬶᬂ᭟,ChIJ0XdBfVXZ0y0RvmxQ_2cTcbg,Jembrana Regency
Puskesmas I Mendoyo ᬧᬸᬲ᭄ᬓᭂᬲ᭄ᬫᬲ᭄ᬫᭂᬦ᭄ᬤᭀᬬᭀ᭑᭟,ChIJ72F-OW7Y0y0RiF7IW4sT0aw,Jembrana Regency
Puskesmas Mendoyo Dauh Tukad,ChIJyef3H8Jj0S0R2PuL9x_NJHw,Jembrana Regency
Puskesmas pembantu BB AGUNG,ChIJA7raSd5j0S0R5Cuybg4QYU4,Jembrana Regency
Puskesmas Pembantu LOBAR,ChIJa3BHOmnZ0y0RGAuIfUTO5j4,Jembrana Regency
Puskesmas Pembantu Berangbang ᬧᬸᬲ᭄ᬓᭂᬲ᭄ᬫᬲ᭄ᬧᭂᬫ᭄ᬩᬦ᭄ᬢᬸᬩᭂᬭᬗ᭄ᬩᬂ᭟,ChIJd1Uvfvth0S0Ri0DzklF3Dw8,Jembrana Regency
Puskesmas Pembantu Delodberawah ᬧᬸᬲ᭄ᬓᭂᬲ᭄ᬫᬲ᭄ᬧᭂᬫ᭄ᬩᬦ᭄ᬢᬸᬤᭂᬮᭀᬤ᭄ᬩᭂᬭᬯᬄ᭟,ChIJXVjoLk7Y0y0RizbP7UbIPKg,Jembrana Regency
PUSTU LOTIM,ChIJ2dIZv6nY0y0RwLQQ_lYkKhQ,Jembrana Regency
Puskesmas Pembantu Tegalbadeng Barat,ChIJaQ2UUeph0S0RMXuMneL7NF0,Jembrana Regency
ᬧᬸᬲ᭄ᬓᭂᬲ᭄ᬫᬲ᭄ᬘᬸᬧᭂᬮ᭄᭟ Puskesmas Pembantu Cupel,ChIJo2EZDEhh0S0RD7IbuSwcoxA,Jembrana Regency
Puskesmas Pembantu Ekasari,ChIJzZQxoxVn0S0RzA1n7JOd2u8,Jembrana Regency
dr. Ni Luh Putu Lely Mas Ayutini,ChIJA4PHHvRh0S0Rs5trJIaxpRY,Jembrana Regency
Puskesmas Pembantu Nusasari,ChIJvS-LCfFd0S0R95D-u1C_Z0o,Jembrana Regency
Puskesmas Pembantu Desa Blimbingsari,ChIJsWoTzrNd0S0REhlmV01Ox_0,Jembrana Regency
Puskesmas Pembantu Medewi ᬧᬸᬲ᭄ᬓᭂᬲ᭄ᬫᬲ᭄ᬧᭂᬫ᭄ᬩᬦ᭄ᬢᬸᬫᭂᬤᬾᬯᬶ᭟,ChIJvdKz5s7V0y0REouMDT9Hc5M,Jembrana Regency
Puskesmas Pembantu Desa Pulukan,ChIJMeGskhzV0y0Rr7D0t7rf_Ls,Jembrana Regency
Puskesmas Pembantu Pangyangan,ChIJYfcqjH7T0y0R5CnwBD5Rldk,Jembrana Regency
PUSKESMAS 2 PEKUTATAN,ChIJdUJuN3rT0y0RlcomluOMnxU,Jembrana Regency
lapangan umum,ChIJw10vHRJi0S0REbBYm22KQ2A,Jembrana Regency
Sekretarian Daerah Kabupaten Jembrana,ChIJ_dYb4A1i0S0R7SGQLUWCVp8,Jembrana Regency
Jembrana Regent Office,ChIJS4vl1w1i0S0R25Sn-WdHU1w,Jembrana Regency
Tata Ruang Jembrana,ChIJg_oM1RFj0S0Rx8Y7roltQRo,Jembrana Regency
Dinas KOMINFO Jembrana,ChIJHYH_vg9j0S0RUEqfNQcYM-U,Jembrana Regency
Dinas Kependudukan Dan Pencatatan Sipil Kabupaten Jembrana,ChIJx7s5cg5i0S0Ryl1wcd6Yzxw,Jembrana Regency
Kantor Pertanahan Kabupaten Jembrana,ChIJb0u3EA5i0S0R2Gd7HAyVBdk,Jembrana Regency
Kantor Camat Jembrana,ChIJ04xCcgxi0S0R0tf8Cg2czXM,Jembrana Regency
Kantor pelayanan perizinan terpadu,ChIJ-ezhNQJj0S0Rn9ETG1GxAyg,Jembrana Regency
Dinas Kesehatan Kabupaten Jembrana,ChIJZVfwmw5i0S0Rw7A_wa5Llqk,Jembrana Regency
BPS Kabupaten Jembrana,ChIJE3b-4hFi0S0RvEKZ8YUvWkk,Jembrana Regency
Unit Pelaksana Teknis (UPTD) Jembrana,ChIJa2Q2oghi0S0RLnnA9KSBPOA,Jembrana Regency
Balai Penyuluh Pertanian Kecamatan Jembrana,ChIJcxUJbTdi0S0RlU0GXCjEvGU,Jembrana Regency
UPTD. KPH BALI BARAT,ChIJiZA3GABj0S0RCSlM1HMViOk,Jembrana Regency
Lapangan pemkab jembrana,ChIJh2KfXJxj0S0Rb1SYLMD7pJw,Jembrana Regency
"Dinas Pendidikan, Pemuda dan olah Raga",ChIJ6dMDbg5i0S0RbJsAU4NWr-g,Jembrana Regency
Legislature of Jembrana Regency,ChIJo9hL2g1i0S0RdDoa-XD7CvU,Jembrana Regency
Bappeda Kabupaten Jembrana,ChIJB9dAag5i0S0RS_jvi8dHEVw,Jembrana Regency
Badan Pengelola Keuangan & Aset Daerah,ChIJiTTAvhFi0S0RxPd0z0sAaKU,Jembrana Regency
Dinas Peternakan Kab. Jembrana,ChIJzZOf5w1i0S0RyZ_ssGDbMlY,Jembrana Regency
Dinas Kesejahteraan Sosial Kabupaten Jembrana,ChIJ2dDtFA5i0S0RRTYyfloM4ks,Jembrana Regency
Balai Tempek 1,ChIJA73MldBj0S0Rf0afM1JuQ4Y,Jembrana Regency
Kantor Perbekel Desa Mendoyo Dauh Tukad,ChIJyzVdeefZ0y0R-ctajYAS4Mo,Jembrana Regency
Dinas PU & PR,ChIJZZHPDQ5i0S0R8vqnuJsrHbU,Jembrana Regency
BPBD Kabupaten Jembrana,ChIJPYXf1Qhi0S0RPPxf6lSKHUI,Jembrana Regency
Kantor Resort KSDA Jembrana,ChIJt7q62B9j0S0RBQvl_tKjeis,Jembrana Regency
Disnaker Jembrana,ChIJIxlX7oBj0S0RYVfaIRG9Vaw,Jembrana Regency
Kantor Bendesa Adat Mendoyo Dauh Tukad,ChIJhyJAHt7Z0y0R94jf_wo85ys,Jembrana Regency
"Dinas Perhubungan, Kelautan Dan Perikanan",ChIJzZOf5w1i0S0R7vZs8LwUnsw,Jembrana Regency
Dinas Pertanian Kabupaten Jembrana,ChIJ5yK6_RFi0S0R6hYUYZvIl8o,Jembrana Regency
Kantor Lurah Dauhwaru,ChIJ_9UpcAli0S0Revix6V8vlAc,Jembrana Regency
Kantor Perbekel Poh Santen,ChIJjcIuGLTZ0y0RQWReqvsmvBI,Jembrana Regency
Brida Kabupaten Jembrana,ChIJl-YCtPdj0S0RypR07Zkgs5g,Jembrana Regency
Kantor MDA Kabupaten Jembrana,ChIJUWmB979j0S0Re9EPxS3jR0I,Jembrana Regency
Dinas Pemadam Kebakaran,ChIJU5JjQg5i0S0Ri_QV1coNS1I,Jembrana Regency
Kantor Inspektorat Kabupaten Jembrana,ChIJf1aZZ3dj0S0RpHTsBakLs5A,Jembrana Regency
Dinas Pariwisata dan Kebudayaan,ChIJBeiObQ5i0S0RPFHjKF1e8C8,Jembrana Regency
Dinas Lingkungan Hidup Kabupaten Jembrana,ChIJH8DvlCBj0S0RuMR3pVJ8PSA,Jembrana Regency
Kantor BPBD JEMBRANA,ChIJCXiNzQhi0S0R5Veo3dbZgLg,Jembrana Regency
Kantor Perbekel Mendoyo Dangin Tukad,ChIJxzgyZQDZ0y0RTKGA8uCc1co,Jembrana Regency
Kantor Pelayanan Pajak,ChIJAbgDHA5i0S0Rfha1cKr8lNs,Jembrana Regency
Tempat kerja,ChIJV4PiChxj0S0RFgv1ooGdMRs,Jembrana Regency
Kantor Dukcapil Jembrana,ChIJhfSueQ5i0S0RnN5jun-raNc,Jembrana Regency
KANTOR KELURAHAN PENDEM,ChIJN76knoBj0S0Ryumk1gcX9mU,Jembrana Regency
Direktorat Jenderal Pajak,ChIJv_GKfrVj0S0R5iJphsmt__Q,Jembrana Regency
Bali Banjar Lingkungan Pancardawa pendem,ChIJPZJyyytj0S0R1WO3y-aQBsI,Jembrana Regency
Gudang Farmasi Dinas Kesehatan Kabupaten Jembrana,ChIJNw1pyRFi0S0RyPhrS7jrIAA,Jembrana Regency
Gedung Auditorium pemkab jembrana,ChIJIc3sClhj0S0RgHERwBJY61Y,Jembrana Regency
UPPT Negara Bidang Perkebunan Dinas Pertanian dan Ketahanan Pangan Provinsi Bali,ChIJFU0pQgBh0S0RXcfh8q2xFp4,Jembrana Regency
Bale Banjar Ketugtug,ChIJW0R1agZi0S0RtsHCj_WC7PM,Jembrana Regency
PENGGAK GONDONG,ChIJ8QgK_Olj0S0RaBglUeElKss,Jembrana Regency
Gedung Pusat Layanan Usaha Terpadu ( PLUT) Kabupaten Jembrana,ChIJaZsqerxj0S0RlC4Tw4g7pJw,Jembrana Regency
Kantor PHDI Kabupaten Jembrana,ChIJQxZCwTxj0S0RVyWS61h8bS8,Jembrana Regency
Rumah Jabatan Wakil Bupati Jembrana,ChIJ5xCRTHVj0S0ROWYUNlpAxt8,Jembrana Regency
KP2KP Negara,ChIJ_yVfAg5i0S0Rq80_U2QVwtU,Jembrana Regency
Pelayanan BPKB Polres Jembrana,ChIJ02kqUgBj0S0REUkj1iZg6zY,Jembrana Regency
Kantor,ChIJQ7SF7Mdh0S0Rh8JriWeQbCw,Jembrana Regency
PosAja! Drop Point,ChIJr6FTBP5j0S0Rous2H2xJC_Q,Jembrana Regency
Puskesmas Dangin Tukadaya,ChIJVYkcKnRi0S0Rx6y1UxNDdFo,Jembrana Regency
Pengadilan Negeri Negara,ChIJVxeRHA5i0S0R-H28x9zpr4M,Jembrana Regency
Kantor Kepala Lingkungan Kelian Adat,ChIJ8YS6y-zY0y0RvXpa33lqeco,Jembrana Regency
Kantor Lurah Sangkaragung,ChIJIwkDq5jZ0y0RR_k1dOINshE,Jembrana Regency
Kantor Camat Mendoyo,ChIJ4Qk5QW7Y0y0RIEFYm7GhU9w,Jembrana Regency
Balai Benih Pembantu Pohsanten,ChIJ9STy4UTZ0y0Rpe9AOPSdb9I,Jembrana Regency
BPJS Kesehatan Kantor Kabupaten Jembrana,ChIJx97-Hh1i0S0R-paadAxaHFM,Jembrana Regency
"LBH PRAJADITA (Merta Dwipa Negara, SH.)Advokat",ChIJp9xOiKfY0y0Rkdj-tmamBUY,Jembrana Regency
RPH Yeh Embang,ChIJv254lTnZ0y0RBOSrVZaLyYc,Jembrana Regency
KANTOR PERBEKEL DESA BUDENG,ChIJs6tVcDLZ0y0RMqpuN3dM1o8,Jembrana Regency
BALAI PENYULUH KB KECAMATAN MENDOYO,ChIJM8FvXQBj0S0RqMAcSf2HdtM,Jembrana Regency
Barak Dalmas Polres Jembrana,ChIJhSnwZ0Nj0S0Rsv1d9-YxmmM,Jembrana Regency
Mal Pelayanan Publik (MPP) Kabupaten Jembrana,ChIJQQZv4dZj0S0RxliJha4vQio,Jembrana Regency
"Kantor Kelihan Dinas Banjar Munduk, Desa Air Kuning.",ChIJGRHd0BLZ0y0RfI_A8mJ7yhk,Jembrana Regency
R. SI TIK,ChIJMW1NLQBj0S0ROjt64aT_sAM,Jembrana Regency
Bale Banjar Sembung. Desa Penyaringan.,ChIJJTI0_gXY0y0R0nXfSzKmK38,Jembrana Regency
KANTOR PERBEKEL DESA YEH KUNING,ChIJNUq-ePDY0y0R51iVJKGh3wA,Jembrana Regency
Kantor Perbekel Desa Berangbang,ChIJc7aynTBh0S0RDp2Q8UAe6nA,Jembrana Regency
KANTOR PERBEKEL DESA DELOD BERAWAH,ChIJXQRFNUXY0y0RrFPZt7xN_aM,Jembrana Regency
KANTOR KELURAHAN BANJAR TENGAH,ChIJz51R_qdh0S0RfyVg2mw0xvI,Jembrana Regency
KANTOR KELURAHAN LOLOAN BARAT,ChIJ61ZA-6rY0y0RR7GR76M01Sk,Jembrana Regency
Kantor Perbekel Desa Kaliakah,ChIJeTaiv5Fh0S0RXyLQZjAEFQY,Jembrana Regency
Balai Penyuluhan Pertanian Kecamatan Negara,ChIJ5TB5GABh0S0RjYw_mON36ZQ,Jembrana Regency
Markas Nanta Crew,ChIJ-8K9OwNi0S0RxWCpGYc_L9Q,Jembrana Regency
Family Fram,ChIJF5_ACzdj0S0RAy4wvV0Hzho,Jembrana Regency
GEDUNG KPU JEMBRANA,ChIJXQjk7axh0S0RPm-_77WI9-I,Jembrana Regency
Kantor Pos Negara,ChIJPRft0ghi0S0RvXsl88l65Pg,Jembrana Regency
Balai lingkungan kebon Sari,ChIJccf57x9i0S0RxeHlUTgMJwA,Jembrana Regency
Rusun Aspol Jembrana,ChIJB6AV3sJj0S0RemlBBCCJsrU,Jembrana Regency
Balai Lingkungan Satria,ChIJtfbvrgRi0S0RJbZ3NFGN1cI,Jembrana Regency
Kantor Lurah Tegalcangkring,ChIJe-7DT2zY0y0RVI8J7ext0sI,Jembrana Regency
InaTEWS NJBM,ChIJR0LMAwBh0S0Rlgoh_7csF5A,Jembrana Regency
"Kantor Desa Tegal Badeng Timur, Negara",ChIJnxjRZV7f0y0RFFHPLntu23Q,Jembrana Regency
Kantor Desa Perancak,ChIJq6qqqtPY0y0RSv-BjTuX1tA,Jembrana Regency
Iyan Kacuutt,ChIJSYz9FZHZ0y0RjhnUfvrHF2M,Jembrana Regency
Perumahan PNS Lembaga Pemasyarakatan,ChIJgSPt0QJi0S0Rn7sN16XuNFE,Jembrana Regency
Polres Jembrana,ChIJw7pfhwNi0S0R-7FlI4wkEkg,Jembrana Regency
BPJS KETENAGAKERJAAN KCP JEMBRANA - NEGARA,ChIJnwO31-Zj0S0RrjlUoIkKV1g,Jembrana Regency
KANTOR KELURAHAN BALER BALE AGUNG,ChIJvef_jiBi0S0R-XUCEddUsX8,Jembrana Regency
Kantor BROL Jembrana,ChIJk3dO3-bZ0y0RnY8yKjHaP34,Jembrana Regency
KANTOR PERBEKEL DESA PERANCAK,ChIJvbxR-G3f0y0RjPE7oLUzpks,Jembrana Regency
Balai Banjar Tibu Tanggang,ChIJj601w6d90S0RF3GH7zI86UA,Jembrana Regency
Komisi Pemilihan Umum Kabupaten Jembrana,ChIJ-3XSn_dh0S0Rlp45ME0E2Xw,Jembrana Regency
Subdenzibang 033/ IX Singaraja POS NEGARA,ChIJN-SROqlh0S0RwU-VWuRWQBU,Jembrana Regency
Kantor Saercomp,ChIJK_SBA8_Y0y0RTyu8tA4uYv0,Jembrana Regency
Balai Pengelolaan Informasi Sumber Daya Kelautan dan Perikanan (BPISDKP),ChIJLWe8HP3Z0y0RbdDcGFrzpGw,Jembrana Regency
BALAI TEMPEK TRI GUNA,ChIJm9AVFZth0S0RT8rH-iLy2is,Jembrana Regency
Perumahan Taman Sari Batu Agung,ChIJVdBa3yZj0S0RXtUXdwE-OXY,Jembrana Regency
KANTOR PERBEKEL DESA YEH EMBANG KAUH,ChIJq9_bSODX0y0RelyKhRH-UkQ,Jembrana Regency
IPA BENEL PDAM JEMBRANA,ChIJjXK7Fb1h0S0RVRGx50v0xLM,Jembrana Regency
Kantor Urusan Agama Kecamatan Negara,ChIJmRvKEGLf0y0RdT2kck-JHGI,Jembrana Regency
TIK POL RES JBR,ChIJpZ-Ca09j0S0RR3J0iuUv_M8,Jembrana Regency
Perumahan Puri Dangintukad,ChIJy3kvIp7Y0y0R7JrQmG6Cl-8,Jembrana Regency
Kantor Perbekel Desa Pengambengan,ChIJoauvgw3f0y0RL4oSU9lt7A4,Jembrana Regency
Banjar Dangin Berawah,ChIJ6bSBOwDZ0y0RzAwisqxwvWo,Jembrana Regency
Perumahan Taman Pule,ChIJ0ymCqSJi0S0RBMkOZZtumhM,Jembrana Regency
KANTOR PERBEKEL DESA TEGAL BADENG BARAT,ChIJnUoxU33f0y0Rm_7DLIXzjnk,Jembrana Regency
Institute For Marine Research And Observation,ChIJX_i1Hc_Y0y0RC1byv00zRKs,Jembrana Regency
Perusahaan Umum Daerah Air Minum,ChIJc6ijGvFh0S0Rx7J9LLRTF2I,Jembrana Regency
KANTOR PERBEKEL DESA BANYUBIRU,ChIJiRJzgsph0S0R3h_HhH79b1Y,Jembrana Regency
Staklim BMKG Negara Bali,ChIJz6p8k4lh0S0RNhAL5n2ejAA,Jembrana Regency
KANTOR PERBEKEL DESA BALUK,ChIJ27aVw8xh0S0RZlrV23eIThA,Jembrana Regency
MARKAS TIGER FIGHTER,ChIJrwgkCmnZ0y0R7GAStUcR4E0,Jembrana Regency
KANTOR PERBEKEL DESA MANISTUTU,ChIJhYn13d1g0S0RYsBbfY4HBEg,Jembrana Regency
Pos Unit Negara,ChIJcwrc3QJi0S0Rj4sCSygUtzY,Jembrana Regency
KANTOR PERBEKEL DESA CUPEL,ChIJpz145Cpg0S0RnevPWmoQTNM,Jembrana Regency
Posko Skha Ichik Crew,ChIJWTgPiCpj0S0RV9-4I2u13Fo,Jembrana Regency
MEGA - biro jasa Bali,ChIJLVr8VwDZ0y0Re5MWKW7IhSo,Jembrana Regency
Pesona Manistutu,ChIJbWWyBvZn0S0ROlX6p8Ka11w,Jembrana Regency
Polsek Negara,ChIJzU5Sawxi0S0RxXx7iRSgKgc,Jembrana Regency
Drm.crew,ChIJe41poAjZ0y0R4OHlHipq654,Jembrana Regency
JokoTole Audio,ChIJXefsvcbZ0y0RV23E-v7PF7I,Jembrana Regency
SAMSAT Jembrana,ChIJE1b67Oth0S0R0NVm43aZJvg,Jembrana Regency
Bale Banjar Bale Agung,ChIJU36C867X0y0RmFSmXJTVqa4,Jembrana Regency
Perumnas Loloan Barat,ChIJ-4A3FqvY0y0RYARK72uz7Gc,Jembrana Regency
Pondok Negara,ChIJl41zPOlh0S0Rj8cFGOAEfJg,Jembrana Regency
Komplek perumahan sengkuni permai,ChIJH95pAQHZ0y0RBhOwcF3DTj8,Jembrana Regency
Citen shop simpang 3,ChIJxY-ybhFj0S0RfvQQrda1g4k,Jembrana Regency
UD.MANIK ANGGUN,ChIJdVmICwDZ0y0RNPKyGHPQOr4,Jembrana Regency
PosAja! Drop Point,ChIJf7iRzaFh0S0RJvvr-QN7JpI,Jembrana Regency
PosAja! Drop Point,ChIJTUvhqkVj0S0RYu-UH3U-DHw,Jembrana Regency
Puskesmas II Jembrana,ChIJj0jsS-PY0y0RoxVwFjor-Ps,Jembrana Regency
Puskesmas Negara IV ᬧᬸᬲ᭄ᬓᭂᬲ᭄ᬫᬲ᭄ᬦᭂᬕᬭ᭔᭟,ChIJEf0UJvfY0y0Ru9m9Qv1Apz8,Jembrana Regency
SLB Negeri 1 Jembrana,ChIJP-MVaQBh0S0RxTW5UlRHHW8,Jembrana Regency
Puskesmas I Negara,ChIJ1yU-trVh0S0RM-zw_dqXvLo,Jembrana Regency
JNE CABANG NEGARA,ChIJp3kHVp1h0S0R3DaR9GiYJr0,Jembrana Regency
PosAja! Drop Point,ChIJzZSjZxh90S0RD-f0BgMbANI,Jembrana Regency
Perum Mutiara Regency,ChIJDYmuf61h0S0RxBl9QbIWD7w,Jembrana Regency
Puskesmas II Negara,ChIJPzxD_hLf0y0R7o-XB4K6BKU,Jembrana Regency
Kantor Urusan Agama Kecamatan Pekutatan,ChIJKc8FMozV0y0ROpy_zR1iVz4,Jembrana Regency
Kantor Camat Pekutatan,ChIJJ999HjXV0y0RpKaAU9QSZL0,Jembrana Regency
Rumah Pak Sinyo,ChIJI5RVXwBj0S0R58VTpPVm-_s,Jembrana Regency
Perumahan Abror Property,ChIJJ59Nzehh0S0R77VXVXQhU9M,Jembrana Regency
TK & SDN Satu Atap Tegal Badeng Timur,ChIJ0_Eaml7f0y0RMyfVoM8r6e0,Jembrana Regency
SDN 2 BERANGBANG,ChIJPZtUdK1h0S0R5ATvcrjwFGg,Jembrana Regency
SDN 4 Banyubiru,ChIJ9U6dZk9g0S0RLYO-6L7sKQk,Jembrana Regency
SD Negeri 2 Batuagung,ChIJodAiSLRj0S0Raidv4TPdhH4,Jembrana Regency
SD negeri 3 baluk ᬲ᭄ᬤ᭄ᬦ᭄᭓ᬩᬮᬸᬓ᭄᭟,ChIJCcybdDlg0S0RAlxxwJH3aLM,Jembrana Regency
Kimstella Network,ChIJJ1KGK1xj0S0RxkqrpMcyXjo,Jembrana Regency
SD Negeri 3 Pohsanten,ChIJyXCEjORi0S0RupycX7wvah8,Jembrana Regency
Pentol Cilok Jokam 354 ( Depan SDN 4 Pendem ),ChIJWZUYYjJj0S0Raw9DJOCdCD4,Jembrana Regency
SD Negeri 9 Penyaringan,ChIJzb8z1-_X0y0RBukD_jcPSy4,Jembrana Regency
Posko KKN-PPM UNUD 2024 Desa Penyaringan,ChIJnak-CufX0y0RiCdZQlFEX7Y,Jembrana Regency
Pertamina Petrol Station,ChIJnSutnYHY0y0R8OGqpysmjHI,Jembrana Regency
SPBU 54.822.13,ChIJbyfnawVi0S0RNvt7q1iVyFM,Jembrana Regency
SPBU Pertamina 54.822.03 Loloan Timur,ChIJ9zm-4AVi0S0Rm73-zRqdHWY,Jembrana Regency
SPBU Pertamina 54.822.16,ChIJT6z9vfVj0S0RCDyuDsw7CYE,Jembrana Regency
Rencana SPBU,ChIJW6u46h1j0S0R6u_0INVkXmI,Jembrana Regency
Pertamina SPBU Kaliakah,ChIJq6qqqvlj0S0RMQqIBGWZh84,Jembrana Regency
PERTAMINA,ChIJ317uXQVi0S0Rec1Pm2ToWOA,Jembrana Regency
Pertamina Petrol Station,ChIJTwI0pSbY0y0Rwf0spqQVYvA,Jembrana Regency
Gas Station State Kaliakah,ChIJgVZ3S-1h0S0R_IxImbA3xQA,Jembrana Regency
Lpg,ChIJMRqmWQVi0S0RGDxoZbjFcLg,Jembrana Regency
Pertamina,ChIJ2ze-Yvlh0S0RYudiZ7SBaM4,Jembrana Regency
Pom mini agus eva,ChIJndw6UQBj0S0RpdJaMlfwX30,Jembrana Regency
Jembrana Spbu Sebual,ChIJdwocnYHY0y0RJs1ZuESCdpE,Jembrana Regency
PERTAMINA Gas Station,ChIJ-dBtErZh0S0Rx6I0r_xZFpM,Jembrana Regency
PERTAMINA,ChIJfTvLU6nY0y0REBQgja-Qwxc,Jembrana Regency
SPBU,ChIJbVhqWC_f0y0RHnoZqt_l7YY,Jembrana Regency
Pertamina,ChIJgSch8QFi0S0RNBKYxsUS1rQ,Jembrana Regency
SPBU Pertamina 54.822.09 Mendoyo,ChIJC3nzrvbW0y0RHtncxCSXulY,Jembrana Regency
Edir Khan Pengamen Jember,ChIJpTSOYQBj0S0RcHnpSFuqa5U,Jembrana Regency
Pertamina SPBU,ChIJ03BxlI5g0S0Rn98Kgnow2x4,Jembrana Regency
Pertamina Perancak,ChIJO8ru9iXf0y0R9CRD-Xr9AIw,Jembrana Regency
SPBN 20.2.7.002 AKR,ChIJhdSBMzvf0y0RbWmpcrV6-Kc,Jembrana Regency
PERTAMINA,ChIJX5CiliLf0y0RnnAYBQKbUDk,Jembrana Regency
SPBU Pertamina 54.822.15 Pulukan,ChIJQxk7U6fW0y0RASbaWGbeRDw,Jembrana Regency
Gus mang hensem,ChIJE2YcYVFj0S0RJgWvsIosrYw,Jembrana Regency
Nayatama Pertamini,ChIJ-TrFafhh0S0Rnr0VXegi9-o,Jembrana Regency
Pertamina Spbu Tuwed,ChIJq6qqquZm0S0RT8c3B9_yrNA,Jembrana Regency
Pertamina Petrol Station,ChIJPYOOvgFd0S0R4ocuppfY5S0,Jembrana Regency
101 motor,ChIJ3Xf1uBJj0S0RbLYaC8Fv-7M,Jembrana Regency
Pertamina 54.822.02 Petrol Station,ChIJgY1JN3pD0S0R8WOcIl9uyM4,Jembrana Regency
Bank BRI ATM - SPBU RAHAYU,ChIJsTNqInFj0S0R4zow3bab_uQ,Jembrana Regency
ISTANA DEDE,ChIJZeU9tKVj0S0RXjk7ZuW1zbY,Jembrana Regency
Yudha Jaya Motor,ChIJO_3aMXtj0S0R-I5kI1Q-8a4,Jembrana Regency
Pertamina Petrol Station,ChIJlzAcFHPU0y0RZtyHC-_lzLw,Jembrana Regency
Pertamini Kembar,ChIJX8Xqf9hh0S0RY9JJr3R2R3Q,Jembrana Regency
Pertamini Nengah Uliani,ChIJBbiowwzf0y0RPyyrX_u1-AQ,Jembrana Regency
Pertamina,ChIJNUezzwRe0S0RWeAH5-eQtkY,Jembrana Regency
"Pertashop Peh,Kaliakah",ChIJDb7xA3dh0S0RkYpeaV1uvD8,Jembrana Regency
Pertamina Petrol Station Pangyangan,ChIJF7a5hG_T0y0RaErPPF_g4R8,Jembrana Regency
Harta Jaya Motor,ChIJu7EiOynZ0y0RTKSmLE6pa8I,Jembrana Regency
Gio motor,ChIJezEdVQBj0S0RlmMbojkx4nc,Jembrana Regency
Motor Coffee Bali,ChIJfQgyYwBj0S0RxaS1yUmWLxc,Jembrana Regency
JAYA AKI,ChIJI1lpunRi0S0Rcrx4u5E3HTA,Jembrana Regency
Pertamina,ChIJbzh68FXU0y0RsUcsJqEHXGw,Jembrana Regency
Bengkel Manis Motor,ChIJ90w6xRFj0S0R9i1oteOaEkE,Jembrana Regency
Bengkl sepeda motor,ChIJc8y-ZgBj0S0RKeoB3v7yHgE,Jembrana Regency
SPBU ASAHDUREN,ChIJ1e0h5VXU0y0ReBKlLXmeWlU,Jembrana Regency
Windu jaya motor,ChIJF6MtYQBj0S0R6-2JhktZKPs,Jembrana Regency
Pertamina Spbu 54 822-11,ChIJ_____wtd0S0RPPF16DqqdEo,Jembrana Regency
SPPBE Pertamina Pande Agung Dewata,ChIJ2ffi7HvT0y0RqS1Fi596084,Jembrana Regency
Pertamini mang no 2,ChIJnQTUO59n0S0RK646K5nzqJI,Jembrana Regency
Dika motor,ChIJfxiIdzVj0S0RdjgSiETuEoU,Jembrana Regency
Tabanan Sticker Jembrana,ChIJkyh_GwBj0S0RGzh0G4Uahhk,Jembrana Regency
MTs Al Mustaqim Negara,ChIJy9rYjfFh0S0R1ow9zWq6RcM,Jembrana Regency
MTs. Negeri Jembrana,ChIJq7eU06NA0i0RPFrwVu0p5B8,Jembrana Regency
SDN 1 Ekasari,ChIJERP6xZ9n0S0RgJ3DekCPY1g,Jembrana Regency
Bale banjar girikusuma,ChIJxbwa1i9f0S0RjYzMvUHQNwU,Jembrana Regency
ᬧᬗ᭄ᬓᬸᬂᬢᬦᬄᬓᭁᬄ᭟ Bale Banjar Dinas Pangkung Tanah Kauh,ChIJYQTR8lpd0S0RsRofmhcJ7Kw,Jembrana Regency
Resto,ChIJixjZpRJj0S0RAr527GdTjPk,Jembrana Regency
Jero Pacekan Pacek Jembrana,ChIJEwfx9F1j0S0RbCLaOo48QFI,Jembrana Regency
Home gio,ChIJOZ6NZABj0S0REK_lvkYUqh8,Jembrana Regency
Jeron aji mamo,ChIJu4n425Rh0S0RyoBmni4SPDo,Jembrana Regency
ᬘᬦ᭄ᬤᬶᬲᭂᬕᬶᬢᬶᬕᬘᬦ᭄ᬤᬶᬓᬸᬲᬸᬫ᭟ Candi Segitiga Candikusuma,ChIJMcaY7RNf0S0Rc4FwGqs3_dE,Jembrana Regency
Monumen Nasional Nusamara,ChIJezx_vRjW0y0R22o2vBVXJIY,Jembrana Regency
Pondok Tu Bintang,ChIJA9lD7thh0S0R1a25YFkMrSs,Jembrana Regency
Tingklik Danu,ChIJ19P3fwBj0S0RKvRtzHhmqzg,Jembrana Regency
Tugu perjuangan air kuning,ChIJgY-24PLZ0y0RRF7tHThfLbA,Jembrana Regency
bale banjar pangkunkwa,ChIJBZc2fwB90S0R8ukKCuAG2ro,Jembrana Regency
Tibu bunter,ChIJEWbdTgDZ0y0R5xN_Kgb269g,Jembrana Regency
Menara suar Pengambengan Light Beacon Station,ChIJt2BxjjDf0y0RQ9wfM3hqHSY,Jembrana Regency
Alparizi's house,ChIJwyIECdPf0y0R8eyw9i_tyyk,Jembrana Regency
Tugu Perjuangan Pulukan,ChIJ06pERtPV0y0RkA7YN-_UWFc,Jembrana Regency
Pura Palungan Batu,ChIJyTj_IU9j0S0RUdElXuUn3pc,Jembrana Regency
Bendung Tegak Gede,ChIJn4daHR190S0RtSwgYlbcNRo,Jembrana Regency
Samping umo,ChIJb3aNEwDZ0y0R6mSEK2wJU_Y,Jembrana Regency
Didit rengas,ChIJAdHpxq5h0S0RIz5MZo0iEmI,Jembrana Regency
Negara Palace,ChIJQxoMTwJi0S0RXFnC3Zzz36k,Jembrana Regency
I Gede somo,ChIJk7sjJABn0S0RDZvHVJ_Hgcw,Jembrana Regency
Ferto Verbiyan House,ChIJhXz9zEVn0S0R4EqZon_cNcw,Jembrana Regency
Wayan westra,ChIJr8iMulFd0S0R2YED_PUXGzg,Jembrana Regency
kubu,ChIJ91hgAQDT0y0RGakCdnjr5Nc,Jembrana Regency
Rumah juna salsa,ChIJSxRtWwBh0S0RL7ic0c9dS98,Jembrana Regency
SD Negeri 3 Asahduren,ChIJHca2bPPV0y0R2kJuyLmAvIs,Jembrana Regency
MI Nurul Islam Pulukan,ChIJBVVeNNTV0y0RX9MmMPtK__I,Jembrana Regency
SD Negeri 2 Asahduren,ChIJ0Y2ZlX3V0y0RYQmLg8ClweE,Jembrana Regency
SD Negeri 2 Medewi,ChIJ11ygy-nV0y0RpdP8d7ljVmc,Jembrana Regency
SD Negeri 4 Medewi,ChIJt3pt8bHV0y0RGU1o_kQBsj0,Jembrana Regency
MI Nurussalam,ChIJOaiX1qHW0y0RrxXx6AjJjQ0,Jembrana Regency
SD No.3 Medewi,ChIJZ56X7c7V0y0Ramygxhd6zuk,Jembrana Regency
SD Negeri 2 Gumbrih,ChIJe4lzq_bT0y0RnHCyHfOeC6w,Jembrana Regency
Sd N 1 Pengeragoan,ChIJf2_sAWfT0y0Rs128JIouJBU,Jembrana Regency
SD Negeri 1 Manggissari,ChIJv9au4M3V0y0RC1lgmj8Mrl0,Jembrana Regency
SD Negeri 3 Yehembang Kauh,ChIJx7BOBc190S0RSUzWlM3iG4U,Jembrana Regency
SD Negeri 7 Penyaringan,ChIJl8oDioTZ0y0R3nIXgk4tf_g,Jembrana Regency
SD Negeri 3 Penyaringan,ChIJrWbtHkLZ0y0RGvA8w19H3qU,Jembrana Regency
SMP N 3 YEHEMBANG,ChIJm-f12vfX0y0RzXYSt0G28N8,Jembrana Regency
Kantor Perbekel Pekutatan,ChIJWQF4MnPU0y0RSI46HvcFzmY,Jembrana Regency
KANTOR PERBEKEL DESA PENGRAGOAN,ChIJb5LWrEUr0i0ROvWUt9zEh7Y,Jembrana Regency
Kantor Perbekel Desa Pulukan,ChIJDTe2BbHV0y0Rdhh1o43eUsg,Jembrana Regency
TK Dharma Sastra,ChIJv_0WDf3Z0y0R7_sVp7LmZPs,Jembrana Regency
SD 4 Penyaringan,ChIJGX_j9u7X0y0RdqrSCs0lw_M,Jembrana Regency
Jembatan petanahan,ChIJK8jZr39j0S0R0rsmOh3xSyw,Jembrana Regency
Jembatan Tk.Keladian,ChIJ_3SMBThj0S0RqWelJLv5axE,Jembrana Regency
Jembatan Tk.Mendoyo,ChIJPYP1kmrZ0y0RXI5BD2Rw1DM,Jembrana Regency
Jembatan Tk.Sebual,ChIJhU28kjnZ0y0R7opjfMWvXEg,Jembrana Regency
Jembatan Tk.Pergung,ChIJWeLhYq3Z0y0Ro89DfaXfyTU,Jembrana Regency
Jembatan Sarif Tua Loloan,ChIJD0yReVHZ0y0Rtox6IpahdlA,Jembrana Regency
JEMBATAN PERAK,ChIJLXVmP4zZ0y0RQvcbf1byUkE,Jembrana Regency
ᬚᬾᬫ᭄ᬩᬢᬦ᭄ ᬢᬸᬓᬤ᭄ ᬳᬶᬚᭀ ᬕᬤᬶᬂ᭟ Jembatan Tk.Ijo Gading,ChIJcT82Anhj0S0ROlgHaIX8_pQ,Jembrana Regency
Pak Tut Koper,ChIJAUPZRvRj0S0RBWc9EBlugIo,Jembrana Regency
Wisata Gelar River,ChIJn8tm-5lj0S0Rpsz1wSxdGOA,Jembrana Regency
ᬚᬾᬫ᭄ᬩᬢᬦ᭄ ᬢᬸᬓᬤ᭄ ᬓᬮ᭄ᬬᬓᬄ᭟ Jembatan Tk.Kaliakah,ChIJxa0k4S9h0S0RPza4AHQzJlA,Jembrana Regency
ᬚᬾᬫ᭄ᬩᬢᬦ᭄ ᬬᬾᬄ ᬳᬾᬫ᭄ᬩᬂ᭟ Jembatan Yehembang,ChIJVVCqBK_X0y0RqOjMI-ajsV0,Jembrana Regency
Jembatan vinca,ChIJqQULO4hj0S0REi3swONcwo0,Jembrana Regency
Jembatan baru,ChIJKVbcDZ3Z0y0RbphweFg7wdk,Jembrana Regency
Jembatan Tk.Yeh Buah,ChIJU-YBlGjX0y0Ra2cDtQFs9AI,Jembrana Regency
Hotel Jembatan Ujung,ChIJ5Rrm-9DZ0y0RG7LxsrOq-6w,Jembrana Regency
Ambenan Ijo Gading,ChIJ-xXOEN5j0S0RAofR7ZelFxU,Jembrana Regency
Jembatan Pangkung Blangsah,ChIJH10D3Xp90S0RB0AZTaO3ROQ,Jembrana Regency
ᬚᬾᬫ᭄ᬩᬢᬦ᭄​ᬢᬸᬓᬤ᭄​ᬩᬾᬭᬂᬩᬂ᭟ Jembatan Tukad Berangbang,ChIJf73bP89h0S0Rif9wmF6h4Co,Jembrana Regency
Historical Bridge,ChIJEz-1TCXW0y0RNCj7Urm08jo,Jembrana Regency
ᬚᬾᬫ᭄ᬩᬢᬦ᭄​ᬢᬸᬓᬤ᭄​ᬲᬗᬂ​ᬕᬾᬤᬾ᭟​ Jembatan Tukad Sangyang Gede,ChIJ68-_qhVf0S0RKUVgOG95Heo,Jembrana Regency
Jembatan Tk.Yeh Sumbul ᬚᬾᬫ᭄ᬩᬢᬦ᭄ ᬢ᭄ᬓ᭄᭟ ᬬᬾᬄ ᬲᬸᬫ᭄ᬩᬸᬮ᭄᭟,ChIJkbHzEwvX0y0RiZDSevyzWhk,Jembrana Regency
ᬚᬾᬫ᭄ᬩᬢᬦ᭄​ᬢᬸᬓᬤ᭄​ᬫᬮᬬ​᭝᭑᭝​᭟​ Jembatan Tukad Malaya I,ChIJYXl8f0Nd0S0Ry9OpXTV2fpo,Jembrana Regency
Sirkuit Makepung Samblong,ChIJFyCy-ujY0y0RdgojH9Fp0xk,Jembrana Regency
ᬚᬾᬫ᭄ᬩᬢᬦ᭄​ᬢᬸᬓᬤ᭄​ᬧᬾᬭᬾᬫᬶᬲᬦ᭄᭟​ Jembatan Tukad Peremisan,ChIJhbhqnBld0S0RDBKt2GA3kO0,Jembrana Regency
Sawi cemplung mamax anick,ChIJ3VAy6qlj0S0REmNArIdJQjk,Jembrana Regency
ᬚᬾᬫ᭄ᬩᬢᬦ᭄ ᬢᬸᬓᬤ᭄ ᬩᬢᬸ ᬓᬭᬸᬂ᭟ Jembatan Tk.Batu Karung I,ChIJ6Vb1Mp9d0S0R3ZHsHjm3lNo,Jembrana Regency
Jembatan Tk.Pulukan,ChIJKSZN87zV0y0R3-SfVA5zmvU,Jembrana Regency
Tk.Kelatakan I,ChIJ_VSGhVhd0S0RhVA_wN2gRms,Jembrana Regency
CREATIVE Sawah Gede,ChIJY36Mpl_f0y0R9JpRzjORJWo,Jembrana Regency
Ruang Kesehatan Gigi dan Mulut UPTD Puskesmas I Mendoyo ᬭᬸᬯᬂᬓᭂᬲᬾᬳᬢᬦ᭄ᬕᬶᬕᬶᬤᬦ᭄ᬫᬸᬮᬸᬢ᭄ᬉᬧ᭄ᬢ᭄ᬤ᭄ᬧᬸᬲ᭄ᬓᭂᬲ᭄ᬫᬲ᭄ᬫᭂᬦ᭄ᬤᭀᬬᭀ᭑᭟,ChIJU8bIBwDZ0y0R_R-GIJZ-omM,Jembrana Regency
Puskesmas Kaliakah,ChIJf5gK27Vh0S0Rdu1lOYhl6X4,Jembrana Regency
Puskesmas Yehehembang,ChIJt9VODqvX0y0RoVLUuG8hhAg,Jembrana Regency
Mother Hospital State,ChIJnSOc2S1i0S0RuqupdiOJchA,Jembrana Regency
Puskesmas Mendoyo II,ChIJKYl_DqvX0y0ReJMzULVWfPU,Jembrana Regency
Puskesmas I Pekutatan,ChIJP0KMXBfU0y0REiFbjYZpK08,Jembrana Regency
Rumah Sakit Umum Negara,ChIJQ9Btrh1i0S0RRiwHshFp8fY,Jembrana Regency
Puskesmas Gilimanuk,ChIJI5sB9oND0S0RUG-qJqWNoFI,Jembrana Regency
Medical Alkes,ChIJm-EQoG9h0S0R3b1DQ06khqY,Jembrana Regency
Galeri Cagar Budaya Mpu Sindok,ChIJT_bkIJRBeC4RpkGr4kMuxvA,Jombang Regency
Perempatan ke selatan,ChIJs3ypQgBBeC4RtcCXGSoLa08,Jombang Regency
Puskesmas Tembelang,ChIJsT4eBys-eC4RgiZXlSglYSc,Jombang Regency
BLUD Puskesmas Bareng,ChIJFcKByZNoeC4RRgJcI1r4Nzw,Jombang Regency
Bangunan bersejarah penjalinan,ChIJoQ1FRCUVeC4R9HWPNt-ffQk,Jombang Regency
SD N 2 Busungbiu,ChIJ0d3gTj-D0S0RD-F4urNpBd0,Kab. Buleleng
SDN SUKAHAJI II,ChIJfaRCMdxB0i0Rl1XpIke-714,Kab. majalengka
Pertamina Shop,ChIJ23fgk-w_0i0R-LXvWWz61Po,Kabupaten Bangli
Mount batur trekking and jeep tour sunrise service,ChIJQ4cwkjnx0S0Rxa2Cc0Vj4CM,Kabupaten Bangli
PUSKESMAS BUNTUT BALI,ChIJNU5Yu78j0i0RfLOA5ka_XIo,Kabupaten Katingan
GUIDE PANORAMA WALK,ChIJCY8nTABB0i0RTtXv4JVJa24,Kabupaten Lombok Utara
Puskesmas Pembantu Pakuaji,ChIJw2W_n_Q_0i0R22zjCg1pj78,Kabupaten Tabanan
Crossroads,ChIJXwU7-EHwwIcRHGzzvs5YjL4,Kansas City
PUSKESMAS PEMBANTU (PUSTU),ChIJ36jgKorx5C0RvBH6GfiQhCE,Kapuas Regency
SDN 1 PESABAN,ChIJTTqrUwsa0i0RE_ri6gO4cjo,Karangasem Regency
SDN 1 Tangkup,ChIJFwNHP_IQ0i0R8DVcaHzFr0Y,Karangasem Regency
SDN 1 Kertha Buana,ChIJhdqG2_wQ0i0RRpMkatKF4a0,Karangasem Regency
SDN 1 Lokasari,ChIJ1zw-ogER0i0RrqkiGF4Sw9U,Karangasem Regency
SDN 2 Sangkan Gunung,ChIJyY2kgfgb0i0RZz9A6tqps_k,Karangasem Regency
SDN 2 Pesaban,ChIJ2bEhsHQa0i0Ru4QL-J-5ihg,Karangasem Regency
SDN 2 Lokasari,ChIJwxVb2_wQ0i0RWo-eDpeBJoA,Karangasem Regency
SDN 5 Sangkan Gunung,ChIJ0536l34a0i0RN9v8Fz4JStE,Karangasem Regency
SDN 2 Talibeng,ChIJBb0wJ1gQ0i0RVJoRwXHwLp0,Karangasem Regency
SDN 3 Wisma Kerta,ChIJ86OQO_QQ0i0RwRICKMQQbUY,Karangasem Regency
SDN 1 Telaga Tawang,ChIJ3W0jeHIQ0i0RU4aDWmr-hy4,Karangasem Regency
SDN 3 Talibeng,ChIJ_____0QQ0i0RLRRA-Cp10Wk,Karangasem Regency
SDN 1 Sidemen,ChIJFwftQZga0i0RwUlaqg3iIRg,Karangasem Regency
SDN 2 Telaga Tawang,ChIJDfKW2BEQ0i0RlCYxccTp-Ws,Karangasem Regency
SD 6 BAN,ChIJbQ9mlxD30S0Rc97FbLVTfeo,Karangasem Regency
Balai Banjar Lebih,ChIJBRcVbU0D0i0RdTR6RXQZFlc,Karangasem Regency
BALAI BANJAR JUNTAL KELOD,ChIJGdPfCxb50S0RnV-8HuauKts,Karangasem Regency
Balai Banjar Tengah,ChIJN2IwVj4F0i0Rdpj1oyRu38M,Karangasem Regency
SMP Negeri 3 Sidemen,ChIJfXtEsroH0i0R1Y8k3f0WhPA,Karangasem Regency
SMP Negeri 1 Sidemen,ChIJw3pW-5ga0i0RL75wUcnr4Vg,Karangasem Regency
SMP 1 Atap Sangkan Gunung,ChIJ243PskIb0i0R9SzlbKB9_wk,Karangasem Regency
SMP Negeri 1 Rendang,ChIJkask5J4b0i0REbbNNJMri0A,Karangasem Regency
SMP Negeri 3 Rendang,ChIJq9uN8Joc0i0RLrB2J7DkKOo,Karangasem Regency
SMPN 2 SIDEMEN,ChIJoRW2XgAR0i0RDLR78tGluHE,Karangasem Regency
SD Negeri 1 Ngis,ChIJfXtEsroH0i0RtssUY8u0bek,Karangasem Regency
SDN 1ANTIGA KELOD,ChIJcbFIGpcP0i0RK_PQTL0WiGQ,Karangasem Regency
SDN 1 Ulakan,ChIJryrnF7AP0i0R2r9l357HawA,Karangasem Regency
Sekolah SD 1 ANTIGA,ChIJ7e0u6jMO0i0RWgMgQxVhbpw,Karangasem Regency
SD Negeri 1 Pesedahan,ChIJ2ZkfH6v4BAUREuRT-Ps45lM,Karangasem Regency
SD NEGERI 2 ANTIGA KELOD,ChIJW3FKvwgO0i0R42LnMB2ffmM,Karangasem Regency
SD Negeri 1 Datah,ChIJJWJp4wkB0i0RTGo__xnuxn8,Karangasem Regency
Tenganan Public Elementary School No. 2,ChIJp-sA37AI0i0RDMSn1lI2MNs,Karangasem Regency
SD Negri 1 Tumbu,ChIJ9VXTzs4H0i0RQuKlcjNA-2A,Karangasem Regency
SD Negeri 7 Datah,ChIJfXtEsroH0i0RdQ1DzE7WKBk,Karangasem Regency
SD Negeri 1 karangse,ChIJfXtEsroH0i0R42ZAe4ZosCU,Karangasem Regency
SD NEGERI 2 TULAMBEN,ChIJ5S3tzxr_0S0RjjdcFPyd5h0,Karangasem Regency
SD Negeri 3 Datah,ChIJK_wGwWwB0i0Ro9UCDxaAMBc,Karangasem Regency
SD Negeri 3 Abang,ChIJe87P6sYG0i0RI6x1xMGymHg,Karangasem Regency
SD Negeri 4 Datah,ChIJn-r0KqYB0i0RYMMbOAs1uUo,Karangasem Regency
SD Negeri 1 Kertha Mandala,ChIJf3MTWPYB0i0RNxne22U4CwE,Karangasem Regency
SD Negeri 1 Tri Buana,ChIJkbFx1ykH0i0RlklVQsNL_gg,Karangasem Regency
Balai Banjar Luah,ChIJJaSLNCEb0i0R2gfPS_NXvBE,Karangasem Regency
Balai Banjar Adat Pungutan,ChIJV7vf9BUQ0i0R6ySyMwoqD8A,Karangasem Regency
Balai Banjar Karanganyar,ChIJ9_6HB8kP0i0RdQTcAI4xtY4,Karangasem Regency
Balai Banjar Kaler Antiga,ChIJPxF14DMO0i0RuXNN3pR0T4w,Karangasem Regency
Balai Banjar Kauhan Pesedahan,ChIJ7STYfEsP0i0R6uwZUtvyIXY,Karangasem Regency
Balai Banjar Puregai,ChIJf85G6wUd0i0RF511sHHU_Ok,Karangasem Regency
Balai Banjar Tegenan,ChIJS0qRHncb0i0R1r1KS018uDU,Karangasem Regency
"Balai Banjar Jungsri, Bebandem, Karangasem",ChIJkTjPLXEG0i0R73qUffAh7Gg,Karangasem Regency
Balai Banjar Celuk,ChIJIxYo3lkH0i0Rhup4_1bTSPQ,Karangasem Regency
Kantor Camat Sidemen,ChIJi7qOxW0Q0i0RmTwwvd-77ts,Karangasem Regency
Rendang DISTRICT OFFICE,ChIJzzZ5u54b0i0R3d9rGVaVfek,Karangasem Regency
Obyek wisata tibu gantung,ChIJjZaDLQAR0i0RiaDtrMAumro,Karangasem Regency
Desa wisata Tri Eka Buana,ChIJAXKLIAAR0i0Rmi-81oiu-7A,Karangasem Regency
"Wisata LOD BUAH. Sideman-Karangasem, Bali",ChIJubYJsxMR0i0Rxm7Oh1zNmow,Karangasem Regency
Banjar Dinas Tabu,ChIJ8dqHUZAQ0i0RHAPfRkIAeq8,Karangasem Regency
Balai Banjar Dinas Manggaan,ChIJkQO7_awb0i0RsVk4stgdI9c,Karangasem Regency
Pertamina,ChIJy9H7S2wa0i0Rdc4wlSW6aYI,Karangasem Regency
PERTAMINA,ChIJl_tEjwUR0i0RI80vYPw2S1A,Karangasem Regency
SPBU Pertamina 54.808.09,ChIJ38dygakb0i0RkNL0kOM502c,Karangasem Regency
Pertamina,ChIJ37GcnksO0i0RX1cvTZ4Np1s,Karangasem Regency
PERTAMINA,ChIJszFVuRsb0i0RmneS1aIkegQ,Karangasem Regency
Pertashop Menanga,ChIJp47GYAsb0i0RmcZ6-a01Dco,Karangasem Regency
"Banjar Adat Gede, Desa Adat Muncan",ChIJV6NWnx4b0i0RFWUDxZ7ZMN0,Karangasem Regency
Banjar Adat Gelumpang,ChIJUzQkOXUH0i0RPjNbSm5z1Fs,Karangasem Regency
Perempatan Setra Desa Nongan,ChIJQxJPWAAb0i0R52Pa81JMrKY,Karangasem Regency
Perempatan Agung Talibeng,ChIJ7eGxDAAR0i0RJbCVNNe8o-c,Karangasem Regency
Pura Puseh Desa Adat Tangkup Anyar,ChIJbeZV0fIQ0i0RmmBc_AIeje8,Karangasem Regency
Pura Puseh Desa Adat Tohjiwa,ChIJPc7PJ_0Q0i0RbLHLSDG0Ge8,Karangasem Regency
Pura Puseh Lan Baleagung Desa Adat Lebu,ChIJkXXYtwER0i0RNQrL42_zA_E,Karangasem Regency
"Pura Dalem Penarukan, desa adat tohjiwa",ChIJMZ2OR0AR0i0RWk7nQ9NBTK8,Karangasem Regency
Desa Adat Kertasari,ChIJO92_i6EH0i0Rm7Q9T9Z3JRA,Karangasem Regency
Pesucian Timbul Desa Adat Tabu,ChIJHTUbYycR0i0RXCfpK3jjGm4,Karangasem Regency
Pura Praja Pati Desa Adat Tangkup Anyar,ChIJRZeeBfsR0i0R3mzt2MIs370,Karangasem Regency
Puskesmas Pembantu Tri Eka Bhuana,ChIJ2RpYxz4Q0i0RBxxZ40GFdjw,Karangasem Regency
Puskesmas Pembantu Pering Sari,ChIJRyZKhWsb0i0RknCBmtDtTjU,Karangasem Regency
Puskesmas Rendang Karangasem,ChIJPToGvJ4b0i0RMxZKEhuHtUg,Karangasem Regency
Puskesmas,ChIJsUvRUPQQ0i0Rmq5WuY-otQI,Karangasem Regency
PUSKESMAS SIDEMEN KARANGASEM,ChIJ7_8YxG0Q0i0Rr3CFz0V3i54,Karangasem Regency
PUSKESMAS Pembantu Desa Sinduwati,ChIJxUsgbL4a0i0R5mWEQmaftHQ,Karangasem Regency
Puskesmas Pembantu,ChIJSxWFEDgb0i0RFaacE2P2pq0,Karangasem Regency
Balai Banjar Putung,ChIJ_0tMcc8F0i0R-ee0rXgbI1I,Karangasem Regency
Balai Banjar Desa Adat Cegi,ChIJ8119S4H30S0Ro42fZ52fAnk,Karangasem Regency
Balai Banjar Saren Anyar,ChIJ2T60_ocG0i0RFUuXsQOKc-c,Karangasem Regency
Balai banjar adat poh,ChIJJyIosUQD0i0RJ0m1XYdJxV4,Karangasem Regency
Balai Banjar Kaliaga,ChIJrclWF6j30S0RhjldXxmONy4,Karangasem Regency
Lapangan Werdhi Yowana Rendang,ChIJHbY-AaYb0i0RFxtGjqPm2fc,Karangasem Regency
Lapangan umum kubu,ChIJk51A9Jr50S0RYuuhGG0r_sY,Karangasem Regency
Lapangan Mamed,ChIJASSHx5ca0i0RzA9hmWCJlPo,Karangasem Regency
Astywijani shop,ChIJ48Lh1kcb0i0RLthk07DBMOU,Karangasem Regency
SDN 1 Menanga,ChIJDcB99J4b0i0REd31wEmlDzQ,Karangasem Regency
SDN 1 Nongan,ChIJU48SGkIa0i0R5rvrUIbvzs4,Karangasem Regency
SDN 7 pempatan,ChIJn3-0OLMd0i0RKYj8Mbqi-zw,Karangasem Regency
SDN 4 NONGAN,ChIJgfghekQa0i0RDQpCZq8CEOQ,Karangasem Regency
SDN 5 menanga,ChIJn3nFRHQd0i0RudyeVYW2xg4,Karangasem Regency
Kantor Perbekel Desa Pesaban,ChIJ7WogEH8b0i0RyibRcdRRxSw,Karangasem Regency
Kantor Perbekel Selat,ChIJbyJ26SYF0i0RT7oHO5b89G4,Karangasem Regency
Balai Banjar Temaga desa Kertha Buana,ChIJxz33ERIR0i0RbchSDgKeBjY,Karangasem Regency
Balai Banjar Kelod Desa Adat Tangkup Anyar,ChIJ_____4wQ0i0Rua98HgcIUVw,Karangasem Regency
Balai Banjar Delod Yeh Kangin,ChIJA4jpeBwR0i0RPj4vPhIMLzQ,Karangasem Regency
Balai Banjar Dinas Delod Yeh Kawan,ChIJHd_6WaUR0i0RbDVfsj9MYPE,Karangasem Regency
Balai Banjar Delodyeh Tengah,ChIJX2MfbUQQ0i0RkFrH74geXhc,Karangasem Regency
Balai Banjar WismaKerta,ChIJozDD120R0i0R6iXCzg1IxY0,Karangasem Regency
balai banjar desa tebola,ChIJbTsNDJ4a0i0Re-dHEqfp1XE,Karangasem Regency
Balai Banjar Yangapi,ChIJeZ0Gmiob0i0RmscOFYkW20w,Karangasem Regency
Balai Banjar Kertiyasa Lusuh,ChIJNwiFFtUE0i0R_jkZUuNJwCg,Karangasem Regency
"Balai Banjar Pande, Desa Nongan",ChIJGTki39Yb0i0RhfMlEuefCMc,Karangasem Regency
Balai Banjar Bencingah,ChIJB4wXSgAb0i0R-JV2YH9YWHU,Karangasem Regency
Balai Banjar Desa Padang Tunggal,ChIJkTBkP0oF0i0Rs44h9e_TBcE,Karangasem Regency
"balai banjar Wates ,Datah",ChIJtfXn8ZkB0i0R_tyI1XaEGwE,Karangasem Regency
Balai Banjar Adat Wanasari,ChIJRT82Htsb0i0RADfjgNXgxUM,Karangasem Regency
Balai Masyarakat Desa Ababi,ChIJVxHTlcYH0i0RBazvINAGw9c,Karangasem Regency
Balai Masyarakat Desa Antiga,ChIJQZKX3TMO0i0RkArRL8Vf3So,Karangasem Regency
Balai Masyarakat Sibetan,ChIJvXpQipoF0i0RZn8Eb_hl6so,Karangasem Regency
Cagar Budaya Sumur Batu,ChIJ0yxPsml5aS4Rn0jI7xpwlVA,Karawang
Museum Situs Cagar Budaya Percandian Batujaya,ChIJLTgI-CQpai4RW-BO_z2gzWA,Karawang
"Cagar Alam Budaya, Sultan Haji. Herdi Septiadi S,ss",ChIJE4zcDzudaS4RTI4F-uzytFc,Karawang
SDN,ChIJRWdZ0713aS4RzWxEyajl38o,Karawang
SDN CIKAMPEK KOTA,ChIJafpKvlJzaS4RvWABtq77iDE,Karawang
SDN Karangmulya II,ChIJXQ3vvrSdaS4RJ5hrjXw0--I,Karawang
SPBU Pertamina Pasti Pas (SPBU 34.412.22),ChIJ2-iPpZxEaS4R8RowSi4cr-o,Karawang
Gas Station Pos Siaga Lebaran Cikampek KM 57 A,ChIJxyd2_yF0aS4Rke2QWUFK2lQ,Karawang
Puskesmas Pembantu,ChIJmyV0n8dzaS4RdjBpD_BGjZ4,Karawang
PUSKESMAS CIKAMPEK,ChIJFxNEafRyaS4RnWF4u2VFCvg,Karawang
Pura Puseh Desa Adat Tembuku Kelod,ChIJwTnrQAAR0i0R9LBhqJe12UA,Kawan
Bendungan,ChIJ17ZgLlNKZS4RwDNV43Z6AgU,Kebumen Regency
PUSKESMAS PEMBANTU PEKUNCEN,ChIJL37mnXZNZS4RqMJ6KZvwXa4,Kebumen Regency
Puskesmas Pembantu,ChIJ_____zI3ZS4RqPGk58PqaQc,Kebumen Regency
ꦢꦶꦤꦱ꧀ꦭꦶꦁꦏꦸꦔꦤ꧀ꦲꦶꦢꦸꦥ꧀,ChIJBc9YIgBdcC4RV3VJnrqXp4k,Kendal Regency
Puskesmas Pembantu Pustu Purworejo,ChIJBxoMeLxCcC4Rc2M2_fFqehg,Kendal Regency
PUSKESMAS PEMBANTU,ChIJD8f6X4NjcC4RsZb_4LqKvzw,Kendal Regency
Puskesmas Pembantu,ChIJBR1YOHhbcC4RnhPXfyMugYo,Kendal Regency
Puskesmas Pembantu,ChIJr-kCgNdrcC4RNAzwKcFyQ6Q,Kendal Regency
Cross Rd,ChIJ87VRg_eLeogRB2SG8sEViQE,Kentucky
Rose Crossroads,ChIJV_qCFjHuZ4gR2XgD2Y-dCZE,Kentucky
Puskesmas Pembantu Wunut,ChIJy1f3l0dqei4RN6ncsOuUjvE,Klaten Regency
SDN 3 Getakan,ChIJmebFLzIX0i0Rvfj8_7pj6RI,Klungkung Regency
SDN 1 Tihingan,ChIJhaRjpmYR0i0RV9qBfMOmhg8,Klungkung Regency
SDN 3 Banjarangkan,ChIJvUApZYQX0i0Rm6q5_Y88tR0,Klungkung Regency
SDN 1 Nyalian,ChIJNwLzHUgX0i0Rt40wgU9d_KQ,Klungkung Regency
SDN 1 Takmung,ChIJRd5e_VkR0i0ROYIwhk-WDcE,Klungkung Regency
"SDN 1 Negari, Klungkung",ChIJO1z3BnAV0i0R7_XAsEwt-bE,Klungkung Regency
SDN Sampalan Tengah,ChIJl83qzXMR0i0RlCdi3-cjZDY,Klungkung Regency
SDN 2 Takmung,ChIJXXf4ef5ZBAURLci-EugT8d8,Klungkung Regency
SDN 2 Gelgel,ChIJA8TpcN8T0i0R3oV5hvzyxOM,Klungkung Regency
SDN 4 Takmung kelungkung,ChIJ359aRgkT0i0RjghVPCbecxM,Klungkung Regency
SDN 1 Gelgel,ChIJQwly4VMT0i0RmHXXXbAhEH0,Klungkung Regency
SDN 2 Timuhun,ChIJEbX6DqwQ0i0R2mqO2ryUbYA,Klungkung Regency
SDN 3 Selat Klungkung,ChIJ7VnXb6IQ0i0RdwsgBs5x-RI,Klungkung Regency
SDN 4 Selat,ChIJoS1iGsEQ0i0RQzd4rUvWCsY,Klungkung Regency
SDN 1 AKAH,ChIJJSqnG_cR0i0RVeKit3d7iwc,Klungkung Regency
Primary School No.2,ChIJ6WJjGsEQ0i0RHDIlYvSxQ4E,Klungkung Regency
SDN 2 tangkas,ChIJVXczgVET0i0RCEqi6s-4eyY,Klungkung Regency
SDN 1 Dawan Klod,ChIJL8HH6ZER0i0RuOGgDpPQlww,Klungkung Regency
SD Negeri 2 Sampalan Klod,ChIJX4fH4nkR0i0RdzT4TEmApCk,Klungkung Regency
SDN 1 Semarapura Tengah,ChIJMcXW7T8R0i0RH_FBzYx7DDs,Klungkung Regency
Elementary School Number 1 Semarapura Klod,ChIJE6RXvWoR0i0RLN24AlcR4MU,Klungkung Regency
SDN 2 Tegak,ChIJTXB-4JQQ0i0R_noBs8ja15A,Klungkung Regency
SDN 2 Semarapura,ChIJLziQVAAR0i0R0llBOYhO2bc,Klungkung Regency
SDN 3 Tegak,ChIJ3xc1aJMQ0i0Rrd5pKce-rz8,Klungkung Regency
SDN 3 Kusamba,ChIJ4T63bCMS0i0Rkt6jT43eHTA,Klungkung Regency
SDN 3 Pikat,ChIJaY_XqdwR0i0RyWC4d0LaxuY,Klungkung Regency
Kantor Kepala Desa Dawan Klod,ChIJFyX3WZER0i0R9LZl98MZ0bM,Klungkung Regency
Bundaran Perempatan Gunaksa Klungkung,ChIJY4_HbQAT0i0Rk8fO7ZUP-eM,Klungkung Regency
Monumen Batas Klungkung dan Gianyar,ChIJkeh8XpoX0i0RMkdhQ3qpM-s,Klungkung Regency
Puputan Klungkung monument,ChIJ71d3QRUR0i0RByy-8IzhzmU,Klungkung Regency
Taman Monumen Semarapura,ChIJqZnpRBUR0i0Rngof5F7Or8o,Klungkung Regency
Monumen Tonggak Sejarah Perjuangan,ChIJMUS2ScYR0i0R6IzTQWppDkU,Klungkung Regency
"Simpang Lima Klungkung, Patung Saraswati",ChIJAayBJD8R0i0Rt-1wVrNNDaE,Klungkung Regency
Patung CATUS PATA,ChIJB0oZSBUR0i0Rjdr0V20uxRE,Klungkung Regency
Lapangan Puputan Klungkung,ChIJ9cjN-z8R0i0RBwl-0jbavms,Klungkung Regency
Goa Jepang Klungkung,ChIJjx_RgVQR0i0RyWad1k5hDIE,Klungkung Regency
Puri Agung Klungkung,ChIJ0Yxs4T8R0i0RNZ85AT9hRp8,Klungkung Regency
Patung Kanda Pat,ChIJ9YwiSBUR0i0R7wvykjPxb_k,Klungkung Regency
Alun - alun Ida I Dewa Agung Jambe,ChIJK9Yxg10R0i0R9FOKrV1ztTQ,Klungkung Regency
Semarajaya Museum,ChIJxTkyURUR0i0R662gaDwqh_k,Klungkung Regency
Kertha Gosa Park,ChIJ2VFrTBUR0i0RyIPjCGb-Mg0,Klungkung Regency
Klungkung Royal Palace,ChIJ723cqmwR0i0RlxUQK--WAks,Klungkung Regency
Tugu Adipura Klungkung,ChIJJUr8EAAR0i0RCrDr0S6j370,Klungkung Regency
Pura Dalem Tugu Arya Kubon Tubuh,ChIJ1TEhqN0T0i0RJJ29zm-mjnY,Klungkung Regency
Lapis Kukus Tugu Malang,ChIJwwHjMxMR0i0Rj8LMrX-0hdg,Klungkung Regency
WARUNG D'TUGU,ChIJwRCudwAT0i0RCoKNkCaOusk,Klungkung Regency
SD Negeri 01 Bakas,ChIJSw2K0q4W0i0Rs1rtHQ9p9kU,Klungkung Regency
SD Negeri 01 Negari,ChIJqTXkWKkW0i0RIoBGVVOBX5E,Klungkung Regency
SD Negeri 3 Tusan,ChIJY4G5xrkW0i0RZTOY6q3LTWw,Klungkung Regency
SD Negeri 1 Banjarangkan,ChIJX1uONKwW0i0RS1LWH0by2q4,Klungkung Regency
SD Negeri 03,ChIJhV3DXqkW0i0Rt2HoBWjsDJo,Klungkung Regency
SD Negeri 2 Banjarangkan,ChIJR7v6jKwW0i0Rx83Zplj83_E,Klungkung Regency
SD Negeri 4 Nyalian,ChIJ3ZaxQa0X0i0RnBiKVIS5uQ4,Klungkung Regency
SD Negeri 02 Negari,ChIJH0fjJaQW0i0R0mgBOKi4YIQ,Klungkung Regency
SD Negeri 3 Nyalian,ChIJp-oChDkX0i0RqIJLPkFap_0,Klungkung Regency
SD Negeri 3 Negari,ChIJpa0qbGcV0i0Rom2_sLR2ViQ,Klungkung Regency
SD Negeri Semarapura Kaja,ChIJBZU6LyYR0i0R1miCg4ym6_s,Klungkung Regency
SD Negeri Selisihan,ChIJ8UiPx7AQ0i0RQziLc6zdzco,Klungkung Regency
SD Negeri Semarapura Kauh,ChIJTRkY1TgR0i0RKAsQe8GePaA,Klungkung Regency
SD Negeri 2 Semarapura Tengah,ChIJh0uOvj0R0i0Rzth3p2kXRUM,Klungkung Regency
Sekolah Dasar Negeri SATRA,ChIJUaguM-YT0i0RDERZ4GoNt2c,Klungkung Regency
SD Negeri 1 Bungbungan,ChIJtbgDNP4Z0i0Rn6oylhQdcCo,Klungkung Regency
SD Negeri 1 Sampalan Klod,ChIJ6Q6DGfMR0i0RjRDtocdpSSo,Klungkung Regency
SD Negeri 2 Semarapura Kangin,ChIJAT-lLxQR0i0Rg8oiZeZo1dY,Klungkung Regency
SD Negeri 1 Kamasan,ChIJRyjsnGYR0i0R4_zj3Jt7WQc,Klungkung Regency
SD Negeri 2 Paksebali,ChIJWyhc5ZsR0i0RMNKzzdFRXSs,Klungkung Regency
Balai Banjar Pempatan,ChIJgcRTMtIQ0i0RBZwJgIJUepg,Klungkung Regency
Balai Banjar Nesa Banjarangkan,ChIJbc6Ctq8W0i0RSPEui-ZYrU0,Klungkung Regency
Balai Banjar Sala,ChIJvR0j5dMQ0i0R-4GCdK_ZihQ,Klungkung Regency
Balai banjar pemenang,ChIJP1C6NfwX0i0RNuFYOXzasTE,Klungkung Regency
Balai Banjar Banda,ChIJ7ydCYlER0i0RVJEVBKS-sY8,Klungkung Regency
Balai Banjar Pagutan Banjarangkan,ChIJi4fOZ64W0i0RS3i8efaQzc0,Klungkung Regency
Balai Banjar Umanyar,ChIJdeLlrEAX0i0RErSfndLl5gE,Klungkung Regency
Balai Banjar Geria,ChIJv98Qh9IQ0i0Rd7ukG-kV6ew,Klungkung Regency
BALAI BANJAR KAPIT,ChIJ_9GckXQX0i0RfGVSnHrUg28,Klungkung Regency
Balai Banjar Selat,ChIJ0XahewAR0i0Rs3CSaOvqCnU,Klungkung Regency
Balai Banjar Tengah,ChIJdyJ8XZkb0i0RkiaClzmxdMI,Klungkung Regency
Balai Banjar Tengah,ChIJ_QSoJt4R0i0R2hrP42LrUDs,Klungkung Regency
SMP Negeri 1 Banjarangkan,ChIJL41N5CwR0i0RajOOsYRYKxE,Klungkung Regency
Smp Negeri 1 Banjarangkan,ChIJLXYQvEYR0i0RU7_wZ4IfO4Q,Klungkung Regency
SMP Negeri 1 Semarapura,ChIJZ6egG0AR0i0RNYi1LgDqAEQ,Klungkung Regency
SMP Negeri 2 Banjarangkan,ChIJyeeTQSsR0i0RE4HzUyMWokI,Klungkung Regency
SMP Negeri 2 Semarapura,ChIJJY1ovD0R0i0RUmfOvxv-x0w,Klungkung Regency
SMP Negeri 3 Semarapura,ChIJfUL1Bd8T0i0RKAfizQalVUo,Klungkung Regency
SMP PGRI Semarapura,ChIJk0kKv0YR0i0RRfKx3cqT_gc,Klungkung Regency
SMP Negeri 5 Banjarangkan,ChIJ909r_B4R0i0RjA7gZ89BTcU,Klungkung Regency
SMP Negeri 3 Dawan,ChIJiUZZQfcR0i0RKhDhbHv9YDU,Klungkung Regency
MTs Hasanudin Semarapura,ChIJ6e9FdRUR0i0RuF4Zb5SSwDs,Klungkung Regency
SD Negeri 1 Semarapura Kangin,ChIJsclUKRQR0i0RYKBuTU21gvo,Klungkung Regency
SD Negeri 1 Pikat,ChIJQ-dk1egR0i0Rg2XG7dZuh8c,Klungkung Regency
SD Negeri 1 Tojan,ChIJl66UpmAR0i0R19RFNlCBihU,Klungkung Regency
SD Negeri 1 Tangkas,ChIJ3_CIXsYR0i0RRitOlBzcSf0,Klungkung Regency
SD NEGERI DAWAN KALER,ChIJN3auNvAR0i0R3U9ZDYZevsU,Klungkung Regency
Sekolah Dasar Negeri Sulang,ChIJVeSflHQR0i0Rnkj47xsNEIs,Klungkung Regency
SD Negeri 1 Jungutbatu,ChIJPy0u7Qxt0i0RnNYwT5jBb2Q,Klungkung Regency
SD Negeri 1 Ped,ChIJw_EMsnFz0i0R19ZzJPYbD0k,Klungkung Regency
SD Negeri 1 Lembongan,ChIJH-R6WbFt0i0RWYW3a-tyQSc,Klungkung Regency
SD 1 Negeri Batununggul,ChIJ60NrtQZz0i0Rs9xFD30hvOU,Klungkung Regency
SD Negeri 2 Lembongan,ChIJ60va7Opt0i0RfK47NlwdsCY,Klungkung Regency
Sekolah Dasar Negeri 3 Lembongan,ChIJgZxj-bht0i0RK1yfZZjiQpg,Klungkung Regency
SD N 3 Jungutbatu,ChIJsYQXTmht0i0RZBjPlTpqOnM,Klungkung Regency
SD Negeri 1 Tanglad,ChIJC6oDcXZ30i0RCY-3VtxVoGQ,Klungkung Regency
SD NEGERI 3 SAKTI,ChIJi1l5pDRw0i0RE88usEdd6Bc,Klungkung Regency
SD NEGERI 3 TANGLAD,ChIJoeZJZs5x0i0RwHfyLqVCNbw,Klungkung Regency
Kantor Kepala Desa Getakan,ChIJFTKOgtUW0i0RpitytLhwHwM,Klungkung Regency
Kantor Kepala Desa Lembongan,ChIJN66_qLlt0i0RSV7tF1pGLNs,Klungkung Regency
Kantor Kepala Desa Nyalian,ChIJ4RomjTcX0i0RXPvpSjQ4Mn0,Klungkung Regency
BALAI BANJAR GUNUNG RATA,ChIJv1z57ekX0i0RrN6KtkGhHZM,Klungkung Regency
Balai Banjar Sengkiding,ChIJ8f8XSTQX0i0RDXKBRVLw7hw,Klungkung Regency
Banjar Adat Bucu,ChIJe4UDlFMR0i0R77NtHIGYwEI,Klungkung Regency
"Balai Banjar Selat, Desa Banjarangkan Klungkung",ChIJX4Op4TMX0i0RpxtBprqvEpQ,Klungkung Regency
Balai banjar kelodan,ChIJoY62es8X0i0RveGAfqpBXjE,Klungkung Regency
Balai Banjar Pekandelan Kaler,ChIJx8tEkQ8R0i0Rrh6junRFNcY,Klungkung Regency
Balai Banjar Salang,ChIJd72c0yJx0i0R4crnpd_Syvs,Klungkung Regency
Balai Banjar Paksebali,ChIJR62RDzcR0i0RX4U4TSJpZ14,Klungkung Regency
Balai Banjar Sarimertha,ChIJWXbj0f8T0i0RvtoRPfJmzxg,Klungkung Regency
Balai Banjar Desa Getakan,ChIJA91LJqkX0i0RYRwyQ7Fl51U,Klungkung Regency
Balai Banjar Petapan,ChIJDf8AFcwQ0i0RW8lu6HGf4IY,Klungkung Regency
Balai Banjar Gingsir,ChIJL9fKtwoR0i0RKcQcjavT0rw,Klungkung Regency
Balai Banjar Pande,ChIJjyHg2ZUR0i0RuIAR1Jcllfg,Klungkung Regency
Balai Banjar Desa Tengah,ChIJ-8bUtuMR0i0RD4gvaCdb4AE,Klungkung Regency
Kantor Kecamatan Banjarangkan,ChIJY7EjLawW0i0R5y78umee_ak,Klungkung Regency
Kantor Kecamatan Klungkung,ChIJNbPjcRYR0i0RQBqpqdFXmYk,Klungkung Regency
Kantor Camat Dawan,ChIJK-jS6JER0i0RDz9K6dbxNQk,Klungkung Regency
Kantor Bupati Klungkung,ChIJB8RdXRUR0i0RDd0Zv6q1Fao,Klungkung Regency
Kantor desa banjarangkan klungkung,ChIJtY1Zwx8X0i0RGk63Ij7HrsM,Klungkung Regency
KANTOR LURAH SEMARAPURA KANGIN,ChIJBYGRbTMR0i0RfS7-xOBcBx0,Klungkung Regency
Kantor Lurah Semarapura Klod,ChIJsbO1t0ER0i0RiJN5u-VJcqI,Klungkung Regency
Kantor Kelurahan Semarapura Kaja,ChIJDVNR074R0i0RXNOIPLnIy-A,Klungkung Regency
Kantor Lurah Semarapura Tengah,ChIJ_3v8sSIR0i0R-zETO1fDtTA,Klungkung Regency
KANTOR KELURAHAN SEMARAPURA KLOD KANGIN,ChIJ-TwlhGsR0i0RYdwiPn4c8FA,Klungkung Regency
Dinas Pariwisata danKebudayaan Kabupaten Klungkung,ChIJUbgFfmYW0i0RRsO_HapFBOk,Klungkung Regency
DESA WISATA BAKAS,ChIJSQDxKPkX0i0R3Ang6BIvWy8,Klungkung Regency
The Tadah Uwuk Waterfall and Canyon view,ChIJJ2uUZ-QX0i0RsGvDFfxrM2Q,Klungkung Regency
Bukit Belong,ChIJRSElPXYR0i0R-l62epaUmSw,Klungkung Regency
Kali Unda,ChIJkeDm5BIR0i0RA7ozmINj3fc,Klungkung Regency
Devil's Tears,ChIJNXQYfLRt0i0RALc3MIMT6QA,Klungkung Regency
Wisata Bukit,ChIJ_Vn2vg8R0i0RyUGJpgt1tu0,Klungkung Regency
Tourism Village Kamasan,ChIJn0ysR2YR0i0RQ1tE67E-DyI,Klungkung Regency
Melangit Bali Adventure,ChIJFY8q3P0X0i0RPIYFInIaIlE,Klungkung Regency
Desa Wisata Paksebali,ChIJIV88ewAR0i0R1_kVnFoOclM,Klungkung Regency
Angel's Billabong,ChIJC7KcfoFv0i0ReRXz2tOmixY,Klungkung Regency
Pemandian Bidadari,ChIJM9UWV9gX0i0RvU0AEZqcNgw,Klungkung Regency
Wisata Tirta Srinadi,ChIJJ9r_ytoT0i0RO68dXnpiCI4,Klungkung Regency
Bakas Adventure Elephant Safari and Rafting,ChIJsejDEd8W0i0Rca7UP2Xi4mo,Klungkung Regency
Tukad melangit,ChIJlUZnefIV0i0RUvdl6p7rcek,Klungkung Regency
Wisata Tenun Desa Paksebali,ChIJ38kKVg0R0i0RvwfKAL2gByw,Klungkung Regency
Bakas Bird Walking,ChIJGSMDKqQX0i0RwuB21RO5UMU,Klungkung Regency
Bakas Rock City,ChIJj9KyVAAX0i0R6IMXCoT6GSA,Klungkung Regency
Wisata Warna Warni Kampung islam gelgel,ChIJL2rnukgR0i0RqdKmWy_ZNnU,Klungkung Regency
Kentel Gumi Temple,ChIJAQAAALcW0i0Rf3_Usb95iAU,Klungkung Regency
Wisata Konstruksi Galian C,ChIJe8j-zTUS0i0RUsqO42UIBao,Klungkung Regency
Rafting Bakas,ChIJibEsYiAX0i0RlVhBZ4x-f8c,Klungkung Regency
Kawasan Wisata Desa Romantic Hill,ChIJ7RL54SMR0i0RY3dwpA_i3rg,Klungkung Regency
Public field Banjarangkan,ChIJ15pJUqUW0i0RrmFEfL40E7A,Klungkung Regency
Football Field & Playground,ChIJeUL85Rlt0i0Rho09EekaKP0,Klungkung Regency
SMA Negeri 1 Banjarangkan,ChIJqx9ENLgW0i0Ra-Eyto1DX1E,Klungkung Regency
SMA Negeri Satu Atap Lembongan,ChIJS9_CbLtt0i0RrOfJfngmox8,Klungkung Regency
SMA Negeri 1 Semarapura,ChIJZZBkpzgR0i0RXSb4VTcWFNA,Klungkung Regency
Upt Dinas Pertanian Klungkung Di Banjarangkan,ChIJDTzYoMgW0i0Rej6fAb1kbEI,Klungkung Regency
Kantor Perbekel Desa Tusan,ChIJNWGbGd8X0i0RAe6qz6tF7dk,Klungkung Regency
Dinas Ketahanan Pangan Dan Perikanan Kabupaten Klungkung,ChIJk1zlsVAR0i0RL-AEBwUReLc,Klungkung Regency
"Badan Pemberdayaan Masyarakat, Perempuan, KB dan Pemerintahan Desa Kabupaten Klungkung",ChIJn9bEy6wW0i0RJ8ndHuoYZPU,Klungkung Regency
Kantor Desa Bakas,ChIJRyfal6MX0i0RV14Wq8URUD0,Klungkung Regency
Kantor Kepala Desa Tihingan,ChIJDao7yjMR0i0R2GUpAkMUcgk,Klungkung Regency
Kantor Kepala Desa Bungbungan,ChIJpU1szP8Z0i0R0cakinRG4TI,Klungkung Regency
Kantor Desa Manduang,ChIJsaPraiYR0i0RoItIXBfgAkc,Klungkung Regency
KANTOR SEKRETARIAT DESA ADAT TIMUHUN,ChIJQ4_uSAAR0i0RclEnHFA9iWg,Klungkung Regency
Kantor KPU Kabupaten Klungkung,ChIJ7_yAPxMT0i0RhAYZaMNIc3A,Klungkung Regency
Dinas Pariwisata Kabupaten Klungkung,ChIJo8U0hO8R0i0RaJ5tQGv4r5M,Klungkung Regency
Kantor Pos Banjarangkan,ChIJk____6gW0i0R_v1OjmHH9Hs,Klungkung Regency
PosPajakKlungkung,ChIJobY6sphA0i0RKfb_vQUqbPU,Klungkung Regency
Sukanta Wahyu Sculpture Park,ChIJ0eJEZEoX0i0Rb8t71-yE1UA,Klungkung Regency
"Balai Banjar Gembalan, Besakih Klungkung",ChIJS4NZLN8R0i0RCs4o8pF_bmY,Klungkung Regency
Balai Banjar Adat Dukuh,ChIJCSYj9yMX0i0RpiR5ThC9Qr0,Klungkung Regency
Balai Banjar Babakan Sewalegiri Aan Banjarangkan Klungkung,ChIJs61qlTQX0i0Rn2BnCai5inM,Klungkung Regency
Balai banjar kawan,ChIJlSClIYoR0i0RgI1pW5InfYc,Klungkung Regency
BALAI BANJAR GRIA,ChIJP1otxtkX0i0RypJVhkq-3cQ,Klungkung Regency
BALAI BANJAR KANGIN,ChIJEe7_-mwX0i0RFNH-ClweN8M,Klungkung Regency
SPBU Pertamina 54.807.04,ChIJ72d8ra0W0i0R7tW6A1o9znA,Klungkung Regency
PERTAMINA,ChIJnZyektkW0i0RniKb_sCAOq8,Klungkung Regency
Pertamina,ChIJfUiy3F4R0i0R6uWDEhxCsuM,Klungkung Regency
Pertamina,ChIJEdC6RDwR0i0RgbXG2YY6IRk,Klungkung Regency
Pertamina,ChIJH3D9XjcR0i0RQ4GeHb9jJKA,Klungkung Regency
PERTAMINA,ChIJea9WG0UR0i0RcDO0zifmNZQ,Klungkung Regency
Pertamina Gelgel,ChIJvczZLtAT0i0RQqVHH-2-cfQ,Klungkung Regency
PERTAMINA,ChIJ53MlAd4Q0i0RrQP5DJyf630,Klungkung Regency
PERTAMINA,ChIJjW4oqgga0i0RYqPTNSPIr6o,Klungkung Regency
SPBU Batu Tabih,ChIJZ0LhAkUR0i0R1GxrOIBCWSg,Klungkung Regency
Pertamina 54.807.05,ChIJb9-yaKwT0i0RKdbO-LeE69Q,Klungkung Regency
Pertashop Desa Bakas,ChIJU-h-HW4X0i0R4DGclDtSs64,Klungkung Regency
PERTAMINA,ChIJneKVMYgR0i0Ruy8zdNPLwQk,Klungkung Regency
PERTAMINA,ChIJRWJNtBkS0i0RbxtAm_X5oGk,Klungkung Regency
SPBU Siku,ChIJ8T08J2wR0i0Rglw3beLivD4,Klungkung Regency
SPBU PERTAMINA CENINGAN,ChIJ31AbJnJt0i0RiRt4fD6fkKg,Klungkung Regency
Perempatan satria,ChIJZ4ctewAR0i0RvYtEMEcicWc,Klungkung Regency
Warung Delod Perempatan Pak Kumis,ChIJ73kfF-QX0i0RgYsCNGielrg,Klungkung Regency
Simpang Empat Jelinjing (Perempatan Gunaksa),ChIJEXWkSgAR0i0RyIitaVzvp3M,Klungkung Regency
CATUSPATA Desa Adat Tusan,ChIJ7Snc8gMX0i0R8kiGabzPypU,Klungkung Regency
Kantor Desa Adat Gelgel,ChIJ0dXLqYIR0i0RkJ5Jb1PU0aY,Klungkung Regency
Pura Suralaya Desa Adat Banda,ChIJt96s1VMR0i0Rifo6WgDweqE,Klungkung Regency
Pura Puseh Dan Balai Agung Desa Adat Aan,ChIJkc6bttMQ0i0RDRF9IP400-A,Klungkung Regency
Pura Dalem Desa Adat Penasan,ChIJW8WmuDUR0i0RPJJ03VvwTDA,Klungkung Regency
Pura Dalem Desa Adat Pau,ChIJUaPZWwAR0i0RXThA_si3F2E,Klungkung Regency
Pura Taman Desa Adat Pau,ChIJjUWYnDMR0i0RKs1i9sJoBrI,Klungkung Regency
PURA KETEKAN AJI DESA ADAT TUSAN,ChIJmerlObMX0i0RzP559MCw_vI,Klungkung Regency
Pura IBU Gede Desa Adat Kemoning,ChIJlT1KhJkR0i0RQNImxHkayB4,Klungkung Regency
Pura Uluwatu Desa Adat Kemoning,ChIJJfYFawAR0i0Rz5WMgnBBfhg,Klungkung Regency
Pura Dalem Desa Adat Takmung,ChIJ7SA99QcR0i0RdrysRcQTldk,Klungkung Regency
Pura Puseh Desa Adat Takmung,ChIJ4a0I-VMR0i0RTP9Qlu_AHeo,Klungkung Regency
Setra lan Pura Prajapati Desa Adat Penasan,ChIJx3YlcgAR0i0RNcI6f1p5_QM,Klungkung Regency
"Pura Penataran Dan Gunung Kawi Desa Adat Aan, Kecamatan Banjarangkan, Klungkung",ChIJwxnJs_YR0i0Ref4S2IB7WSw,Klungkung Regency
Pura Dalem Kelod Desa Adat Aan,ChIJYyuIp9YQ0i0RD0wuyauNQgI,Klungkung Regency
Pura Dalem Agung Desa Adat Aan,ChIJ1fFBgzQX0i0RjcdaX-dL0CE,Klungkung Regency
Pura Dalem Tangkup Desa Adat Sengkiding,ChIJM5L_ZTMX0i0RI43II2dzMNM,Klungkung Regency
Pura Puseh Desa Adat Pau,ChIJI-IVfSwR0i0RDHh09tU2bLQ,Klungkung Regency
Sekretariat Desa Adat Budaga,ChIJ7yEoUpUR0i0R0zUamDkAlww,Klungkung Regency
Pura Tegeh Desa Adat Kemoning,ChIJc7FGrEAR0i0RfFealmeKXrY,Klungkung Regency
Pura pauman desa adat satra,ChIJG4Y6a7YT0i0RocpQiV7xWck,Klungkung Regency
Pura Gedong Penyimpenan Desa Adat Tihingan,ChIJpy5-xf4R0i0RdZgx_UFNQoA,Klungkung Regency
Pura Puseh Desa Adat Besang Kangin,ChIJybv8cwAR0i0R3PrY88ZupU4,Klungkung Regency
Pura Manik Api Desa Adat Kemoning,ChIJR6KtLkcR0i0RW8f3L-ZKoX0,Klungkung Regency
Setra Desa Adat Penarukan,ChIJZRkaMlYX0i0Rc2NUAIqQvCE,Klungkung Regency
"Pura Dalem Agung Desa Adat Sampalan, Gerombong dan Mincidan",ChIJzaBTmfgR0i0Rg-xvIpjjOKM,Klungkung Regency
BANJAR ATU DESA ADAT KEMONING,ChIJm6ww2kAR0i0RnUAYQ91P9zg,Klungkung Regency
Pura Dalem Prajapati Desa Adat Banda,ChIJb7pm094R0i0ROY-qm-QGxAo,Klungkung Regency
Pura Puseh Desa Adat penasan,ChIJN0EdDQAR0i0R7jAM54TfXQg,Klungkung Regency
Pura Dalem Prajapati Desa Adat Sarimertha,ChIJCXqTijwV0i0R7rVzGhokcQg,Klungkung Regency
Pura Batur Desa Adat Kemoning,ChIJs_M7jkAR0i0Rt8vCPyPC2uE,Klungkung Regency
Pura Prajepati Desa Adat Bungbungan,ChIJd14JcpwX0i0RbialwBR1Rjc,Klungkung Regency
Pura Puseh Lan Bale Agung Desa Adat Budaga,ChIJ39eVeU8R0i0R995kLvNsZt4,Klungkung Regency
Pura Melanting Desa Adat Cucukan,ChIJ24m2IAAR0i0RspcHBV2qCbw,Klungkung Regency
Pura Bale Patok Desa Adat Cucukan,ChIJ9fKwOwAR0i0RY_R0bTKK3I8,Klungkung Regency
WANTILAN DESA ADAT KEMONING,ChIJ19ZIPdoR0i0R0EL8ELUkvQU,Klungkung Regency
Pura Puseh Desa Adat Selat,ChIJbynO6hkR0i0R5CwKZCGPYU4,Klungkung Regency
Pura Puseh Lan Bale Agung Desa Adat Sampalan,ChIJ2WrixQwR0i0R3Hafwv6KCYA,Klungkung Regency
Pura Merajan Pulaki lan Puseh Desa Adat Cucukan,ChIJY_xvawAR0i0RvmJzMlS8ExE,Klungkung Regency
Puskesmas Pembantu Semarapura Klod,ChIJC6pS4kAR0i0RfUK31BYAVig,Klungkung Regency
Puskesmas Pembantu Akah Kecamatan Klungkung,ChIJS8ydNyAR0i0R_MhyXsE-9Rs,Klungkung Regency
Puskesmas Pembantu Getakan,ChIJYcNfg9UW0i0RcD3m33BS-i4,Klungkung Regency
Puskesmas Pembantu Manduang,ChIJ0cmdcC8R0i0RqCp5udpPO_Y,Klungkung Regency
Puskesmas Pembantu Semarapura Kelod Kangin,ChIJZUtQ8msR0i0R1-NoVMhOpmc,Klungkung Regency
Puskesmas Pembantu Desa Aan Banjarangkan,ChIJIdGPaNMQ0i0RPfLMmFAIzHQ,Klungkung Regency
Puskesmas pembantu Semarapura Tengah,ChIJJ_I1VlkR0i0RKk-CJQaiyyQ,Klungkung Regency
Puskesmas pembantu (pustu) bungbungan,ChIJWcGOMKQZ0i0RIk0hSKVsv9M,Klungkung Regency
Puskesmas Pembantu Kamasan,ChIJW6pNNtkR0i0RojzFvth6pn8,Klungkung Regency
Puskesmas Pembantu,ChIJ3bTidvER0i0RmN24fn4mBaw,Klungkung Regency
Puskesmas Pembantu Timuhun,ChIJv_Jq5asQ0i0RIqWvMSrkVtA,Klungkung Regency
Puskesmas Pembantu Tegak,ChIJn-TtYAAR0i0ReF5zuI4NMoA,Klungkung Regency
Puskesmas Pembantu Sampalan Klod,ChIJ9S9qEQAR0i0RNpTtDkOf3QI,Klungkung Regency
Puskesmas Pembantu Desa Gunaksa,ChIJYYE3l58R0i0RAhft9MMAjX8,Klungkung Regency
Puskesmas Pembantu Desa Sulang,ChIJC5XMO3QR0i0RZ2ede587dEM,Klungkung Regency
Puskesmas Pembantu Nyanglan,ChIJ0wg6VhEa0i0R94cx7qFF15Y,Klungkung Regency
Puskesmas Pembantu Desa Besan,ChIJ0_GrDiAR0i0RBvTNbo7NN5E,Klungkung Regency
Puskesmas Pembantu II Kusamba,ChIJod_RQyIS0i0RBVFP_-tUoss,Klungkung Regency
Puskesmas Pembantu Dawan Kaler,ChIJDwKyKwAR0i0ReIdr3CcQ5uw,Klungkung Regency
Puskesmas Pembantu I Kusamba,ChIJlQ3k3RsS0i0RGX49idTIk2I,Klungkung Regency
UPTD Puskesmas Banjarangkan 1,ChIJecRHoLAW0i0R1x8aHQcilo4,Klungkung Regency
UPT Puskesmas Klungkung I,ChIJ58A7kN8T0i0RvzAMv1buCNQ,Klungkung Regency
UPTD. PUSKESMAS BANJARANGKAN II,ChIJk3OS5aMR0i0R8EN5it_OYjQ,Klungkung Regency
UPT. Puskesmas Klungkung II,ChIJU-T8b-oQ0i0R9Wn_68sjXnY,Klungkung Regency
Puskesmas Desa Paksebali,ChIJc_vfvQwR0i0RGnLhaw5SCSs,Klungkung Regency
Banjar Jerokapal belakang puskesmas gelgel,ChIJE__hT2AR0i0R8xaUqKkTOq0,Klungkung Regency
Puskesmas,ChIJFT8DewAR0i0ReUsl8cv2brg,Klungkung Regency
UPTD Puskesmas Dawan II,ChIJRXiqiHgR0i0RS4wSKVLtsWE,Klungkung Regency
UPTD. Puskesmas Nusa Penida II,ChIJU3rVmqFt0i0RONGM_aklnoY,Klungkung Regency
Puskesmas Dawan I,ChIJq6qqqt4R0i0R4vK4ixJTK6A,Klungkung Regency
BPJS Kesehatan Kantor Cabang Klungkung,ChIJx1eZrzsR0i0RHjm6eKLWqrM,Klungkung Regency
Puri Saren Kauh Nyalian,ChIJQ5T9AwAX0i0RBK5GfBjvNiM,Klungkung Regency
"Balai Banjar Palak, Desa Selat, Klungkung, Bali",ChIJvXajaQUR0i0R5mNDV21-siQ,Klungkung Regency
Lapangan Umum Desa Paksebali,ChIJBa7LrwwR0i0Rjq6S5OhzJ2Y,Klungkung Regency
Lapangan Umum Dawan Kaler,ChIJsYu3G7kR0i0R3eQXx0V9aAw,Klungkung Regency
Lapangan Dawan,ChIJu_6reUMR0i0RKSxBLSuk57Q,Klungkung Regency
Lapangan Umum Jake Tebel,ChIJsbKAdLwR0i0RqETrUPgjxvA,Klungkung Regency
Lapangan umum GOR Swecapura,ChIJ0YDUSAAT0i0R-5Ydkau_s7o,Klungkung Regency
"Lapangan PAU , Klungkung",ChIJIXEZISsR0i0R-xDRIEh90Fo,Klungkung Regency
Lapangan Bina Karya Kamasan,ChIJ65JkkGYR0i0RgBhK9_uxauU,Klungkung Regency
SPBU,ChIJCQgs9O8T0i0RZaCE4q42rx4,Klungkung Regency
SPBU Besang,ChIJM9dfQTwR0i0Ri2dzbXgrMdg,Klungkung Regency
Spbu Gunaksa,ChIJAzdGMYgR0i0R_4DSfwu3VS4,Klungkung Regency
SDN 2 Tihingan,ChIJCTHAjSwR0i0RQzFXGuu_Ug8,Klungkung Regency
SDN 2 Gunaksa,ChIJEzP4_nUR0i0RySukLD7EWa0,Klungkung Regency
Diamond Beach,ChIJMa53HxZ30i0RjT02sEeHrQ0,Klungkung Regency
kantor Perbekel Desa Dawan Kaler,ChIJRw0ijr4R0i0RpXzJC8erx6A,Klungkung Regency
Kantor KEPALA DESA PAKSEBALI,ChIJwQZetwwR0i0RMihLNE8TaRQ,Klungkung Regency
Kantor Perbekel Satra,ChIJ6V9BXvQT0i0R2yceP8U5flw,Klungkung Regency
GUNAKSA SUB-DISTRICT OFFICE,ChIJPSpUuIoR0i0RWWF7l94CRc8,Klungkung Regency
Kantor Perbekel Desa Ped,ChIJt65lmFly0i0R7lv1KT_V3vQ,Klungkung Regency
Balai Banjar Sangging,ChIJM1BVRGYR0i0RTYjWyF1ZQ-c,Klungkung Regency
Banjar Adat Ayung,ChIJISnMxUER0i0RhBbQOq0jWG8,Klungkung Regency
Banjar Mergan,ChIJH0xzZWoR0i0Rccm_FKfEP2s,Klungkung Regency
Balai Banjar Gunung Niang,ChIJIS2gyKER0i0RX0BUyqLoOKE,Klungkung Regency
"Balai Banjar Pegending, Desa Adat Sangkanbuana",ChIJaQbLe68R0i0Rk-gWGpf_RKg,Klungkung Regency
Balai Banjar Jelantik Kuribatu,ChIJYX6BZmcR0i0RkkwD4DDdop8,Klungkung Regency
Balai Banjar Lebah,ChIJJx3EuWwR0i0R7vSoPrMVW3g,Klungkung Regency
Banjar Pande Kota,ChIJix_KfA4R0i0RQbD_gSSDmqA,Klungkung Regency
Balai Banjar Mungguna,ChIJjSrrqB0R0i0RM3nEgE5IrBI,Klungkung Regency
Banjar Takmung,ChIJQz0_7VkR0i0RkJ-fb3rSJXc,Klungkung Regency
Balai Banjar Celepik,ChIJpUebCVIR0i0RbsveSZ22qkw,Klungkung Regency
Bale Banjar Desa Tojan Kaler Lan Kelod,ChIJZfR2m2AR0i0RHmwpO6SYz4g,Klungkung Regency
Banjar Tagtag,ChIJCfKAL24R0i0RBiZLAaMRQdg,Klungkung Regency
Banjar Pande Mas,ChIJs1Yi3GYR0i0ReiWT1uAMQtI,Klungkung Regency
Balai Banjar Penasan Sangging,ChIJKTe5zbAR0i0RzXEUVC9KQuA,Klungkung Regency
Balai Banjar Jeroagung Kaler,ChIJXQJDvGER0i0R9jwPUvRZmRY,Klungkung Regency
Balai Banjar Anyar Gelgel,ChIJqcuRmzgR0i0RYz0chkPZst8,Klungkung Regency
Banjar Sengguan,ChIJpWbJhRQR0i0RbvFMUj382TY,Klungkung Regency
Banjar Peken Kamasan,ChIJx2LlrWYR0i0RTK_LA_21wCg,Klungkung Regency
Banjar Ulunsui,ChIJY4xea3AR0i0R-CD2nDwQ_l0,Klungkung Regency
Balai Banjar Peninjoan,ChIJD4iSDQAR0i0RyBGYRVdJf7c,Klungkung Regency
Banjar Mincidan,ChIJ6xogfOIR0i0RkVwP5chkHGo,Klungkung Regency
"Balai Banjar Dinas Bandung, Gunaksa",ChIJM5npCHcR0i0R0fxAGFeiQaY,Klungkung Regency
Banjar Timbrah,ChIJn60T9vsR0i0RJTmlBW-RRq8,Klungkung Regency
Banjar Gerombong,ChIJ75k8C7MR0i0R7PVXdQoRd0M,Klungkung Regency
Banjar Tabanan Desa Kamasan,ChIJ5bbgc2ER0i0Rv9eZ4Z2w8bg,Klungkung Regency
Balai Banjar Metulis,ChIJnbE4hr4R0i0R5ZPsnvgFs0c,Klungkung Regency
"Balai Banjar Pau, tihingan",ChIJqenc_iwR0i0Rfx2Vyc0UAho,Klungkung Regency
Banjar Kacang Dawa,ChIJ66qLYLkR0i0R7YLeW8JqUdE,Klungkung Regency
"Balai Banjar Dinas Patus, Gunaksa",ChIJp__iD9IR0i0RXbqfgJ8uvpc,Klungkung Regency
Banjar Bokong,ChIJWXqlYHAR0i0RBdklPNZljL4,Klungkung Regency
Balai Banjar Adat Tegal Besar,ChIJmYrpRgkU0i0RLL5FbBHnXbE,Klungkung Regency
Balai Banjar Sidayu Nyuhaya,ChIJb9wGG6MT0i0ReE9ql9wppQY,Klungkung Regency
Banjar Jeroagung Klod,ChIJDQ6sfd8T0i0Ruq3X9CFEzNE,Klungkung Regency
"Balai Banjar Dinas Nyamping, Gunaksa",ChIJ1RWTdFMR0i0R2ejbPFSKxYI,Klungkung Regency
Banjar Pekandelan,ChIJ629YG70R0i0R9UCBdgEmJ3g,Klungkung Regency
"Balai Banjar PASEKAN, Dawan, Klungkung",ChIJW-jGtb4R0i0RfjGV_U6d_ys,Klungkung Regency
Balai Banjar Alit,ChIJJdYMR94X0i0RSzKfKzhUWm0,Klungkung Regency
Balai Banjar Adat Babung,ChIJAfATjYsR0i0RynP77-SJ3Z4,Klungkung Regency
Banjar Batur / Bokong Kaja,ChIJ5ZTADy4R0i0RYgep0XmVnlE,Klungkung Regency
BALAI BANJAR GRIYA BUDHA PURNAWATI DESA TUSAN,ChIJ781nPLcW0i0R5sHKQHuGHIA,Klungkung Regency
Bale Banjar Lepang Klungkung,ChIJ2YQUarIT0i0Ra_2WRtBIKQw,Klungkung Regency
Balai Banjar Sengguan,ChIJOzf5CCUR0i0ROHXi-EOOK_k,Klungkung Regency
Balai Desa Adat Kemoning,ChIJQSBh4UAR0i0RRZ3loKfLzdI,Klungkung Regency
Banjar Minggir Desa Gelgel,ChIJw6DTnmIR0i0RDipULBmb5ss,Klungkung Regency
Balai Banjar Tegalwangi,ChIJD3Ii-xEX0i0R69nKVGPtKz8,Klungkung Regency
Balai Banjar Swelagiri,ChIJJYclK80Q0i0RjqzNr8TI1nI,Klungkung Regency
BALAI BANJAR PEKANDELAN,ChIJiU7PCSYX0i0RxDlmZc4nAXg,Klungkung Regency
Banjar Tusan X STDY,ChIJ15W2tdUR0i0RgDhqdRykvWo,Klungkung Regency
"Balai Banjar Dinas Buayang, Gunaksa",ChIJrydPAgAR0i0R_oB1wIiREpI,Klungkung Regency
"Balai Banjar Sangging, Dawan Klod, Klungkung",ChIJrdfjKSgR0i0RIogN2i5HUGs,Klungkung Regency
Balai Banjar Peyadnyan,ChIJlYszZs0Q0i0R0n2LvKh6jW0,Klungkung Regency
"Balai Banjar Kaleran, Desa Timuhun",ChIJW4jfT2wR0i0RfHBOD3nJuBM,Klungkung Regency
Balai Banjar Kangin,ChIJF5lYyrAQ0i0R3rjECJumW24,Klungkung Regency
"Rencana Balai Banjar Dinas Tiingadi, Gunaksa",ChIJmbjEFAAT0i0RyXXbk1jvKdc,Klungkung Regency
Balai Banjar Desa Adat Pangi,ChIJI3gnvakR0i0R1ceGCpoh9Oc,Klungkung Regency
"Rencana Balai Banjar Dinas Gunaraksa, Gunaksa",ChIJiRC5MQAT0i0Rz9F2f1bq4VY,Klungkung Regency
Museum bali,ChIJc2f-JSkX0i0RwvDP4lpWVwM,Klungkung Regency
Balai Masyarakat Desa Satra,ChIJ0bXEksMR0i0R0hl6Pah36hk,Klungkung Regency
Posko KKN PPM UNUD Banjarangkan,ChIJub8SEQAX0i0RufSkc57vv4Q,Klungkung Regency
Dinas Pemberdayaan Masyarakat Desa Pengendalian Penduduk dan Keluarga Berencana,ChIJn0To1lQR0i0RBkxtv-qKuTo,Klungkung Regency
Pos bartung,ChIJo7N7OjYX0i0RvLIxgQmxxrA,Klungkung Regency
BANJAR PEKEN,ChIJvehWhCoX0i0R-cZQJb1Y1lE,Klungkung Regency
Banjar Carangsari,ChIJAclcymob0i0RBztQV2Zub4g,Klungkung Regency
Meraih sukses bersama MSI,ChIJQS-4kZ0X0i0RXQ9o3ujlJZU,Klungkung Regency
BARNES (Banjar Nesa),ChIJJe8iFwAX0i0RcJ64jJTU6Cw,Klungkung Regency
BANJAR KAWAN,ChIJN9aGE_gX0i0RW1_v8OiYc70,Klungkung Regency
Balai Masyarakat Desa Dawan Klod,ChIJ4xInUocR0i0R1yTB2tD7fN0,Klungkung Regency
Balai Masyarakat Desa Lembongan,ChIJAYgaILpt0i0RSXaWrY1Ms3U,Klungkung Regency
Bendungan Balandete,ChIJtVw0NHofmC0RhGUbarn1AjE,Kolaka Regency
Puskesmas Pembantu,ChIJ-4IGFYdqmC0RNjsyxgdjyaY,Konawe Regency
Patung Christina Martha Tiahahu,ChIJm9jWjyrpbC0RUPdiLFfcZok,Kota Ambon
Andika Cuci Motor 020,ChIJwzZC3p490i0ROyTMA0zh3gQ,Kota Denpasar
Puskesmas Pembantu,ChIJ4b5LPw8reTIR-JJVKVLJL0A,Kota Gorontalo
Perempatan jalan burengan,ChIJuyZV5gxXeC4RkWWeWw-lDGs,Kota Kediri
741 St Mechanise Infantry Battalion,ChIJYbSY2PFh0S0RfX66RtNup0c,Kota Mataram
Purwosari Village Hall,ChIJl_cIa7nEcC4RJgYOuU5ecuE,Kudus Regency
Cagar Budaya Bulurejo (ꦕꦒꦂꦧꦸꦢꦪꦧꦸꦭꦸꦉꦗꦺꦴ),ChIJJyKlwsT7ei4RIHST9PedeC4,Kulon Progo Regency
Struktur Cagar Budaya Buk Abang,ChIJwZJdOCHjei4RwXIyRA4m0wk,Kulon Progo Regency
Bendungan,ChIJ6U5G2Kn8ei4RoIdW43Z6AgU,Kulon Progo Regency
PUSKESMAS PEMBANTU WATES,ChIJeV7ZQo37ei4RzxIyZnpkEls,Kulon Progo Regency
Puskesmas Pembantu,ChIJqT_eKGXxei4ReQqJUg857c8,Kulon Progo Regency
Perempatan Cerme,ChIJ1eGWHy79ei4RxdMEfdQxkyc,Kulon Progo Regency
Kantor Kepala Desa Cidahu,ChIJC3R2AkEfby4Rdx9sXlpw4MA,Kuningan Regency
Puskesmas Pembantu,ChIJtw2IWpCG9i0RgWbjtS5o3BU,Kutai Kartanegara Regency
Kukar Bridge,ChIJUQ5mYDt79i0RU4H0KjPL2KE,Kutai Kartanegara Regency
CAGAR BUDAYA BATU BATANGGUI,ChIJzdHMPg8ZBi4Re1LD9f5-kfY,Lamandau Regency
Crossroads,ChIJg9bHKwpje0gRiniVZt2Gwu0,Lancaster
Crossroads,ChIJ3YfJLgpje0gR5UJCjn-SKCk,Lancaster
The Crossroads,ChIJ8XRK6LwRckgREGNYYjCqet0,Langport
Crossroads,ChIJHYen5GbW24cRkurrK_U3dXE,Liberty Township
Cross Roads,ChIJqf7P7BNr2IcRcf53lARPttM,Liberty Township
Cross Roads,ChIJUX3gdns5z4cRyK4eoEe0a0M,Lincoln Township
Crossroads,ChIJSdUC2QIZb0gRMBTs9wAEtOM,Llandysul
Crossroads,ChIJ2UEOL5vKwoARrUhK5tDyjTE,Los Angeles
Crossroads,ChIJ0-75ps6_MYYRKXRLRc2rh5w,Louisiana
Crossroads,ChIJiWmmTHFqcEgRNwxCxKumyR4,Ludlow
Puskesmas Pembantu Pustu Wates Wetan,ChIJO00cXxtR1i0RZjbPOYCoBnc,Lumajang Regency
PUSTU Puskesmas Pembantu,ChIJZ0clXptB1i0RhcTSoWBvxNI,Lumajang Regency
Puskesmas Pembantu,ChIJe_qVIZbKeS4RUkb7kXItNFM,Madiun Regency
Cagar Budaya Situs Dipan,ChIJl_7uPOuNei4RLkdnsS3EHoQ,Magelang Regency
Puskesmas Pembantu,ChIJZb8kLQBjei4RNCLD9Jl3XZA,Magelang Regency
Perempatan Paingan,ChIJQWHs_WWPei4RcmZnyRZOO04,Magelang Regency
Perempatan turi,ChIJFS0FcuGTeS4RT8EMzD3nPSw,Magetan Regency
Crossroads,ChIJeYXdIAc230cREVPDWyhL7a0,Maidstone
PUSTU (puskesmas pembantu),ChIJf9_SeADZbi4RrCqxBYlK3Dw,Majalengka Regency
Puskesmas Pembantu(PUSTU),ChIJRWMbKcfTbi4RQ63zGtwKArA,Majalengka Regency
Kantor Lurah TAMALANREA INDAH,ChIJAQAAAMn8vi0R4dioNp59pho,Makassar City
Kantor Lurah Batua,ChIJDQw_zdnivi0RtEoaMF-QeBo,Makassar City
Kantor Lurah Tamalanrea Jaya,ChIJu7oZmU7jvi0R5311AXxP17c,Makassar City
Cagar budaya,ChIJ23wZAz0p1i0Ra0s7wbaA4DU,Malang City
Library of Elementary School of Kiduldalem I,ChIJL76gKz0o1i0RbKyjKTRfw40,Malang City
Malang City Hall,ChIJVVVVlSMo1i0RbivGFAYVnX8,Malang City
Badan Pendapatan Daerah Kota Malang,ChIJB41CQpYn1i0RDqE4Z0OAk4Q,Malang City
Perempatan Rampal,ChIJ8Qx7xDsp1i0RDvOvFNLCojA,Malang City
"Oud Malang , Luchtalarm Toren in Kasin",ChIJ6VxJrLkp1i0RhVOcP_XWmOM,Malang City
bundaran,ChIJb0ZWmcop1i0Rc4sNyt9I6go,Malang City
Village Head Office Bakalan,ChIJX_9R-OQg1i0RF7q-GiWjIgE,Malang Regency
Kantor Bupati Malang,ChIJ-eo2fp-feC4Rry9PwJtlWMk,Malang Regency
Perempatan Sempol,ChIJI-KfAACjeC4R9gTsRg-kRJE,Malang Regency
Perempatan masjid tlogorejo,ChIJY-qTwXCjeC4RfiiVBiZKHXE,Malang Regency
Perempatan,ChIJsYBiDkCheC4RU6QsmpEFk_c,Malang Regency
PUSKESMAS PEMBANTU,ChIJvQX-8XQm1i0R43k0iziNM6A,Malang Regency
Bangunan,ChIJ2xiyUNypeC4R5fW4JXtSeN0,Malang Regency
Perempatan Gondang Utara,ChIJt0z6SgAr1i0RKHBimqm0DKI,Malang Regency
Rounding,ChIJJdOl4mrT1y0RzP4fZH34b_o,Malang Regency
Puskesmas Pembantu (Pustu),ChIJdUt3FrMVky0Rdnu4bfBd-ag,Mamasa Regency
Puskesmas Pembantu,ChIJAcKSkl90hzIRbUHFYDMsg2A,Manado City
Puskesmas Pembantu,ChIJ3ynjryELhzIRXEz9klB9BaI,Manado City
SD No. 3 Mengwi,ChIJKbEppJ470i0RiQnkssX22-I,"Mangupura, Badung"
Puskesmas Pembantu,ChIJB6iOwb33vi0RgX1qajt1LkM,Maros Regency
Tugu Bundaran Sweta,ChIJhYmlrFu5zS0RHHw7acw4VAk,Mataram City
Perempatan AMM Jl. Airlangga,ChIJad2HRQC_zS0RQQ8OXup3QCM,Mataram City
Puskesmas Pembantu,ChIJ8UWwOZjAzS0RJyxriqOAMWw,Mataram City
Puskesmas Pembantu(pustu),ChIJxZigCB87Li4R9_cSoabU0GA,Merangin Regency
Puskesmas Pembantu (Pustu),ChIJgYyQ2ZJhLi4RJ4p1n3Rr4jE,Merangin Regency
Crossroads,ChIJ7aLRExz4ekgRFRNkQpVXGnY,Middlewich
PUSKESMAS PEMBANTU,ChIJEwVNWNlvhzIRcUPEOjz5JDg,Minahasa Regency
Crossroads,ChIJcXcOf4Ltg4gRk59_i04ZBDU,Mississippi
Crossroad,ChIJk56_88IxgogRFG72oN7tYeQ,Mississippi
Cross Roads,ChIJyXXTf--jfYgRLAFLqNyX9pw,Mississippi
Perempatan Jln suromulang(pas lampu merah),ChIJI0VhLwATeC4RQCm7SdORPkU,Mojokerto City
Kantor Kepala Desa Candiwatu ꦏꦤ꧀ꦠꦺꦴꦂꦏꦼꦥꦭꦢꦺꦱꦕꦤ꧀ꦣꦶꦮꦠꦸ,ChIJL3Ai2zZxeC4RcZ2qjIC2bY0,Mojokerto Regency
Kantor Kepala Desa Wonosari,ChIJDWYvznnf1y0RKeXJKlxlP54,Mojokerto Regency
Gorengan Perempatan Mbak Is,ChIJW--NIsp1eC4RvG1vBVtEh3I,Mojokerto Regency
Crossroads,ChIJA2-_3pJDxIkRKpEiKe5FJNc,Moore Township
Kantor Kepala Desa,ChIJX0g8Q8BROi4R2GuChddLoPQ,Muara Enim Regency
Puskesmas Pembantu Renda,ChIJY6hmAyZBoi0RobH3a99gGKo,Muna Regency
Crossroads,ChIJN3iF75j644cROdKGBLXmzN4,Muscatine
BUPDA Desa Adat Sumbersari,ChIJ_XEslDxd0S0RXZ72ZFlPYIo,NEGARA
Bendungan Mbay,ChIJs7dPRIGTsi0R07PsOIWa1XM,Nagekeo Regency
Crossroads,ChIJx5lavvPSbkgRW2ighFRDN-g,Narberth
Crossroads,ChIJRz2mtywUb0gRThPGFOa9W7s,New Quay
Crossroads,ChIJd8DOd8RE2EcRLZCGNZgGMLc,Newmarket
Crossroads,ChIJYfll5YpD2EcRjkotaqskbWQ,Newmarket
Crossroads,ChIJuUy_jE_004cRSnLTU1EDTLg,Newport
Perempatan,ChIJzSFU2tngsi0RwzW5HxW2BSU,Ngada Regency
Perempatan Karangsemi,ChIJg5TKKABJeC4RgTsqrr0h8Tw,Nganjuk Regency
Puskesmas Pembantu Siwalan (PUSTU),ChIJY0-s3F-zeS4Rib9bwS5FdEQ,Nganjuk Regency
perempatan tiripan tumirah,ChIJ70x9YABLeC4ROQkDrMvW-5U,Nganjuk Regency
Warung Perempatan,ChIJ6y5gmEg4eC4RJYtwP1JZBQs,Nganjuk Regency
Perempatan Kendung,ChIJ6YOYfdbpeS4RFGgSF6BNce0,Ngawi Regency
Perempatan Gelung,ChIJs6gkawDpeS4RoSg_91z19pc,Ngawi Regency
Kantor Kepala Desa,ChIJEybjC2eHMjARCX0CePGuR5I,North Labuhan Batu Regency
Puskesmas Pembantu (Pustu),ChIJyYrl-jepOC4R6MyHZHDAxPE,North Lampung Regency
Pustu Bentek Desa Bentek,ChIJ1ZIT4cvbzS0RByxGMW4AyUs,North Lombok Regency
Pustu Terintegrasi Gangga Desa Genggelang,ChIJb2WOLUbRzS0RqTiP5HA_7bQ,North Lombok Regency
Puskesmas Pembantu (Pustu) Plus Desa Medana,ChIJUXIgYnTczS0R3ULG2kwJG6w,North Lombok Regency
Puskesmas pembantu (Pustu),ChIJ7VL-IUVzhS0RhC-PAHN41Yc,North Morowali Regency
Kantor Pemerintahan Desa Pantis,ChIJV38WjaR7LjARct2IZiyNS1o,North Tapanuli Regency
Pustu Puskesmas Pembantu,ChIJ4WiCAn1uLjAROLBNfccbuHA,North Tapanuli Regency
Crossroads,ChIJr-wzDW3IeUgRYw3DDitQEVg,Nottingham
Crossroads Cafe,ChIJz1D2tEHbZ4YRsXOxUBZTPCk,Orange Grove
Crossroads,ChIJM9lrQmuuekgRlYJxaJ2x2uk,Oswestry
Puskesmas Pembantu (Pustu) Kampung Baru,ChIJmeRfWvK51C8RLpAihWPZtq8,Padang City
puskesmas pembantu (pustu).,ChIJzWVdJazD1C8RFUMGEs_-DWE,Padang Pariaman Regency
Bundaran Garuda,ChIJ4UynFVuz_C0RkUTj9IYvhUw,Palangka Raya City
Puskesmas Pembantu,ChIJRWCh_g6dOy4RpnRtGMATkis,Palembang City
Puskesmas Pembantu (PUSTU) TIPO,ChIJW0v845vsiy0R7WC55ZvDF_4,Palu City
Puskesmas pembantu banyuresmi,ChIJ_V-p_yAzQi4RzZGv0X0cyTU,Pandeglang Regency
Bendungan,ChIJH_a2awCXZS4RjWUliEVL0cA,Pangandaran Regency
"PUSTU, Puskesmas Pembantu",ChIJt8ItXADBZS4R4mkn3a4XVhE,Pangandaran Regency
Puskesmas Pembantu (PUSTU),ChIJwaxCgxeVZS4R-5Y_yrtvouk,Pangandaran Regency
Puskesmas Pembantu,ChIJJb3oT5ZNiS0R1aVOGQN4EHo,Parigi Moutong Regency
Puskesmas Pembantu (Pustu)Tibu,ChIJPw0wRvx6djIRBo5vnO1HgKg,Parigi Moutong Regency
Puskesmas pembantu (PUSTU) Baina'a,ChIJT_nKfAB3djIRFqs7fGZRZrs,Parigi Moutong Regency
Bendungan Irigasi Kasoloang,ChIJg8jHJgCHiy0RRbqJP_gu3Kw,Pasangkayu
PUSKESMAS PEMBANTU ( PUSTU ) DESA TIRTABUANA,ChIJA_OMcQ8JjS0R1XVDut12hnc,Pasangkayu
JUNIOR HIGH SCHOOL STATE 1 OF Pasuruan CITY,ChIJd10LrQzG1y0RKQWTkQFv8fY,Pasuruan City
JUNIOR HIGH SCHOOL STATE 2 OF Pasuruan CITY,ChIJU2vbY9_F1y0R64DYS00jmaM,Pasuruan City
Puskesmas Karang Ketug,ChIJkwOGC7fF1y0RhXAKYj7JK_c,Pasuruan City
Perempatan Ateja,ChIJ-U65oNHH1y0RWgUJiXKBGVU,Pasuruan City
Bundaran Arteri,ChIJwfOz7w_f1y0R9yDoSZ2QqLA,Pasuruan Regency
Bendungan,ChIJV0WnR_zE1y0RAsz9alKF6SI,Pasuruan Regency
Bendungan,ChIJidHTgNHL1y0RsfaVidSmlCo,Pasuruan Regency
Puskesmas Pembantu (Pustu),ChIJjz4Bj0vI1y0RNfuMdYgruMw,Pasuruan Regency
Puskesmas pembantu PANDITAN,ChIJyzM5KkO11y0Ruan-sd46yeM,Pasuruan Regency
Puskesmas Pembantu,ChIJOQMCzZM01i0RqWT_rTR8Gwo,Pasuruan Regency
Puskesmas Pembantu,ChIJuzz7GqbUcC4RqX-MAdroG_E,Pati Regency
Crossroads,ChIJBbYJ0LQ2aUgRVee2ElS-d0w,Pembroke
Puskesmas Pembantu,ChIJW18DQRHH9i0RI3fhKteTFIs,Penajam North Paser Regency
Puskesmas Pembantu,ChIJ36M74Lg3Oi4RGBGhuShubZ8,Penukal Abab Lematang Ilir Regency
Crossroads,ChIJ0VnuzMNTZEgRWm6eu-RoOJw,Penysarn
Crossroads,ChIJ2VF9Gj3EakgRmv7tGhozf-o,Penzance
Crossroads,ChIJ4Y5HUJuKfkgRMtCH41XyIao,Peterlee
Gross Crossroad,ChIJo5WnCtSFWogRaWzYdCErdM0,Piney Flats
Puskesmas Pembantu Pustu Desa Maritengngae,ChIJZQbyC-6vlS0Rl8RvH-eRuHk,Pinrang Regency
Puskesmas Pembantu (PUSTU),ChIJiWRSh1aZlC0RDQGlaL08wEo,Polewali Mandar Regency
Bangunan Bersejarah,ChIJ672F6waneS4R8W_jH-j35PQ,Ponorogo Regency
Kantor Kelurahan Tengah,ChIJPcV5e1hYHS4RACVMMJJH-KE,Pontianak
Bangunan bersejarah,ChIJ36NGeZqJji0R3LIJpHUUb1Y,Poso Regency
Crossroads,ChIJE6LekQpsTogRgLywaJuvE3s,Princeton
PUSKESMAS PEMBANTU,ChIJcTeJlLgxRy4RS85wwsADb5k,Pringsewu Regency
Perempatan Pare,ChIJX0ZWw3ctRy4RnJcf8RoH_4Y,Pringsewu Regency
Kantor Kepala Desa Dungun,ChIJlRWm2-Cz1y0RUkW_MMbVVmo,Probolinggo Regency
KANTOR PEMERINTAHAN DESA,ChIJV1L-noH_1i0RPAZevN2FtLE,Probolinggo Regency
Perempatan Klaseman-Maron,ChIJAb0HbACr1y0Ry9ARZbsrj5o,Probolinggo Regency
Kantor Kepala Desa Nangkod,ChIJu0FweW9VZS4R9YPhducxqaE,Purbalingga Regency
Puskesmas Pembantu,ChIJ6QeUyvdZZS4R0aER1gZr51E,Purbalingga Regency
Bendungan Jatiluhur,ChIJS6y9vgEMaS4RWIftrI-ukZo,Purwakarta Regency
Turbin PLTA Jatiluhur,ChIJF45dyAEMaS4RZPNFy3msUMQ,Purwakarta Regency
Kantor Kepala Desa Kesawen,ChIJ28yXYVbHei4Rx-xw3jF_Rrc,Purworejo Regency
upt puskesmas pembantu,ChIJb4jB_grCei4RWBD3ao6r_xQ,Purworejo Regency
Perempatan jalan,ChIJKdx4OgDBei4RfC0FyvjFBxo,Purworejo Regency
Perempatan Jalan Dusun,ChIJXZeifADDei4RhcbufMFyYds,Purworejo Regency
Crossroads,ChIJG_K_ipzrZUgRs-zuP5xIlTM,Pwllheli
Puskesmas Pembantu Ukir,ChIJE1PLnVIWdy4R8PPSI9bM7Ic,Rembang Regency
pustu puskesmas pembantu,ChIJ3xMxbCUwdy4RiAvNKnc61BI,Rembang Regency
Cross Roads,ChIJidnaMcww0IcR1bBa-Ymxap8,Richland Township
Puskesmas Pembantu (PUSTU),ChIJVeUuMeTc0jER3hmaFnNU-D8,Rokan Hilir Regency
Crossroads,ChIJJ3qyJmNlsIkRoo7Dnm5DPO8,Rushmere
Crossroads,ChIJzfSrZpdu5kcRpeYPN5vBb8I,Saint-Denis
Rumah Cagar Budaya,ChIJm4goIgB5ei4R-yC_BBMbQRw,Salatiga City
Crossroads,ChIJ9Qy1NP-Mc0gRswA11oMugb4,Salisbury
Cagar Budaya Rumah Adat,ChIJe6BUhb1_9i0R9bfTG30HZ0U,Samarinda City
Kantor Pemerintah,ChIJEaCounN_9i0RR54tr5Rc29g,Samarinda City
Puskesmas Pembantu,ChIJ3UIMpoLB5DERd5wHSi-fuSg,Sambas Regency
Cagar Budaya Nusantara,ChIJIwCJGz8DAi4R-2HYSFNq5a8,Sekadau Regency
KANTOR KEPALA DESA MAHARAYA,ChIJdeRb-2_Guy0RmPkhdWy1STE,Selayar Islands Regency
"Junior High School 19, Semarang",ChIJ10ljth-LcC4RmpfdWNq1_es,Semarang City
"Junior High School 31, Semarang",ChIJhTsRVs2KcC4RYGNKcmIEctc,Semarang City
State Junior High School 30,ChIJG5hhbTSLcC4RUMbXKgzQeRc,Semarang City
SMP Negeri 1 Semarang,ChIJwdmRkCqLcC4RawNHgSn5Ug8,Semarang City
Pasar Cagar Budaya Peterongan,ChIJI0n6p5uMcC4R7MFVfd4_Jak,Semarang City
Puskesmas Pembantu Panjangan,ChIJCzzBvL-LcC4RApvbPSTorZM,Semarang City
Kantor Kelurahan Tembalang,ChIJ0Qekcq-OcC4RX5HuAiXL4zE,Semarang City
Kelurahan,ChIJXz95Xf6NcC4R6R72K6cK2OE,Semarang City
Palagan Ambarawa Monument,ChIJ6UqOtAqBcC4R6x4Cn62mY4M,Semarang Regency
Brantas Abipraya Proyek Bendungan Jragung,ChIJ-SiJkUSbcC4RLuTUyZOmbqc,Semarang Regency
PUSKESMAS PEMBANTU PLEDOKAN,ChIJ34JnFIl9cC4RdZQuKqs8DOA,Semarang Regency
Puskesmas Pembantu Beji Ungaran Timur,ChIJWxvKZQCHcC4RBRg6uF6UfW4,Semarang Regency
"Puskesmas pembantu""BRANJANG""",ChIJRd00K82JcC4RDboiIN2O4Ik,Semarang Regency
Puskesmas pembantu puser,ChIJwaZgYoTxQS4RRIejarXxVSg,Serang Regency
Puskesmas Nyompok,ChIJa5qyD-8EQi4RGPysT_EFuuQ,Serang Regency
Crossroads,ChIJY-TpaYmkekgRY584ukIsYEs,Shrewsbury
Crossroads,ChIJ39k-0951cEgRArkXTYX5LsA,Shrewsbury
Crossroads,ChIJQ3Ayu7AIcEgRcbSeiMa1WJM,Shrewsbury
Crossroads,ChIJGda4Fp8JcEgRN7Yh8jmGNIA,Shrewsbury
Crossroads,ChIJS4UB77OgekgR5Ag1Pm_yDWU,Shrewsbury
Crossroads,ChIJdYerJPV3cEgR5fXxxmqtKB8,Shrewsbury
Bendungan,ChIJL_OoqILg1y0Rk0SaxD0IrgE,Sidoarjo Regency
Bendungan desa ngaban,ChIJg2I3ienn1y0RL7YXR13hYq8,Sidoarjo Regency
Taman Sidoarjo PHC,ChIJL_9Mh7X81y0RUDxvIZd0uQ0,Sidoarjo Regency
Puskesmas Sidoarjo,ChIJj2dI_crm1y0RKFBg4Lke5u8,Sidoarjo Regency
Kementerian Keuangan Republik Indonesia,ChIJj-IXIPzk1y0R6w8c77XuHQw,Sidoarjo Regency
Kantor Kepala Desa,ChIJkThzB9p_MTARSmYlwyZfaIc,Simalungun Regency
Sttkusumanadi,ChIJz10VaoKa0S0REZDhYPOpW10,Singaraja
Sekretariat PGSDT,ChIJ8Shwp1In0i0Rous4QDD4bP0,Singaraja
Bundaran Singkawang,ChIJ0TDO3_dy4zERL-HqfQjzza0,Singkawang City
Crossroads,ChIJhZdcupXU3kcRp-JVuumUrF8,Sittingbourne
Crossroads,ChIJZ82oQJXU3kcRv3bWjI6QyAE,Sittingbourne
"Wonorejo Village Hall, district. Banyuputih, Situbondo",ChIJY9mTihI70S0Rsrgb1wVLlqs,Situbondo Regency
Puskesmas Pembantu,ChIJaaXH3Xop1y0R0ZoXNeQISBs,Situbondo Regency
Cagar budaya,ChIJ4-4cYIVRei4Rv5thgF5cbCc,Sleman Regency
Situs Penampungan Benda Cagar Budaya Seyegan,ChIJ15og1Nz1ei4Rp2Hspfm6hbg,Sleman Regency
"Prasasti Cagar Budaya "" Pendopo Kapanewon Tempel'",ChIJn_x0Iff1ei4RiJxlQnjp-y8,Sleman Regency
Perempatan Pasar Pakem,ChIJ8QlmKABfei4R5MBc6bHEqwc,Sleman Regency
PUSTU (Puskesmas Pembantu) NOGOTIRTO,ChIJPeMW9nRYei4ReJQHT_4YxsU,Sleman Regency
Puskesmas Pembantu (Pustu) Sidorejo,ChIJIxRY0033ei4RGns0uTVD_8U,Sleman Regency
Perempatan mBeji (ex. Perempatan Ringin Kembar),ChIJXcvFmgv3ei4R42vfGRbrCRA,Sleman Regency
Perempatan,ChIJoQ_Mlf5fei4Rp9-c95Fnrqo,Sleman Regency
Perempatan Kidul Barongan,ChIJMXFL_8j1ei4RpVfQQFvFukg,Sleman Regency
Prapatan Tong Nglanjaran,ChIJu3_ebCxfei4RFqDuevH_m2o,Sleman Regency
Puskesmas Pembantu (PUSTU),ChIJN7y8hIKwfzIRtuIJ6gmDudQ,South Bolaang Mongondow Regency
Center Crossroads,ChIJu5QIQGEfAIkRmxhosxIsL1E,South Carolina
Central Crossroads,ChIJIcvaRXGQ_4gR3h_PH35o4kk,South Carolina
Kantor Kelurahan Ragunan,ChIJNW3iw_3taS4RZXO7JCW8ens,South Jakarta City
Arsip Nasional Republik Indonesia,ChIJUfLeICDyaS4RamhZZjMkYJM,South Jakarta City
Monumen Patung Dirgantara,ChIJL-pfxLjzaS4ROaSgrXQgJrQ,South Jakarta City
Kelurahan Karet Kuningan,ChIJCTAisPjzaS4RRq_Ft05GPMI,South Jakarta City
Bagian Pengembangan Pegawai Kementerian ATR/BPN,ChIJC5K_5UHxaS4RztOQhn3i4o0,South Jakarta City
Puskesmas Pembantu,ChIJyQn1ZLOYoi0RqzP5nKEm1mI,South Konawe Regency
Balai Desa Banjar Negeri,ChIJnbt1lzLIQC4R0WhEtl1hsfo,South Lampung Regency
Simpang,ChIJh4PIrUBaOC4RFpsrB8XrRFw,South Ogan Komering Ulu Regency
Bendungan Tiga Dihaji,ChIJw-QTjegVOC4RLW0uawMh9-c,South Ogan Komering Ulu Regency
Sekolah Dasar Negeri Serua Indah I,ChIJmR2fAljlaS4Ru7RrHtdahts,South Tangerang City
PHC Pondok Kacang East,ChIJv3VyP1r6aS4RoV1UXUoK6w0,South Tangerang City
Kantor Pemerintahan Desa Puna,ChIJH-uRN3CLVSwR18L5R9RNLOA,South Timor Tengah Regency
Puskesmas Pembantu Op,ChIJqfhjrNVT_ywRhCZYiv5Uq7U,South Timor Tengah Regency
Puskesmas Pembantu Putun,ChIJ6SEhxV9R_ywRi9exhcRGHj0,South Timor Tengah Regency
Cross Roads,ChIJW2rmIl6w0IkRAh-hmrieU1k,Springport
Perempatan Mangir,ChIJsdei0Nodei4RkXwOeKhZHsE,Sragen Regency
Cross Roads,ChIJfzEgJBCj-IgRk-Fty7zuJAU,St Andrews
Crossroads,ChIJI1l8hIFqekgRQyX6MFIoUgI,Stoke-on-Trent
Crossroads,ChIJM465cb5cekgREt8j12ouvxw,Stoke-on-Trent
Crossroads,ChIJuzhf_xu92UcRbiaNJ5c01a8,Stowmarket
Cagarbudaya,ChIJedKnaw5JaC4ROnD8yXDg6Vo,Sukabumi City
"Oud Soekaboemi , Indië Brievenbus bij Tjikolé Soekaboemi",ChIJ859SIbhJaC4RXdzQKgds924,Sukabumi City
Cagar Budaya Gunung Karamat,ChIJk1g5zPqHQi4RalneyRIWM70,Sukabumi Regency
PUSKESMAS Pembantu,ChIJO1nlsLkeaC4RAADVzPUuO78,Sukabumi Regency
Bundaran Simpang Lunci,ChIJOdSwR23RCC4RQXA6HmL_vFo,Sukamara Regency
Bendungan Gapit,ChIJ_drLxGH_yi0RkMdoaFSOgdM,Sumbawa Regency
Jembatan Samota,ChIJl0aOOODsyy0RH_YaOpC3fz8,Sumbawa Regency
Perempatan,ChIJUZa3qR_f2S0RNJ9kwVRq5X4,Sumenep Regency
Junior High School State 19 of Surabaya,ChIJ0-oUikH61y0RqDy57vqm8sk,Surabaya
State Junior High School 1 of Surabaya,ChIJgzwGeGX51y0RwQTkaoWnWZE,Surabaya
Junior High School State 43 of Surabaya,ChIJIepkR0H51y0R-55G1FCOZN8,Surabaya
Junior High School State 30 of Surabaya,ChIJA0kJVYr61y0RK9KiWbVLPT0,Surabaya
Junior High School State 52 of SURABAYA,ChIJlUFl9fX61y0RlnMHRHf7CyQ,Surabaya
Junior High School State 46 of Surabaya,ChIJPZZJSov71y0RzlSA9hlbJ5Y,Surabaya
Elementary School State 1 of Tembok Dukuh,ChIJU3EZGEz51y0RSExEZPtXarM,Surabaya
SDN Bubutan II,ChIJPXhXV0H51y0RQXEJMLUBaZY,Surabaya
Elementary School State of Gundih,ChIJ191PdDf51y0Rw0_pMVD7HQ0,Surabaya
Suro and Boyo Statue,ChIJMUjh3Zf71y0R-1n5AxwJaJ4,Surabaya
Monumen Jalesveva Jayamahe,ChIJTfvU0mP51y0RmFmIlaDpZTI,Surabaya
Lakarsantri District Office,ChIJ609VpZr91y0Rwu_hqT0bEaE,Surabaya
Kantor Kecamatan Gubeng,ChIJzzwKu9b71y0R8C8vusabxdA,Surabaya
Puskesmas Mulyorejo Surabaya,ChIJx1gUt4351y0R8icaIPWEDZU,Surabaya
Puskesmas Bulak Banteng,ChIJ01ftblf41y0Ri21C7egjRnE,Surabaya
Puskesmas Gading,ChIJ9-AEjqD51y0REnAjoPioTpQ,Surabaya
Puskesmas Ngagel Rejo,ChIJefQPOLr71y0RjV_r4bNyqNM,Surabaya
Puskesmas Putat Jaya,ChIJUayaaff71y0Rh2kYyZQ_9KM,Surabaya
Puskesmas Menur,ChIJyy4vvFL61y0RyLwgee03Zr4,Surabaya
Puskesmas Kebonsari,ChIJZ2mrSrX91y0Rav1_oopnL9E,Surabaya
Tanah Kali Kedinding Public Health Center,ChIJyzIAYqv51y0Rut9uJfPSEJg,Surabaya
Puskesmas Sawah Pulo,ChIJk42mYOH41y0RS23q9rlxGdY,Surabaya
Puskesmas Gayungan,ChIJLbEj0Fn71y0R-MYqDYcKKU0,Surabaya
Dukuh Kupang Public Health Center,ChIJN2zWgQn81y0RNrVVnMryang,Surabaya
Surabaya MAYOR OFFICE,ChIJh5BHlmX51y0RDKeafKvfMAM,Surabaya
Bundaran balongsari surabaya,ChIJAdQRskv_1y0RGs0joZLnvsY,Surabaya
Pemerintah Kota Surakarta,ChIJib8eYGAWei4Rl-PEi_vpQ10,Surakarta City
Social Service Surakarta,ChIJc8fiayoUei4RqRu_xR65CCs,Surakarta City
Kantor Dinas Perhubungan Kota Surakarta,ChIJSwo5tyAUei4Rg3GHeeuSQhE,Surakarta City
Local Representative Council (DPRD) of Surakarta,ChIJS427uWoUei4RW_brAWVpGnY,Surakarta City
Inspektorat,ChIJPd8M7WoUei4RmaJzge6or24,Surakarta City
Dinas Pekerjaan Umum Dan Penataan Ruang Kota Surakarta,ChIJPz-X4p4Vei4RCCfpR-WfpZU,Surakarta City
Dinas Perdagangan Kota Surakarta,ChIJ5z0ZQmAWei4R8dDBymDUr9k,Surakarta City
Perempatan Pasar Ngemplak A,ChIJzekiHZMWei4Rzt-_uPe7F28,Surakarta City
Crossroads,ChIJX-CFdGEIc0gRJhfuxDFdBfU,Swanage
Crossroads,ChIJ06bGfiTzbkgRirPhHpK5WiI,Swansea
Sekolah Dasar Negeri 1,ChIJ3bPpmIY50i0RcBTf9SNPXeo,Tabanan Regency
Cagar Budaya,ChIJbfNWPwU70i0RGbOxYX2MO8E,Tabanan Regency
Kantor Kepala Desa Pajahan,ChIJzYgTC6-A0S0RgiUyE4Y_Mt0,Tabanan Regency
Kantor Kepala Desa Antap,ChIJfw9mI40x0i0RQXut0rPIV6c,Tabanan Regency
KANTOR PERBEKEL DESA BELATUNGAN,ChIJWd-pH_0q0i0ReCDBDZuKvEg,Tabanan Regency
Village Office Padangan,ChIJn3pG0u0p0i0Rg-SK9-eYRzc,Tabanan Regency
Kantor Perbekel Desa Meliling,ChIJfWWJD6Qx0i0RkdJ7HlU0EqA,Tabanan Regency
SMP Negeri 1 Kediri,ChIJn1UZ9C460i0Rb-Ee7FI_J9s,Tabanan Regency
SMP Negeri 2 Kediri,ChIJUQ88vhw60i0Rfcao13qGb9Y,Tabanan Regency
Junior High School 1 of Tabanan,ChIJwa9LvFA60i0R3cT8o9ZVA5Y,Tabanan Regency
SMP Negeri 2 Tabanan,ChIJaXC55ms60i0RuNubqaPwubA,Tabanan Regency
SMP Negeri 3 Tabanan,ChIJ_bIzk1A60i0RfBGVYagP1X0,Tabanan Regency
SMP Negeri 5 Tabanan,ChIJOy2R_6sw0i0RZID3fuc6Zwk,Tabanan Regency
Junior High School Number 1 Kerambitan,ChIJJxSLmpww0i0RwE1At0FWqbw,Tabanan Regency
Smp Negeri 1 Baturiti,ChIJuXwjn1k60i0RGiKKn8-odDI,Tabanan Regency
SMP Negeri 2 Marga ᬏ​ᬲ᭄᭞​ ᬏ​ᬫ᭄᭞​ ​ᬧᬾ᭞​ ᬦᭂᬕᭂᬭᬶ​ ᭞᭒᭞ ​ᬫᬃᬕ​᭟​,ChIJDwoX5Bk70i0RhIUcn_N7qgA,Tabanan Regency
BINTANG PERSADA JUNIOR HIGH SCHOOL,ChIJw-3xdDk70i0R2VV9bwoYywE,Tabanan Regency
SMP Negeri 2 Selemadeg Timur,ChIJb5JtBFYw0i0RDkQh4KmFSYc,Tabanan Regency
SD 2 Cau Belayu,ChIJoZuA650j0i0Rn-s0-_fC5no,Tabanan Regency
SD Caublayu,ChIJnzg4Lhkj0i0RpCvaWpKNNl0,Tabanan Regency
SD NEGERI 1 Cau Belayu,ChIJG6eqDL4j0i0Rhzj-AmGggHE,Tabanan Regency
SD no 2 Perean Tengah,ChIJ7Zuy4wsj0i0RTUAgjh-lqms,Tabanan Regency
SD N 1 PEREAN TENGAH,ChIJeULL7Pwj0i0RhCn8UF97HkM,Tabanan Regency
SD N 2 Perean Tengah,ChIJkcVXYo0j0i0R69tF__04zIg,Tabanan Regency
SD no 1 Perean,ChIJ1bJrE_Ij0i0RN_y8Ji7CWs0,Tabanan Regency
SD NO.2 SELANBAWAK,ChIJbZfDca0k0i0ROH2K3bZy9os,Tabanan Regency
Sd 2 Marga Dajan Puri,ChIJh2ugxEEl0i0RgdZtOUmxifU,Tabanan Regency
SD N 2 PETIGA,ChIJ9ZftbmIl0i0RAjGiTpdY_1g,Tabanan Regency
SD Negeri 1 Marga Dajan Puri,ChIJdw6GgTcl0i0RQ9J_OF5lZGk,Tabanan Regency
SD NEGERI 1 MARGA,ChIJGQEFvb4k0i0R9YzoUZ18l_c,Tabanan Regency
SD N 1 PETIGA,ChIJ046HsGYl0i0RwVAHGla9usQ,Tabanan Regency
SD N 1 Perean Kangin,ChIJ96dbPtAj0i0RUt3XJt4z0M4,Tabanan Regency
SD Negeri 2 Perean,ChIJuz_Ngjcj0i0RR8Bm01k-0wk,Tabanan Regency
SD NEGERI 4 MARGA,ChIJ9__s6W4l0i0Rz9F6cADHtKc,Tabanan Regency
SD N 1 Batannyuh,ChIJu5xz5kY70i0RvCzrYdsB4bI,Tabanan Regency
SD Negeri 1 Kuwum Marga,ChIJi_8G-g870i0RiqJxftcvm0Q,Tabanan Regency
SD N 3 KUKUH MARGA,ChIJf5gMEzk70i0RuNOafD_YMBQ,Tabanan Regency
SD Negeri 1 Payangan,ChIJGW221iQl0i0R0Pttk8fRkfM,Tabanan Regency
SD NEGERI 6 MARGA,ChIJG3SMoYUl0i0RNJJXvUeg-Ck,Tabanan Regency
SD Negeri 1 Marga Dauh Puri,ChIJv0bT85Ql0i0RqaTHdbdB3OY,Tabanan Regency
SD Negeri 2 Payangan,ChIJGXYT1xQk0i0RprNFx9tcCl8,Tabanan Regency
SD NEGERI 5 MARGA,ChIJy9Pnetol0i0RjZi4dT-WXG0,Tabanan Regency
SD Negeri 2 Batannyuh,ChIJEV5rQ9M70i0Rbjve1qrUP9k,Tabanan Regency
SD Negeri 1 Biaung,ChIJlUJ01qYl0i0Rpii1xzpAq2I,Tabanan Regency
SD 1 Payangan,ChIJw9L6aV8k0i0RPeSLj4UJvc0,Tabanan Regency
SD N 1 TUNJUK,ChIJOd7Av-Uk0i0RA-Mq1TidqSU,Tabanan Regency
SD Negeri 1 Tua,ChIJN5hX-3Il0i0Rkj5hEkW_E0Y,Tabanan Regency
SD Negeri Semarapura Kaja,ChIJ______8j0i0R_GGjjrVYbGI,Tabanan Regency
SD N 2 Panji Anom,ChIJWeFQKg4j0i0RMI7D_snEwp8,Tabanan Regency
SD Negeri 1 Luwus,ChIJV-j-czYh0i0RoQWS0EcxTpQ,Tabanan Regency
SD Negeri 1 Peken Belayu,ChIJJS0W-Wo70i0Rr3vfwVlliK8,Tabanan Regency
SD NO.1 Tegaljadi,ChIJz16688o70i0Rn8mcBhQ9J6Y,Tabanan Regency
SD NEGERI 4 LUWUS,ChIJ9wAGE3wh0i0R7bwtT-6YEmI,Tabanan Regency
SD Negeri 3 Tunjuk,ChIJe2d5hdgl0i0R1QlsREn43uQ,Tabanan Regency
SD. Negeri 1 Tajen,ChIJt0TecGkl0i0RTEUo-wIl3vw,Tabanan Regency
SD Negeri 1 Buruan,ChIJgdRTqwMl0i0ReO2xLXlim5o,Tabanan Regency
SD NEGERI 2 PITERA,ChIJVVVVVbQl0i0RX8lDQGEKHLI,Tabanan Regency
SD Saraswati Tabanan,ChIJy7Mlgh870i0RdJtOQIwleCA,Tabanan Regency
SD No. 1 TUA,ChIJJy8oQwIk0i0RNkk3iQnew1A,Tabanan Regency
SD Negeri 2 Buruan,ChIJtXXa3wMl0i0Rp-QrE9tAliE,Tabanan Regency
SD.NO 4 .CEPIK BIAUNG,ChIJK6X4BVYk0i0R4pJHgrwE9qM,Tabanan Regency
Sd 1 desa tajen,ChIJufAdujEl0i0R7sSTJLji5-Q,Tabanan Regency
SD Negeri 1 Wanasari,ChIJoRW-PNol0i0RQwdjxA3Qjps,Tabanan Regency
SD Negeri 1 Sesandan,ChIJ54P6zKQl0i0RiIUod02cCO0,Tabanan Regency
SD NEGERI 1 KUKUH MARGA,ChIJT3XwbDU70i0RcMPFCXjZ_3w,Tabanan Regency
SD No. 4 TUA,ChIJmT0gb64m0i0RRF41ODY6F40,Tabanan Regency
SD Negeri 2 Denbantas,ChIJe-X9TJ070i0RDKV3yJemWYw,Tabanan Regency
SD Negeri 3 Banjar Anyar,ChIJ8bGEmAY70i0RPSPEJZHw5Zw,Tabanan Regency
SD Negeri 1 Penebel,ChIJX6rwuUol0i0RKU3l8FIbvkc,Tabanan Regency
SD NEGERI 2 PENEBEL,ChIJH5zJaWUl0i0R5BHcFhTWDXM,Tabanan Regency
SD Saraswati Tabanan,ChIJVeFX4Fk60i0R-5XMHh3N758,Tabanan Regency
SD NEGERI 3 LUWUS,ChIJc-ru2DUh0i0R0tT7K5dVV_Q,Tabanan Regency
SD Negeri 1 Dajan Peken Tabanan,ChIJ2SDXMPk60i0RFLunxWeGgw4,Tabanan Regency
SD NEGERI 3 RIANG GEDE,ChIJgzUN7x0l0i0RMX-52kp4sC0,Tabanan Regency
SD Negeri 2 Mengesta,ChIJ49bdEHkm0i0RjF95wycpz8g,Tabanan Regency
SD N 3 Denbantas,ChIJ_9EeTAA70i0Rm-hTucjRpw0,Tabanan Regency
SD Negeri 8 Tabanan,ChIJX7oHN_k60i0RmN8hyogCt6s,Tabanan Regency
SD Negeri 1 Denbantas,ChIJCQWAry4l0i0RU9aG7oTRQtQ,Tabanan Regency
SD 1 Dan 2 Jegu,ChIJ92tzPKkl0i0RUF6ewr4KzJg,Tabanan Regency
SD Negeri Ngronggo 2,ChIJwUDVJ6o70i0R6gluLoqIHS4,Tabanan Regency
SD NEGERI 4 BANJAR ANYAR,ChIJZ17KGbA70i0RKPBsqeBABA4,Tabanan Regency
SD Islam Tabanan,ChIJOVhloVw60i0RZMDvIxrU688,Tabanan Regency
SD 7 Banjar Anyar,ChIJabEwoXA70i0RiRBjOFcNHKI,Tabanan Regency
SD Negeri 2 Apuan,ChIJHSjNDDYn0i0RKrYlIWVYwmo,Tabanan Regency
SD Negeri 1 Abiantuwung,ChIJA1Tfps470i0RaNLJJ_ijdM0,Tabanan Regency
SD Negeri 3 Mekarsari,ChIJ41xvGLkh0i0RDEZjsRO2vro,Tabanan Regency
SD Negeri 1 Apuan,ChIJ3S40bykn0i0RyL0UUjNkWtQ,Tabanan Regency
SD Negeri 2 Dajan Peken,ChIJIzzSnRg70i0RfPtDCoKk61Y,Tabanan Regency
SD N 1 Tegallinggah,ChIJUbeZGpgl0i0Rnbp4nLMDej4,Tabanan Regency
Les Gita Private TK & SD GMJ,ChIJlX2ljQE70i0RQcsMx47XMZ0,Tabanan Regency
SD Negeri 5 Penatahan,ChIJpUCGSLkl0i0RGn6km4FNIoE,Tabanan Regency
SD Negeri 2 Gunung Salak,ChIJLUpiuA8v0i0RDdkt_RLot5g,Tabanan Regency
SD NEGERI 2 LUWUS,ChIJa-WCbSIh0i0RS7TXLOFyLkg,Tabanan Regency
ᬫᭀᬦᬸᬫᬾᬦ᭄ᬧᬜ᭄ᬘᬪᬓ᭄ᬢᬶ᭟ Monumen Panca Bhakti,ChIJbwSbluwk0i0R3iI4CHGOolU,Tabanan Regency
Taman Pujaan Bangsa Margarana,ChIJlZ5wwuwk0i0RtUr_Da5U-M8,Tabanan Regency
Monumen Perjuangan Desa Tegaljadi,ChIJyQkcJCcl0i0RW9IpXbTW-XE,Tabanan Regency
Patung Nyuun Padi,ChIJnyGvVMo70i0ROV1GCVr4yfU,Tabanan Regency
Patung Debes-Wagimin,ChIJxxMXYVE60i0Ru3nUCyZw4WI,Tabanan Regency
Balai Banjar Beraban,ChIJE8Syeto50i0ReRIw-XxXZ4U,Tabanan Regency
Balai Banjar Adat Pengedan Kaja,ChIJ4SCcbgQr0i0ROavGj5Sq6VA,Tabanan Regency
Balai Banjar Celagi,ChIJ9VDnK9070i0R9NYg3w6hVA8,Tabanan Regency
Balai Banjar Kambangan,ChIJDWsgwMMm0i0RenFcUBs1Sno,Tabanan Regency
Balai Banjar Tegal Baleran,ChIJ2XM83l460i0RkuqEwJOtqHw,Tabanan Regency
Balai Banjar Bunutin,ChIJ60IoJhkn0i0RsrU6BbH-qA8,Tabanan Regency
Balai Banjar Dusun Selat,ChIJa6KYuIYj0i0RsiArHblu-xA,Tabanan Regency
Balai Banjar Puring,ChIJHT9GXgAp0i0RKCpY_hKrv9I,Tabanan Regency
Balai Banjar Bebali,ChIJVyKTNAAx0i0RW4GgirH8lYg,Tabanan Regency
Balai Banjar Batanbuah Kaja,ChIJ3SURV9s50i0ReMyMdODG6eY,Tabanan Regency
balai banjar,ChIJIwl4cSsv0i0RpH8KjI93FSw,Tabanan Regency
Balai Banjar Kelating Pande,ChIJBewPY0cx0i0Rewx_C6PtYmY,Tabanan Regency
Balai Banjar Margatelu,ChIJxecfW7Uv0i0RmU7I4ZBbZb8,Tabanan Regency
Balai Banjar Apuan,ChIJMTPqdeIn0i0R6Xbtntfi7Rs,Tabanan Regency
Balai Banjar Suralaga,ChIJ77i_3Zg70i0Rynh9ZaInelg,Tabanan Regency
Balai Banjar Banjar Anyar,ChIJndWi8CA70i0RcUyW6uWYeeI,Tabanan Regency
Balai Banjar Pekandelan Belayu,ChIJJcpkj2870i0RuuQYG5hnBcY,Tabanan Regency
Balai Banjar Pondok,ChIJl9ihP00x0i0RXd9Qikov-Ic,Tabanan Regency
Balai Banjar Balu,ChIJwzxWfhY70i0RkKFhTVjhGR8,Tabanan Regency
Balai Banjar Adeng,ChIJdf18cEQl0i0RMbWcjqB22fo,Tabanan Regency
Balai Banjar Batuaji Kelod,ChIJ8afGAgA70i0RHqb9YXgN-Ro,Tabanan Regency
Balai Banjar Bantas Bale Agung,ChIJpVaZZdQx0i0Re3tdTIseQ-A,Tabanan Regency
Balai Banjar Basangbe,ChIJg4R39TMj0i0RaemT_553H0k,Tabanan Regency
Balai Banjar Bajera Kelod,ChIJYdDWyPwx0i0RbKoBP3dIP0c,Tabanan Regency
Balai Banjar Talangpati,ChIJn2P4FQIh0i0RnO4aNfR8Mc4,Tabanan Regency
Balai Banjar Antapan,ChIJhfBzCAch0i0R3YsO7ve-pts,Tabanan Regency
Undagi Farmers Village,ChIJ7bV57lAl0i0RzeJp0uYcoHo,Tabanan Regency
Balai Banjar Batunya,ChIJC30lfl6J0S0R_woCeQkFhrI,Tabanan Regency
Balai Banjar Serampingan Kelod,ChIJ97x1454x0i0RfLPDGC9hshc,Tabanan Regency
Balai Banjar Desa Adat Bangli,ChIJS9mkyjkn0i0RWxIKZgJXR64,Tabanan Regency
Balai banjar batusesa,ChIJN4ThGACJ0S0RZv9PSLo5aNY,Tabanan Regency
Balai banjar puseh,ChIJpWmQ2CQj0i0RlKnWnEoDdOI,Tabanan Regency
Balai Banjar Desa Candikuning,ChIJ02rTeFeJ0S0RpuAr71-RSC0,Tabanan Regency
SMP Negeri 1 Marga,ChIJ8ZL7MCg70i0RlJ8hUbB1PJM,Tabanan Regency
SMP Negeri 3 Penebel,ChIJ9-FFu-Am0i0Rxb5nHlgefEA,Tabanan Regency
SMP Negeri 2 Baturiti,ChIJY9TQWZIj0i0RZg-R6UclbN4,Tabanan Regency
Sekolah smp4 bunitin,ChIJI6o2oHkj0i0Rgz8ShC2FCCw,Tabanan Regency
SDN 2 Peken Belayu,ChIJv72QMBM70i0REh3WpBCqbLM,Tabanan Regency
SD Negeri 2 Tegaljadi,ChIJUxCyWy870i0R2URFuy76o2g,Tabanan Regency
SDN 4 PENEBEL,ChIJu87sT0Ml0i0RH9ayEPpXdyo,Tabanan Regency
SD Negeri 2 Kukuh,ChIJrWlfgng70i0Rwof3AxJJe4A,Tabanan Regency
SD NEGERI 6 BANJAR ANYAR,ChIJfz8rR5g70i0RSjI_NAS_yag,Tabanan Regency
Sekolah Dasar Negeri No. 3 Mengesta,ChIJGyHHe4om0i0RBr1nVgjGv2M,Tabanan Regency
SD Negeri 1 Banjaranyar,ChIJQf6QB6w70i0RK2Aa83eyn_c,Tabanan Regency
SD NEGERI 1 SENGANAN,ChIJ6dC0do8n0i0R4fyJ9d_4PUc,Tabanan Regency
SD Negeri 1 Kediri,ChIJ31NYy8o70i0RAGbzJG7IaEA,Tabanan Regency
SD Negeri 1 Kesiut,ChIJxz0iETAl0i0RkzsA_flUwMA,Tabanan Regency
SD Negeri 5 Banjar Anyar,ChIJQ44x4OE60i0R-dmTD6_SbrE,Tabanan Regency
SD NEGERI 4 ANGSERI,ChIJLdZpni2J0S0R-CODGxTCSic,Tabanan Regency
SD Negeri 7 Kediri,ChIJjwluzzQ60i0RglTcS12FJ-g,Tabanan Regency
SD Negeri 3 Apuan,ChIJjUNrwdon0i0RyozOktxbyGU,Tabanan Regency
SD Negeri No. 8 Banjar Anyar,ChIJDQ5lNgA70i0Rl61s1XB-HTE,Tabanan Regency
SD Negeri 2 Dauh Peken,ChIJnQjFEGc60i0R4LQra57H11E,Tabanan Regency
Sekolah Dasar Negeri 1 Pesagi,ChIJmf-foEUl0i0RHoCzVUUbx04,Tabanan Regency
Sekolah Dasar Negeri No.4 Senganan,ChIJ88ed6CIn0i0R0WhJEjVXtNE,Tabanan Regency
SD Negeri 1 Batuaji,ChIJaey9oYY70i0RPgHN8xDhPFM,Tabanan Regency
SD Negeri 1 Nyambu,ChIJYfXAitU70i0R2fdDqOal9Js,Tabanan Regency
Sekolah Dasar Negeri No. 4 Babahan,ChIJL-F4SwUn0i0R2cjgLaQ8Y24,Tabanan Regency
SD Negeri 3 & 5 Delod Peken,ChIJ3YvagEQ60i0RTQxhtZh45co,Tabanan Regency
SD Negeri 5 Kediri Tabanan,ChIJrw9icjM60i0Rl-z_eqt4ex0,Tabanan Regency
SD Negeri 2 Kaba-Kaba,ChIJm4co7lM50i0RF5pFTkbEhvA,Tabanan Regency
SD Negeri 1 Gadungan,ChIJr3Jb3uUv0i0REILe4FEdYGE,Tabanan Regency
Balai Banjar Semingan Desa Petiga,ChIJZcLogXIk0i0Raa_FWLSP07c,Tabanan Regency
Balai Banjar Br. Nyuling,ChIJ6dVYhrMl0i0RfKOA8Ibhl44,Tabanan Regency
Balai Banjar Belanban,ChIJq-UvKm4k0i0R9ZcGOcd_W9s,Tabanan Regency
Balai Banjar Gereseh,ChIJHYvu0Rsl0i0RR7sj9KFlwKs,Tabanan Regency
Balai Banjar Mandul,ChIJKwfrY1gh0i0ROtYyJ_VuZNM,Tabanan Regency
Balai Banjar Mengesta,ChIJMX4oXUMm0i0RJwP5cK6irrw,Tabanan Regency
Bale Banjar Kalibalang,ChIJBYpR6Wwk0i0R2i7afegcVXk,Tabanan Regency
Balai Banjar Seribupati,ChIJNSQNB_4j0i0R_WzSEQ8Nx-o,Tabanan Regency
Banjar Perean,ChIJI6M3WPMj0i0Ro8iN-DIJoHc,Tabanan Regency
Balai Banjar Beng Marga,ChIJCQHmB5Yk0i0Rq2FeAgmpWw4,Tabanan Regency
Balai Banjar Umapoh Baturiti,ChIJxxapiNYn0i0R98Y_0ylKqsQ,Tabanan Regency
Balai Banjar Penyucuk,ChIJcZcgehEj0i0RI7MaLIrwCOo,Tabanan Regency
Balai Banjar Jambe Belodan (Br. Adat Satrya Mandhala),ChIJMSdgfF860i0RjCGP72sN-Kg,Tabanan Regency
Balai Banjar Babahan Kanginan,ChIJke9aio4m0i0RWmXv0TQvcho,Tabanan Regency
Balai Banjar Alasperean Geluntung,ChIJk-N5QfUk0i0RYMTSkva9sks,Tabanan Regency
Balai Banjar Br.Babakan,ChIJ-_d7CwAv0i0RcCfrGmhI-EM,Tabanan Regency
Banjar Belatung,ChIJ5XGrXIsn0i0R_fgqtv_Ald8,Tabanan Regency
Balai Banjar Kuwum Mambal,ChIJhZ583bQk0i0RjR8ihXPmS8U,Tabanan Regency
Balai Banjar Sambat See,ChIJoS8cAW0x0i0RpPW6kUNrN3U,Tabanan Regency
"Balai Banjar Ole, Marga",ChIJPR0L_dYl0i0RNGteKjeKxW4,Tabanan Regency
BALAI BANJAR PAKRAMAN JADI BABAKAN,ChIJlZvM5SY70i0RwGXSZAhqLiE,Tabanan Regency
Bale Banjar Anyar Desa Perean Kangin,ChIJSaK7-0kj0i0RvSWlu9GM7F4,Tabanan Regency
Balai Banjar Kutuh Kaja Samsam Kerambitan Tabanan,ChIJ9Tu7J-s60i0Rq2oRhdxG1x4,Tabanan Regency
Balai Banjar Br.Dinas Cibukan,ChIJm-fyEiUv0i0R573_COQ8EcI,Tabanan Regency
Balai Banjar abang,ChIJAxwDQgCJ0S0RQuhhOKRKFZw,Tabanan Regency
Balai Banjar Sembung Kumpi,ChIJd1TGCws70i0Rc96Q0rQaiCM,Tabanan Regency
Balai Banjar baturiti kelod,ChIJ68Wp5UeJ0S0RVsDfZ-rSlrc,Tabanan Regency
"Balai Banjar Jebaud, Belayu",ChIJP0iBvYM70i0RfYH_mjnCwng,Tabanan Regency
Banjar Dinas Sekar Gula,ChIJW29VWioh0i0RAyehRc_yX4s,Tabanan Regency
Balai Banjar Beringkit Belayu,ChIJsUv4aIc70i0RTzFzzW7N3U4,Tabanan Regency
Village Center Cepik,ChIJo4lsOvkk0i0R_6afVWJuYjs,Tabanan Regency
Desa Adat Sukawati,ChIJJ6Pl4jEv0i0RZl_0yuJKI9s,Tabanan Regency
Desa Adat Cangkup,ChIJE716duwv0i0R-ZmUzvRqyu4,Tabanan Regency
DESA ADAT TUA,ChIJZcSOucIl0i0RnN8Fcc-dbYQ,Tabanan Regency
Desa adat Banjar Anyar,ChIJ8f2SKAAv0i0Rd3Fn9m5-0mI,Tabanan Regency
Kantor Kepala Desa Kukuh,ChIJUaYZuho70i0RrlTO8JEiSj4,Tabanan Regency
Kantor Perbekel Desa Kediri,ChIJe9ku__s70i0Rkg2TIZWnitU,Tabanan Regency
Kantor Desa Kaba Kaba,ChIJ0105kZ850i0RE5Mr-eZWWqo,Tabanan Regency
Balai Banjar Bunyuh,ChIJe8zUMvYj0i0RpuEyDzBzra4,Tabanan Regency
Balai Banjar Adat Belah,ChIJG2vuZgAh0i0RmQKPfFnAFp0,Tabanan Regency
Balai Banjar Kutabali,ChIJlT4maVsk0i0RyuPW2FBGx8k,Tabanan Regency
BALAI BANJAR LEGUNG,ChIJeaz9PvYk0i0RJVDeywetYQk,Tabanan Regency
Banjar piun,ChIJcbUwLHYj0i0RLb2S64ZmDww,Tabanan Regency
Balai Banjar Payangan Kaja,ChIJE5nEX_cl0i0Rtj0vtkS4ZDA,Tabanan Regency
Balai Banjar Baturiti Tengah,ChIJeRURn4gw0i0RY56ibiyd75o,Tabanan Regency
Balai Banjar Dinas Anyar,ChIJj7OGuIsl0i0Rd7KoYib4jK0,Tabanan Regency
Balai Banjar Desa Adat Jadi,ChIJrz3Hjhs70i0RyRqKBuE51UQ,Tabanan Regency
Balai Banjar Payangan Alas Teruna,ChIJ1bJXZBMl0i0RjhxfsYxaoAE,Tabanan Regency
Balai Banjar Desa Adat Soka,ChIJycuPZAgn0i0RyIom0jEK4_o,Tabanan Regency
Balai Banjar Adat Geluntung Kaja,ChIJKwtTQ6sl0i0RhZ-ohui68_c,Tabanan Regency
Balai Banjar Desa Sunantaya,ChIJexbFuzMl0i0REk81EdD6T4E,Tabanan Regency
Balai Banjar Desa Adat Dadia,ChIJw11g1MQn0i0RP19WzFHkSkE,Tabanan Regency
Balai Banjar Penebel Kaja,ChIJ1QxfbKUl0i0Ruxyv39B6Oak,Tabanan Regency
Balai Banjar Adat Biaung Kelod,ChIJy9zK0gIl0i0RmvxNz-EHgCE,Tabanan Regency
Balai Banjar Senganan Kawan,ChIJuT7uOYAn0i0RMIm6GI9I2pw,Tabanan Regency
Balai Banjar Payangan Tengah,ChIJlZ3feOYl0i0R6hzuaZpenRc,Tabanan Regency
Balai Banjar Penebel Kelod,ChIJB5XHHVYl0i0RicSk5SYbBhk,Tabanan Regency
Balai Banjar Desa Adat Serason,ChIJ81wQccMl0i0RnFw4PIO14o0,Tabanan Regency
Balai Banjar Buruan Tengah,ChIJJdU7cF8l0i0RncmPlBbuxU4,Tabanan Regency
Balai Banjar Baturiti Kaja,ChIJ98DJYfCJ0S0RPRA9vE8euP0,Tabanan Regency
Balai Banjar,ChIJ23JJtLsn0i0RgJX7bTaFrvc,Tabanan Regency
Balai Banjar Penatahan Kelod,ChIJQXWS3r8l0i0RZOCTLhYRDQY,Tabanan Regency
Balai Banjar Suda Kanginan,ChIJ0z-QgcWDt4cRY1eknHpxE9k,Tabanan Regency
Balai Banjar Yehsilah,ChIJO-N267Ut0i0R65km2GQ0Kbs,Tabanan Regency
Balai banjar beja,ChIJhS26NpAt0i0Rf1TogkXrflc,Tabanan Regency
Balai Banjar Saba,ChIJt9fQhpQ50i0R_JdgSF1b8Gc,Tabanan Regency
Balai Banjar Br. Benana Kaja,ChIJ16P_FKwl0i0RDYm3k1uEO94,Tabanan Regency
Balai Banjar Piling Kanginan,ChIJk-pi0Ysn0i0RYOvxyYkIosU,Tabanan Regency
Balai Banjar Buruan Kaja,ChIJU0AIF_8l0i0RWwdJZGTAvlI,Tabanan Regency
Balai Banjar Bonian,ChIJa_I23w0y0i0RZpC3kxAej9U,Tabanan Regency
Balai Banjar Beng Pande,ChIJG8n4ivgl0i0R3R-RQq9MF5g,Tabanan Regency
Balai Banjar Batugaing Kaja,ChIJJwhI1dY50i0R3BQtPup2rQ4,Tabanan Regency
Balai Banjar Mambang Kaja,ChIJB9yXn2Yx0i0R3WuVJVi026k,Tabanan Regency
Balai Banjar Bangal dan LPD Desa Pakraman Bangal,ChIJeVY8GZgr0i0RJU8lG5DSqcg,Tabanan Regency
Mabes bucun pertigaan,ChIJNU6vWAA70i0RCIldG5eGBWo,Tabanan Regency
Warung Pertigaan Men Nanda,ChIJea7V_ZQ50i0R5lE3w9ROhbA,Tabanan Regency
Balai Banjar Belumbang Kaja,ChIJRTdN3hQx0i0ROjpHwczo-Yg,Tabanan Regency
Balai Banjar Desa Adat Galiukir,ChIJS6bR1LAr0i0RniA-WmZMo28,Tabanan Regency
Balai Banjar Baturiti Kaja,ChIJwTiYKIYw0i0RpkTyxK_sW-w,Tabanan Regency
Balai Banjar Dangin Uma,ChIJpya3IYU50i0RAr1xuDtYVM4,Tabanan Regency
Balai Banjar Bukitcatu,ChIJBxYccgCJ0S0RDuX8HXbbiFI,Tabanan Regency
Banjar Adat Dualang,ChIJyX2VzJ850i0RliSx-OqyU8I,Tabanan Regency
Balai Banjar Laing,ChIJe2GxJYE50i0RApVV8MmInSI,Tabanan Regency
Balai Banjar Beringkit Kaba-Kaba,ChIJ_Z0V6B850i0RkkTukgDNEZI,Tabanan Regency
"Balai Banjar Tamansari, Desa Pandak Gede",ChIJE1ltV5Q50i0R3f3ezlFIS_0,Tabanan Regency
Balai Banjar Pangkung,ChIJDZdAp5M50i0RIehXGB9M_Lk,Tabanan Regency
Balai banjar tegal,ChIJN6o_PaA50i0RCjvE6UEjRhw,Tabanan Regency
Balai Banjar Meranggi,ChIJ5QfUM2870i0RWfk7KzkDkDk,Tabanan Regency
Balai Banjar Kelakahan Gede,ChIJa5l4k0I50i0R0RZixvMbKlg,Tabanan Regency
Balai Banjar Bongan Pala,ChIJH-4ZAE870i0RA2JLtiLWSkM,Tabanan Regency
Banjar Pasekan Kaba-Kaba,ChIJx6-oDyM50i0Ri1viUkOBBGw,Tabanan Regency
Banjar Dukuh Nyambu,ChIJiwDWUF850i0REFyRVdZDD10,Tabanan Regency
Balai Banjar Batugaing Kaja,ChIJxb7aPAA50i0RAPZ9icxmdDE,Tabanan Regency
Balai Banjar Pasekan Kelod,ChIJnc33JgA70i0RWJRSz-yEaoA,Tabanan Regency
Balai Banjar Sanggulan Anyar,ChIJH_G0p1Q60i0R3z2UMbtPlF0,Tabanan Regency
Balai Banjar Bengkel Gede,ChIJ45zVBVg30i0RII-XAZKtgGY,Tabanan Regency
Balai Banjar Pangkung Anyar (Banu Kumara),ChIJvzwa2tw70i0RprzdA9lQlo4,Tabanan Regency
Balai Banjar Simpangan,ChIJr2FJR2450i0RS5J_u_sh33M,Tabanan Regency
Balai Banjar Senapahan Belodan / Kelod,ChIJseqCLZI70i0RyC-VfWi3WeY,Tabanan Regency
Balai Banjar Dalem Yangapi,ChIJYd9g_Lg70i0RVGLV8K-4U5s,Tabanan Regency
Balai Banjar Dinas Wanasara Kelod Desa Bongan,ChIJXyTQGgY60i0RFlsgLQvOsE0,Tabanan Regency
Kantor Camat Kediri,ChIJawWchDM60i0ReUeeQIKmvnU,Tabanan Regency
Kantor Camat Tabanan,ChIJ_4GP6lA60i0R7RFjfXESLyo,Tabanan Regency
Kantor Camat Marga,ChIJZcuO5bkk0i0RPdigorz6heI,Tabanan Regency
Kantor Camat Penebel,ChIJs9EUWksk0i0R0_XBmpIAx1E,Tabanan Regency
Kantor Camat Baturiti,ChIJCXoND1Un0i0RbSRoB-2LxYo,Tabanan Regency
Wisata Mini rafting & Penglukatan Yeh Sungi Belayu,ChIJuap838870i0Ry0MQrqzpkRw,Tabanan Regency
Wisata Spiritual Tirtha Nadi,ChIJk9lyr5ck0i0RL0arC5It3-c,Tabanan Regency
Lapangan Umum Desa Beraban,ChIJW-aCG8U50i0RnysC7W-dvAE,Tabanan Regency
Lapangan Umum Kediri Bali,ChIJh20fxzQ60i0RJZvXfv8cceY,Tabanan Regency
Lapangan Umum Desa Pejaten.,ChIJqZCou9870i0RyumsUmqQB38,Tabanan Regency
Lapangan Umum Kerambitan,ChIJob9HF5Aw0i0RPE7w74y4sb0,Tabanan Regency
Lapangan Kuwum,ChIJy0Aew-k70i0RIM1rGJBhpqM,Tabanan Regency
Lapangan Wagimin/Jambe Tabanan,ChIJH5Tcw_U60i0RfF449HQyFD0,Tabanan Regency
Lapangan Umum Desa Tangguntiti,ChIJl8ZWU_8w0i0RX0tVdQi8kz8,Tabanan Regency
Pangraga Krida Open Field,ChIJw1f3rN8x0i0RbyftI5DDLCI,Tabanan Regency
Lapangan Umum Bantas,ChIJAVnQxyMw0i0RRus4DDoXgU8,Tabanan Regency
LAPANGAN UMUM DESA MAMBANG,ChIJLZAMQgAx0i0RS9mUXi64Rh8,Tabanan Regency
Lapangan Umum Desa Tegalmengkeb,ChIJewrCaCQx0i0R9XNQYN1V4_8,Tabanan Regency
Balai banjar bongan lebah baleran,ChIJbQZKwww70i0RVmJdDN38EHE,Tabanan Regency
Balai Banjar Suda Kawan,ChIJRQWDBmg50i0RHWb9ATYQG84,Tabanan Regency
Pura Balai Banjar,ChIJr9RVt8uL0S0RZUaB7_t1BNE,Tabanan Regency
SMA Negeri 1 Marga,ChIJIcHdhEk70i0RQ_iJ35nX3Rc,Tabanan Regency
Senior High School Number 1 Kerambitan,ChIJDSNYF4cw0i0R-AbpD5VKfyc,Tabanan Regency
SMA Negeri 2 Tabanan,ChIJzaHi1kA60i0R4LlDF8gWEUI,Tabanan Regency
"SMAN 1 Kediri, Tabanan",ChIJdxrzl7M70i0R-qqg2JZ3TYA,Tabanan Regency
SMA Negeri 1 Tabanan,ChIJDc0ajvo60i0RFGALgJtTJYw,Tabanan Regency
Kelas XI Mipa 2 SMAN 1 Kediri,ChIJLZNuPNU70i0RvPHyqSIKA7g,Tabanan Regency
SMAN 1 KUKUH,ChIJF8x18FM70i0RRLH4Sb21tt0,Tabanan Regency
SMA Negeri 1 Selemadeg,ChIJrxm2lQQu0i0RvUt3lqykfps,Tabanan Regency
Dinas Pariwisata Pemerintah Kabupaten Tabanan,ChIJIUFDS58k0i0ROYVSrhs-jEE,Tabanan Regency
Patung Garuda Desa Tua,ChIJy8tQiQMk0i0R3vevm6E5JMI,Tabanan Regency
Patung Hindu Banjar Raden,ChIJ0Sh90hon0i0RNI7f2jmL8Cg,Tabanan Regency
Patung Pahlawan,ChIJZV4dtIEn0i0RFTQkIIrP56c,Tabanan Regency
Tugu Jagung Candi Kuning,ChIJY7wqWgyJ0S0Rkx9vbcueRrQ,Tabanan Regency
Wisnu Murti Statue,ChIJr7uv9H470i0R6s0leldVOy4,Tabanan Regency
Patung Dewi Sri,ChIJe5PFsVM60i0RWvL7vSjFCX8,Tabanan Regency
patung pak tani,ChIJ__ZXLeQv0i0RUetClI5IH78,Tabanan Regency
Patung Sagung Wah,ChIJSZhvGlk60i0RL1Las2KL7QY,Tabanan Regency
Sleeping Buddha statue Pupuan Tabanan,ChIJc06nWj-H0S0RNbuVqBYTsaY,Tabanan Regency
Sukarno Monument,ChIJ893Uua470i0R2JRcU_H0kg8,Tabanan Regency
Coco Dewata,ChIJXbmVezYh0i0RjO9vlWFdtL8,Tabanan Regency
Patung Icon Desa Marga,ChIJb4shfgAl0i0RslrNL6LqA0g,Tabanan Regency
Patung Tri Murti,ChIJ4xlmUwAl0i0RkIdOAJwSZWc,Tabanan Regency
Patung Gajah Griya Multi Jadi,ChIJl8FJIgA70i0RFXgorMCdgj4,Tabanan Regency
Statue of Kumbakarna Laga,ChIJy-stZRCJ0S0RSW0QoPP530c,Tabanan Regency
Patung Ganesha,ChIJjQC35nKJ0S0R4wQ_WpfFr-k,Tabanan Regency
Patung sejarah,ChIJF4KSByMp0i0R_tiG4n-Wb9w,Tabanan Regency
Patung Hanoman Jadi,ChIJs3Bt2xw70i0RS3C7ZRw9IqA,Tabanan Regency
Patung Catur Muka,ChIJjzd0aVk60i0RCCNUop6B2gA,Tabanan Regency
Patung Hanoman,ChIJrUlS38SJ0S0RmCS_Ls7WWx0,Tabanan Regency
Tugu Adipura,ChIJPbOdLgA70i0RhWRNdIvKu_U,Tabanan Regency
khepung jaya,ChIJB98micA70i0R4KyUeep-h7k,Tabanan Regency
Monumen Polisi,ChIJa5CWbHSJ0S0ReDq9MbDDcHg,Tabanan Regency
Monumen Patung Ida Bethara Bagus Kebo Iwa,ChIJkeV2M4Qx0i0Rg4uXn0f4SYE,Tabanan Regency
Patung Jagung,ChIJgTbKRgCJ0S0RGtpEtdIFQ5s,Tabanan Regency
Patung Catur Muka,ChIJW3J1TwAl0i0RmtsFnUQ6bP8,Tabanan Regency
Patung Singa,ChIJj_K_MQCJ0S0RoGkTkHthnJY,Tabanan Regency
Patung I Ketut Maria,ChIJzRV2BUQ70i0Rg7OLJdedFGE,Tabanan Regency
Patung Metekap,ChIJqUcCEWI60i0RX_BiK3T-FF8,Tabanan Regency
Patung Ayam Bekisar,ChIJI6yHmVI60i0RrSOmCgfzOkI,Tabanan Regency
Tempat patung,ChIJeckhQwA70i0RmF1roQNXN94,Tabanan Regency
PATUNG KALANTAKA,ChIJuyzLjbM70i0ReowghBirugs,Tabanan Regency
Patung beton,ChIJ-fWs7aQx0i0RZ-2B8VE7WoQ,Tabanan Regency
Ogik Patung,ChIJFUBO3BU70i0RS22oFn4VBNc,Tabanan Regency
Puri Bunga Patung Belayu,ChIJp9YgUlY70i0RbJhNOp-z8hk,Tabanan Regency
YUDI NADI UKIR,ChIJ3YvuNWs70i0R-j-6L7BJ3xI,Tabanan Regency
Dexadi patung,ChIJe-d2IAA70i0R27l5B5x3DYQ,Tabanan Regency
Air Panas Angseri,ChIJ_____8OJ0S0RzYLkKOcHW_M,Tabanan Regency
Patung Nyuwun Padi,ChIJp-t_scs70i0RneKWPsdfS9w,Tabanan Regency
"USAHA PATUNG ""LANGGENG MERTHA""",ChIJ13peRxY70i0RyXb7NoQjoyc,Tabanan Regency
Eka Jaya Ukir,ChIJZREeMxQ70i0Ra8OpjgIrifc,Tabanan Regency
Wisata Petik Strawberry Bedugul,ChIJsyYbNcKJ0S0RM-R9GHpndkA,Tabanan Regency
SPBU Pertamina 54.821.17,ChIJtzoXjkg60i0RzLPqQNkgl2U,Tabanan Regency
Pertamina gas station 54.821.02,ChIJIVIYhcU70i0R9tKyPC48CNM,Tabanan Regency
SPBU Pertamina 54.821.12,ChIJ2clXrjYh0i0Rvw1n0B1MwXs,Tabanan Regency
Pertamina 54.821.04 Gas Station,ChIJwzNz8EM60i0Rc6UyUJ22MP4,Tabanan Regency
SPBU Pertamina 54.821.03,ChIJlwExPo8j0i0RlU2VDF7VT_Q,Tabanan Regency
Pertamina,ChIJJ7HD_Co60i0RK21M2iZJtfg,Tabanan Regency
SPBU Pertamina,ChIJ00Rmebkk0i0ReLIAOSqf8oE,Tabanan Regency
PERTAMINA,ChIJd5grmB4l0i0RB6gSFvsSrEY,Tabanan Regency
PERTAMINA,ChIJMblcl5o60i0R25ZGZW2kAog,Tabanan Regency
SPBU Pertamina 54.821.15,ChIJc3TwmlQn0i0RSghu_dptxJQ,Tabanan Regency
PERTAMINA,ChIJW6bav1Q60i0RNXOiVKr3EE0,Tabanan Regency
Pertamina,ChIJ19Z6CvA60i0RU2oy2uNntoM,Tabanan Regency
MAHA PERTAMINI BALI gudang Wanasari Tabanan,ChIJL9TceCYl0i0RnqDuzkgVSy0,Tabanan Regency
Petrol Station,ChIJoU2Gcpw60i0RLhEPZybc3MI,Tabanan Regency
Pertamina,ChIJswG1Py860i0R6NsHpsSnPxc,Tabanan Regency
Pertamina,ChIJHdZQ9QAl0i0R1HIc5WZ6by8,Tabanan Regency
SPBU Batuaji,ChIJGwR3NDQ70i0RJzQfOWpaoNU,Tabanan Regency
SPBU Pertamina 54.821.05,ChIJe1YU12E60i0RcVpURStslUA,Tabanan Regency
SPBU Pertamina 54.821.08,ChIJca56My8l0i0RcHqWOm6Pa9Y,Tabanan Regency
Spbu 54-82110,ChIJHw_u_Co60i0R2lCBrv9q8L4,Tabanan Regency
SPBU Pertamina Tanah Lot,ChIJHwkdBQA50i0RX5sZ8mi1odU,Tabanan Regency
Pertamina Pertamini,ChIJWW7Bgykh0i0RGoNhZ8y3Z_g,Tabanan Regency
BALAI BANJAR TAJEN DAUH YEH,ChIJTYkSUAAl0i0Rp1dQc4lM2ck,Tabanan Regency
Balai banjar adat gelogor,ChIJLzYqVKch0i0R0VYo3EhXwwY,Tabanan Regency
KANTOR PERBEKEL DESA TUA,ChIJX7_PBusl0i0RmptlkFfMJsM,Tabanan Regency
KANTOR PERBEKEL DESA BARU,ChIJpav1Qq4m0i0RcGt3ewRTkU8,Tabanan Regency
KANTOR PERBEKEL DESA APUAN,ChIJ3fY2w9cm0i0RjMW8ncR_CDw,Tabanan Regency
Kantor Perbekel Desa Luwus,ChIJx-KeNYch0i0RPrjidQoBQCg,Tabanan Regency
Kantor Perbekel Desa Mekarsari,ChIJY9adATIh0i0R4j0yH8bJz7U,Tabanan Regency
KANTOR PERBEKEL DESA PEREAN TENGAH,ChIJHVlpN40j0i0Rq2024zGkGxQ,Tabanan Regency
KANTOR PERBEKEL DESA ANGSERI,ChIJezJWb78n0i0RG2817VQGbOI,Tabanan Regency
KANTOR PERBEKEL DESA PEREAN,ChIJS1ukJAAj0i0R2JCW1GV7sC4,Tabanan Regency
Kantor Perbekel Desa Petiga,ChIJ-Vx9HHIk0i0R6ALvgdv1YlA,Tabanan Regency
Kantor Sekretariat Desa Adat Tua,ChIJc7W2HQAl0i0RamNR2eVR3WA,Tabanan Regency
KANTOR PERBEKEL DESA PAYANGAN - MARGA,ChIJy2C_YNIl0i0RdRQ4w8wFv7s,Tabanan Regency
Kantor Desa Senganan,ChIJZ7bzYAAn0i0RqgWQqL6reVU,Tabanan Regency
Kantor Perbekel Desa Babahan,ChIJsZu0iY4m0i0R7r8lgAWxUvA,Tabanan Regency
Kantor Desa Adat Banjar Karadan,ChIJUY6h6jEk0i0Rc2VJuJNxSWU,Tabanan Regency
TPS3R DESA LUWUS,ChIJQbfnsQoh0i0R-QzGm1wvN6M,Tabanan Regency
KANTOR PERBEKEL DESA BIAUNG,ChIJdxChsDwk0i0RW_M9FzuipE8,Tabanan Regency
KANTOR PERBEKEL DESA PEREAN KANGIN,ChIJgfsVSCsj0i0RH-k1frThh_s,Tabanan Regency
Kantor Desa Pitra,ChIJ9Zk6AKMl0i0RBSOW2ljs2MU,Tabanan Regency
KANTOR DESA BANGLI,ChIJq6qqqm8n0i0Rval-8-MGlU0,Tabanan Regency
Kantor Kepala Desa Antapan,ChIJPY91WkEDBQURsn4RkmGsok8,Tabanan Regency
KANTOR PERBEKEL DESA TAJEN,ChIJLeoIiEUk0i0REe9821KnGcg,Tabanan Regency
Kantor Pokdarwis Babahan Lestari Desa Babahan,ChIJPb3hvVgn0i0Rcw5e2u3qXk8,Tabanan Regency
KANTOR PERBEKEL DESA BATURITI,ChIJdbeKFvmJ0S0R6vLswTGeY2s,Tabanan Regency
Kantor Kepala Desa Tunjuk,ChIJd8gwvtwk0i0RrsSsukFOgEw,Tabanan Regency
KANTOR PERBEKEL DESA TUNJUK,ChIJjdbngaQl0i0R7BDDHTFfcjU,Tabanan Regency
Kantor Perbekel Desa Penatahan,ChIJuyZN-QQl0i0Rhc6TBB5FWhw,Tabanan Regency
TPS3R BUMI ASRI DESA LUWUS,ChIJO9-ereEj0i0RYxYpgUyfbkw,Tabanan Regency
KANTOR PERBEKEL DESA PENEBEL,ChIJ_f1wuS0k0i0R1NiC3ulAnu8,Tabanan Regency
Kantor Perbekel,ChIJaVwdKr4n0i0RUqf5Oe1NZS8,Tabanan Regency
Kantor Perbekel Desa Geluntung,ChIJ1WHXpo4k0i0RFRiapanoRNQ,Tabanan Regency
PUSKESMAS PEMBANTU SENGANAN,ChIJI35MIbwn0i0RK0aJy73Ep4k,Tabanan Regency
KANTOR PERBEKEL DESA CAU BELAYU,ChIJTXsIz0Ij0i0Rzsxy5evuJTQ,Tabanan Regency
KANTOR PERBEKEL DESA BANGLI,ChIJjyVBcFcn0i0RvFfeVavCfZs,Tabanan Regency
KANTOR PERBEKEL DESA ANTAPAN,ChIJtcW4KOmL0S0R9gZ2cQLqJqw,Tabanan Regency
KANTOR PERBEKEL DESA MARGA DAJAN PURI,ChIJUzxDw4Il0i0RpDQ63lNbe8o,Tabanan Regency
Perbekel Buruan Village,ChIJ5dqH9AIl0i0RiZn7IqOGP7o,Tabanan Regency
kantor desa jatiluwih,ChIJjzzs1bMn0i0RIrRoFgNMOJU,Tabanan Regency
KANTOR PERBEKEL DESA BATUNYA,ChIJyU6oZdGJ0S0RQJdOktODQNw,Tabanan Regency
Kantor desa baru,ChIJD3Omxh0l0i0R8y1mI7WzV0I,Tabanan Regency
KANTOR PERBEKEL DESA SESANDAN,ChIJcWBKdiEl0i0R1Bi_VlhEElU,Tabanan Regency
Kantor Perbekel Desa Tengkudak,ChIJhapPud4l0i0RkXmOzt5EiSE,Tabanan Regency
Kantor Desa Tegallinggah,ChIJ47S1rzol0i0RMgnKbq5nOZM,Tabanan Regency
Kantor Perbekel Desa Marga Dauh Puri,ChIJf984lusk0i0RjsnYe82fTkE,Tabanan Regency
Kantor Desa Jegu,ChIJxXNcVQgl0i0RWKyepcWpxqY,Tabanan Regency
Kantor Desa Wanasari,ChIJl0uIzvkl0i0RcHXs_pnEOG0,Tabanan Regency
KANTOR PERBEKEL DESA BUAHAN,ChIJqXp65yw70i0R8ITzMDj982I,Tabanan Regency
Kantor Perbekel Desa Selanbawak,ChIJr6UKcq0k0i0RXAJn1rwi-iY,Tabanan Regency
Perbekel of Wongaya Gede Village Office,ChIJDTHzJjwm0i0RQ2Ym9oQvsuI,Tabanan Regency
Kantor Desa Timpag,ChIJif2psAAl0i0R6RTcdhs13Rs,Tabanan Regency
KANTOR PERBEKEL DESA TEGALJADI,ChIJ1ZdbvsI70i0R7Q0CWtWGdKE,Tabanan Regency
KANTOR PERBEKEL DESA KUWUM,ChIJ5RjVnUs70i0RWFYMVQC_Ikc,Tabanan Regency
KANTOR PERBEKEL DESA SANGKETAN,ChIJ2_Sl79ol0i0REergN416aUw,Tabanan Regency
KANTOR PERBEKEL DESA REJASA,ChIJg9qVTgAl0i0RQHew5FmuIU0,Tabanan Regency
Kantor Perbekel Desa Pesagi,ChIJrxpq2oEl0i0RTsdNbWi-Y4E,Tabanan Regency
Kantor Desa Kesiut,ChIJTxpdhkMl0i0RYeQWQ0aXJfM,Tabanan Regency
KANTOR PERBEKEL DESA DALANG - SELAMADEG,ChIJk1iMimgv0i0Rv8JT-NebZ3M,Tabanan Regency
Posko KKN UNDIKSHA Desa Bangli,ChIJAQ4VG1Yn0i0R54F7CABgX8A,Tabanan Regency
KANTOR PERBEKEL DESA GADUNG SARI,ChIJ30ks9Ygv0i0RtxmD1samql4,Tabanan Regency
KANTOR PERBEKEL DESA BATANNYUH,ChIJAVxRJkc70i0R0aavxT59TNc,Tabanan Regency
KANTOR PERBEKEL DESA GADUNGAN,ChIJQ1Cenu8v0i0R8bOH9hKb2bo,Tabanan Regency
Kantor Perbekel Tegallinggah,ChIJaWypW70l0i0RvAP4YUzkkUU,Tabanan Regency
Kantor Perbekel Desa Denbantas,ChIJsbTOZ-860i0RSUN1S_uTrbU,Tabanan Regency
KANTOR PERBEKEL DESA KUKUH MARGA,ChIJk-pOUxc70i0RnscFrEw4KsU,Tabanan Regency
Kantor Perbekel Desa Sembung Gede,ChIJ4bF4FwYw0i0RdTUpQwVm_uo,Tabanan Regency
KANTOR PERBEKEL DESA BANTAS,ChIJGUvLdSIw0i0RC36HgUGF6q4,Tabanan Regency
KANTOR DESA KULI,ChIJe8trZrQx0i0RoIzS1ZUP3Ug,Tabanan Regency
KANTOR PERBEKEL DESA SUBAMIA,ChIJ64tfg8I60i0REZN2aPLHT40,Tabanan Regency
Kantor Desa Karyasari,ChIJk_HIkSEp0i0RGdZQzATBL9s,Tabanan Regency
Kantor Perbekel Desa Dajan Peken,ChIJZYgU3PU60i0R63j6pfKa6zc,Tabanan Regency
Kantor Desa Baturiti,ChIJE2AiBa8x0i0RZ8seLQUQ4wY,Tabanan Regency
"Pos Bantuan Hukum Desa Buruan, Kec. Penebel, Kab. Tabanan",ChIJ0RkRdAAl0i0R2y4zZr29_Wo,Tabanan Regency
KANTOR PERBEKEL DESA BATUAJI,ChIJtyDQ15w70i0Rbb7UKsVfUTs,Tabanan Regency
Kantor Desa Delod Peken,ChIJ_4uklFk60i0RWaLqwGfjLIc,Tabanan Regency
Kantor Desa Pangkung Karung,ChIJSYie4i070i0RwjWuVKhL-_g,Tabanan Regency
KANTOR PERBEKEL DESA SELEMADEG,ChIJcWHBDdIv0i0R6M9ipe7r9rQ,Tabanan Regency
KANTOR PERBEKEL DESA MAMBANG,ChIJEe0ijUUw0i0RnDIZBBN1Gw4,Tabanan Regency
Kantor Perbekel Desa Samsam,ChIJBywiFIU60i0RaFwKlX2r_mM,Tabanan Regency
KANTOR PERBEKEL DESA ANTOSARI,ChIJj0ZY4eEx0i0RWWelpfd2_Rg,Tabanan Regency
Kantor DESA PUPUAN SAWAH,ChIJORWGASAv0i0Rmf34ZXSddbw,Tabanan Regency
Puskesmas Pembantu Apuan,ChIJ--sngCcn0i0RAqe9wzqjwLs,Tabanan Regency
Kantor Perbekel Desa Dauh Peken,ChIJY3Da2V060i0RecdP5lAlxHA,Tabanan Regency
KANTOR DESA ADAT KEBON PADANGAN,ChIJFYMfbj4p0i0RfDzPhufQgBA,Tabanan Regency
Perbekel Desa Manikyang,ChIJOVtb3Rsv0i0RJlDaIp0y-pM,Tabanan Regency
KANTOR PERBEKEL DESA PUJUNGAN,ChIJ8XRXOG-H0S0Rlz446dtCGq8,Tabanan Regency
KANTOR PERBEKEL DESA BELUMBANG,ChIJRXS-OvIw0i0RYvHOo5zEAnU,Tabanan Regency
Kantor Desa Megati,ChIJccRGd9cv0i0RW9LW1Vz8NoE,Tabanan Regency
Kantor Perbekel Desa Kukuh,ChIJY7WcCIcw0i0RQZ4b2Alsrnw,Tabanan Regency
Kantor Perbekel Desa Tiying Gading,ChIJ1xC9XV0u0i0RAzFngGpN3wI,Tabanan Regency
Kantor Desa Kerambitan,ChIJEfl46I8w0i0RHfTL8-RwsvU,Tabanan Regency
Village Office Wanagiri,ChIJ6e1RgdEo0i0RdVMjns4Zup4,Tabanan Regency
Kantor Perbekel Desa Bongan 2,ChIJkxXXIhU60i0Rfm3WwWSRhTs,Tabanan Regency
KANTOR PERBEKEL DESA BERABAN,ChIJi3pvwR4x0i0RtjXC1gYImZM,Tabanan Regency
Kantor Perbekel Desa Wanagiri Kauh,ChIJP5cJPyop0i0RRoMx7Wh6e1c,Tabanan Regency
Kantor Desa Mundeh,ChIJp_Np8RQs0i0R--Hk8IgC0z0,Tabanan Regency
Kantor Perbekel Desa Lalanglinggah,ChIJ4dWs1o8t0i0Rj7xkcQ4jbZc,Tabanan Regency
SDN 1 MUNDUKTEMU,ChIJB1OnFGYq0i0RwZe88p8m8qQ,Tabanan Regency
SDN 3 Munduktemu,ChIJdU371Fcr0i0R-ngc-_fx1fg,Tabanan Regency
SDN 2 MUNDEH,ChIJqYzcIQAt0i0R4oWzrLKfufg,Tabanan Regency
SDN 1 PADANGAN,ChIJZ_bitS8p0i0RWV-IZSJLWKU,Tabanan Regency
SD Negeri 1 Mundeh Kangin,ChIJ6Suj7oUr0i0RtSLTreNjaBc,Tabanan Regency
SDN No 3 BATUNGSEL,ChIJexED1-0p0i0ROyoJCcL2LCo,Tabanan Regency
SDN 1 Jelilih Punggang,ChIJNaoZd34p0i0RwVa9xLChPCE,Tabanan Regency
SD Negeri 4 Belimbing,ChIJ97jB5C4p0i0RhOEHPnxr_Zo,Tabanan Regency
SDN 1 KEBON PADANGAN,ChIJ09g0pj0r0i0RhsW2_NFI-MQ,Tabanan Regency
SDN 1 SANDA,ChIJP50J2Lop0i0Ra_s3cuobnB8,Tabanan Regency
SD Negeri 2 Munduk Temu,ChIJc0CUtpCA0S0RpO2k7Pn0Z5A,Tabanan Regency
SDN 01 Meliling,ChIJJ8SmNRAw0i0RV-FlJjQIIrk,Tabanan Regency
SDN 2 pajahan,ChIJZQ9nuLmB0S0RuD2_OPReyCs,Tabanan Regency
SDN 1 Bajera.,ChIJI-Si3wou0i0RDTL4WYkaf-0,Tabanan Regency
SDN 3 Pajahan,ChIJ-VDIhK-A0S0RVYOVNfQ_7R4,Tabanan Regency
SD Negeri 1 Lumbung Kauh,ChIJyUwqGcwt0i0Rz_HOZCLLF44,Tabanan Regency
SD Negeri 1 Angkah,ChIJq2HxA2Iu0i0R9FQ32rpLcKY,Tabanan Regency
SD N 2 Bantas,ChIJt25tgyEw0i0RMGRdF7olPEY,Tabanan Regency
Sdn 1 Tista,ChIJRVXScoww0i0Ro29voDF8klg,Tabanan Regency
SD Negeri 2 Belimbing,ChIJRcR5y84u0i0RUnQfxeqtfDQ,Tabanan Regency
SD Negeri 2 Bajera,ChIJh4VcGN4x0i0RaDOYsVqHd-U,Tabanan Regency
SD Negeri 1 Belimbing,ChIJS3f7YQUp0i0R1gsX_-mIJ7c,Tabanan Regency
SDN 1 Kerambitan,ChIJ6XOxD5Ew0i0R8Siw2oiIKjA,Tabanan Regency
Sdn 1 bantas,ChIJJQ5i4UYx0i0RHHXmtRUOHmk,Tabanan Regency
SDN 1 Tibubiu,ChIJlWGtcyAx0i0RakrJduTxFE4,Tabanan Regency
Sdn 3 Pujungan,ChIJM8pJkGuH0S0RchSuvtoYB70,Tabanan Regency
SDN No. 2 Wanagiri,ChIJxZ7JXdAo0i0RwcaRosVTZh8,Tabanan Regency
SDN 3 Gadungan,ChIJ__-_uOwv0i0RYq19fB7rdJU,Tabanan Regency
Banjar Adat Umanyar,ChIJyS5PDiEp0i0RMU0sbJJpoCw,Tabanan Regency
Jero perempatan,ChIJyX7UZho70i0RtC0SCKDryNM,Tabanan Regency
WARUNG Perempatan,ChIJc-ycdmw70i0R-2O2NXagM_k,Tabanan Regency
Mahendra data,ChIJz32kRt4j0i0RsJUokOU6yB8,Tabanan Regency
Eka Jinggo Tabanan,ChIJ_VjPJtY70i0RiS5QsAURPuI,Tabanan Regency
District Head Office Kerambitan,ChIJ_frf4Aow0i0RucNStCGC3W8,Tabanan Regency
EAST SELEMADEG DISTRICT OFFICE,ChIJK0_Qd9cv0i0R1-9kBlu6IYQ,Tabanan Regency
Kantor Kecamatan Selemadeg Barat,ChIJP2fO5eEx0i0RpMCZkpN-mrs,Tabanan Regency
Kantor Camat Pupuan - ᬓᬦ᭄ᬢᭀᬃ ᬘᬫᬢ᭄ ᬧᬸᬧ᭄ᬯᬦ᭄᭟,ChIJBwgbiSGB0S0RVMLvq68x6rA,Tabanan Regency
Kantor Angga Batu Sikat Bali,ChIJIaVi5YAl0i0Rd3dAKIXnRaQ,Tabanan Regency
Kantor Camat Selemadeg,ChIJCUV_yj4u0i0Rb026B0LvCzU,Tabanan Regency
Kantor,ChIJJy_hIWgj0i0RbyvpMo1w5w8,Tabanan Regency
Kantor,ChIJ8zBmfP0h0i0RjSomnS5tblY,Tabanan Regency
Pustu Kalibalang - Payangan - Marga,ChIJIdwwdaIl0i0R0qbvfYR79PQ,Tabanan Regency
BP3K KECAMATAN BATURITI,ChIJWVwHgvkj0i0RUSQMl8wx-Fo,Tabanan Regency
Proyek,ChIJnde0iJgj0i0RHJAnxgPVAD8,Tabanan Regency
Rajiv Gandhi seva Kendra Lalpura,ChIJl0l6_VMj0i0RFlvC-ghuRoo,Tabanan Regency
BLK kab. Simeulue,ChIJizP9eNcj0i0RiFNv2hg4oCE,Tabanan Regency
Mabes Pemuda Inguh,ChIJUUOjegAj0i0R1O2fkeQrijM,Tabanan Regency
Gram panchayat bhawan shahpur,ChIJN8VVMwAj0i0RqhtIaiZXJdg,Tabanan Regency
hyderabad gachibali,ChIJrxLAe4cj0i0R5eRJOwesevw,Tabanan Regency
H.fauzi,ChIJiQn4kFUj0i0R_rv0U5swBaU,Tabanan Regency
Near Hotel maruti old Napier Town,ChIJDWYxVAAj0i0REtcM6ma6l8o,Tabanan Regency
MABES TEAM,ChIJRxWdgfMj0i0R1QOZRIi7T3M,Tabanan Regency
Ward 8 gohad,ChIJKQYFKwAj0i0RPiBTOlHCH_M,Tabanan Regency
Porsa,ChIJ6c6gRAAj0i0RB1Qn-5kzlg0,Tabanan Regency
Bpp baturiti,ChIJX_D0uHUj0i0RusKQonyA9aY,Tabanan Regency
Pariyojana lavkush nagar aaganvadi mudery uttari,ChIJ1zkSZQAj0i0RJkcYivXM0HI,Tabanan Regency
Markas KumponK,ChIJHUkcKHEk0i0RvC1pgploIJg,Tabanan Regency
Bude Balaji 2,ChIJFypqHQAj0i0RtQevTpVF2fs,Tabanan Regency
PRIMGUARD INDONESIA,ChIJLR27Le4j0i0Rv9UKQODkQPA,Tabanan Regency
Nivash singh house,ChIJ67GoHAAj0i0R7BK_saJz-i0,Tabanan Regency
PDAM Unit Baturiti,ChIJV20AhRUh0i0RhW3khEZOzcg,Tabanan Regency
Kuakfarm,ChIJ98cqfdUj0i0RcZwwKUJbYRA,Tabanan Regency
EKA HOUSE,ChIJO3qHKDsj0i0Rcc1pewFuvrA,Tabanan Regency
Upt Balai Benih Induk Tanaman Pangan,ChIJv1lsBv0j0i0Ri-bIVLg7Th4,Tabanan Regency
Surya Endika Ternak,ChIJC7AGsosn0i0R3QToNdMlQW0,Tabanan Regency
Tu Surya Ternak,ChIJXWO4F7El0i0RGzWFhqmDTyw,Tabanan Regency
Bumdesa Tribhuana Mesari Petiga,ChIJr4TNoSUl0i0RdyfwdtAO-kY,Tabanan Regency
Banjar Mundukpaku,ChIJiSyOkA8n0i0RHhdknDHo84k,Tabanan Regency
PosAja! Drop Point,ChIJU4TyPXgn0i0RRkJzxsw7vOg,Tabanan Regency
Perumda Tirta Amertha Buana Tabanan Unit Baturiti,ChIJDW9bWbAh0i0RgwRxfad0FD8,Tabanan Regency
Black Mamba Farm,ChIJ0YcOPwAn0i0RHz2YFo1D1wo,Tabanan Regency
Kantor Pengamat Pengairan Kec.penebel,ChIJ0zGPPksk0i0RCfItGhBT028,Tabanan Regency
Kantor Desa Mengesta,ChIJ0eX6bH4m0i0R8n84M-zbP_0,Tabanan Regency
KANTOR RESORT PENGELOLAAN HUTAN PENEBEL,ChIJr-VDEgAl0i0RSmL3PNDka-U,Tabanan Regency
KUA Kecamatan Penebel,ChIJpZvyyLIl0i0R0424Po7aN2c,Tabanan Regency
Ticket Office Jatiluwih Rice Terraces,ChIJyXx8RwAn0i0RFD556SBmzqw,Tabanan Regency
Kantor Utama Kebun Raya Bali,ChIJ09GrzSaJ0S0RlIwv_QZPNyg,Tabanan Regency
KUA Kecamatan Baturiti,ChIJPQQV6F2J0S0RqjGAdVgmKeA,Tabanan Regency
Br abianluwang,ChIJBS80Kroh0i0RJhNWbQQkd6U,Tabanan Regency
Kantor UPTD Perikanan dan Kelautan Penebel,ChIJA9Wyu0wk0i0RZPJd67fkyN8,Tabanan Regency
BPP PENEBEL,ChIJy98P8fkl0i0RU0ApZSYkrwc,Tabanan Regency
Kantor Pos Penebel,ChIJaVVVVRUm0i0RnPqglnuAaQE,Tabanan Regency
i gde putu paramartha,ChIJFfVNtEAl0i0RFWmS7ZQZiCg,Tabanan Regency
UPTD PUSKESMAS PENEBEL 1,ChIJAbDrQ0sk0i0Rid6BcAIR6no,Tabanan Regency
PosAja! Drop Point,ChIJh3DyFacn0i0R7sn-Z7OR0HM,Tabanan Regency
Abian farm,ChIJqxkjSwAl0i0RyiqDv9APzmY,Tabanan Regency
Balai Penyuluh KB Kec.Marga,ChIJ3VlcXMol0i0RbIf_Duaj-yY,Tabanan Regency
Kantor Pos Marga,ChIJaVd6vL4k0i0RAomUwZVP7To,Tabanan Regency
BBI PENEBEL,ChIJZ_rnEA4l0i0RLr_JIqbLpwI,Tabanan Regency
Kantor polisi,ChIJr0CpCQCJ0S0R4Er775OIFbY,Tabanan Regency
Gudang Pakan Pak Sasti,ChIJW6HPVQAn0i0RNcxZERefakY,Tabanan Regency
Dedi game farm,ChIJQ2ETWo4l0i0Rz6UUPTd4oYw,Tabanan Regency
Bendungan Buruan,ChIJx0fU60gl0i0RTfzR_O3jMXQ,Tabanan Regency
Kantor Pemerintah Kabupaten Tabanan,ChIJZR3WYjM60i0RmLpSKNFkWws,Tabanan Regency
Banjar Dinas Kupang,ChIJK8v2TY8m0i0RiV2a9pDTgQ0,Tabanan Regency
Uptd Puskesmas Baturiti II,ChIJWR_7FI0j0i0R_buqwrV6lfY,Tabanan Regency
LBF (local breeding farm),ChIJtY30rmEj0i0RLUg9qNbgPek,Tabanan Regency
BP3K PENEBEL,ChIJhz9VAgMl0i0RoKXVRA6I4IM,Tabanan Regency
Dr.Dedak bali.,ChIJrd94N6sl0i0RMXxFJK8upCk,Tabanan Regency
Kantor Perbekel Desa Candikuning,ChIJf9zR95OJ0S0Ro7hE7hmSLHo,Tabanan Regency
Tabanan Regent Office,ChIJU5_jLuc70i0RQNYfpxMAa_Q,Tabanan Regency
Kantor Satuan Polisi Pamong Praja Pemerintah Kabupaten Tabanan,ChIJsf1G51k60i0RNIMGm7bDSUU,Tabanan Regency
PosAja! Drop Point,ChIJSRfw0Sol0i0RRC2pLVKdkDU,Tabanan Regency
Kelian Dinas Telaga Tunjung,ChIJ_W3WQo8_0i0RKSO69GWwG-s,Tabanan Regency
Mal Pelayanan Publik Kabupaten Tabanan,ChIJ-fS7KgA70i0RsaDJbpKuVMY,Tabanan Regency
Kantor Dinas Sosial Pemberdayaan Perempuan Dan Perlindungan Anak,ChIJ59VTeFY60i0R-2E63Y5kd30,Tabanan Regency
Puskesmas Pembantu Babahan,ChIJm8W80lMn0i0RipP2wYWbRPY,Tabanan Regency
Dinas Perindustrian dan Perdagangan Kabupaten Tabanan,ChIJDayXwDM60i0Rq-aDc8rbfM8,Tabanan Regency
Kantor Museum Subak Tabanan Bali,ChIJ-5zCCP870i0Rsx5GCNO8Xkk,Tabanan Regency
SENTRA MAHATMIYA BALI - KEMENTERIAN SOSIAL RI,ChIJiRP7-rI70i0RUy3ZiG2DSyo,Tabanan Regency
Tabanan District Health Office,ChIJg3qEOPc60i0RXsFKz9wbmWw,Tabanan Regency
Warung ulan,ChIJu6XAO6Mh0i0R964nDFfrDao,Tabanan Regency
Dinas Kebudayaan Kabupaten Tabanan,ChIJOUhTlE060i0RwzWKhp03gXc,Tabanan Regency
Gudang Telor Pak sasti,ChIJA5eAPAAn0i0Rbtbd3xYeSaQ,Tabanan Regency
Mal Pelayanan Publik Kabupaten Tabanan (Sanggulan),ChIJMS_FTwA70i0RS78uJrryLcs,Tabanan Regency
Dinas Lingkungan Hidup Kabupaten Tabanan,ChIJt3H5ZlE60i0R3wxnHEhfTLY,Tabanan Regency
Kantor Pos Baturiti,ChIJ_xq2AlUn0i0Rof3GhKehO08,Tabanan Regency
Kantor Kepolisian Sektor Marga,ChIJ5zcOEr4k0i0RJM-raCXTmpY,Tabanan Regency
Sekretariat Kwarcab Tabanan Bali,ChIJDUBR61E60i0RW3yEHeQIJtM,Tabanan Regency
PosAja! Drop Point,ChIJmcuJQKMn0i0Rfb27r8rd50g,Tabanan Regency
Gemini Farm,ChIJ2Rr8SQAh0i0RlTa_hnvCyX0,Tabanan Regency
KANTOR PERBEKEL DESA SAI,ChIJtR3MoLeB0S0RNR6_jz1FVPU,Tabanan Regency
KPP Pratama Tabanan,ChIJBWdF4WE60i0RJqNvhPr0A6w,Tabanan Regency
Kantor Perbekel Desa Pupuan,ChIJR5TJ_fOH0S0RXInu_pQiWNE,Tabanan Regency
Krisna Kirana The Original Trigona Honey,ChIJrW7WUSsl0i0R1ohu33pEYi0,Tabanan Regency
puskesmas pembantu nyambu,ChIJMx-kVH450i0RLbnG2fAXfD8,Tabanan Regency
Puskesmas Pembantu Pandak Gede,ChIJP1rXFJU50i0RH3ZI_j-BuaU,Tabanan Regency
Puskesmas Pembantu Desa Buahan,ChIJH19B5iw70i0ReL8r0cA0vDQ,Tabanan Regency
PUSKESMAS PEMBANTU DESA WANASARI,ChIJQ5R6VAAl0i0RILn12SEFph4,Tabanan Regency
Puskesmas Pembantu Abiantuwung,ChIJkc_uFQo70i0RPWvgwFcS06M,Tabanan Regency
Puskesmas Pembantu Wongaya Gede,ChIJzSp9KcYn0i0RO50I8RBi1ds,Tabanan Regency
Puskesmas Pembantu Jatiluwih,ChIJnx_z_a0n0i0RSnhh1GIHA-8,Tabanan Regency
Puskesmas pembantu desa belalang,ChIJT6PufQA50i0RGz_4JmkOUCE,Tabanan Regency
Puskesmas Pembantu Bangli,ChIJf5J0xQon0i0RcxMz39KUEhk,Tabanan Regency
Puskesmas Tabanan ll,ChIJx9grP9w60i0RdhTjIOmHSIU,Tabanan Regency
Puskesmas Kediri I,ChIJ9zhf7y060i0R3g2bFED29_Y,Tabanan Regency
UPTD Puskesmas Marga I,ChIJ3aCz77kk0i0R3GwhrhYTNnY,Tabanan Regency
Puskesmas Marga II,ChIJT2eeSRc70i0Rp7ZE21k3G_4,Tabanan Regency
Puskesmas Baturiti I,ChIJQ2js_yoh0i0R4AO_CDdemk4,Tabanan Regency
Puskesmas Penebel II,ChIJORcHH7kl0i0RS-wVxaLVyJU,Tabanan Regency
UPTD Puskesmas Tabanan III,ChIJ-9csP_c60i0RxMTByymIYaQ,Tabanan Regency
Puskesmas Kediri II,ChIJ4YlDuZ850i0RNj21Qy713Lk,Tabanan Regency
Puskesmas Kediri III,ChIJJTDHJ9s50i0RWne1VxVr4H4,Tabanan Regency
UPTD PUSKESMAS TABANAN II,ChIJYVcyZgA70i0RY1DWNcjDP-w,Tabanan Regency
Cau Belayu Public Health Clinic,ChIJZYkdPREj0i0RXbzM-qP8RM8,Tabanan Regency
Puskesmas Pembantu Babahan (Pustu Babahan),ChIJ91sb9oUn0i0RjLrwavbEEqI,Tabanan Regency
Puri Ageng Perean,ChIJnzXyDiwj0i0Ri_oRtPHTv5Q,Tabanan Regency
Puri Gede Jelantik,ChIJmQUvUfEn0i0RBqo_EcNvCWc,Tabanan Regency
Bendung Baru Kedokan,ChIJi3sPHgAn0i0RSrlA5p-udbs,Tabanan Regency
PURA AGUNG PEREAN,ChIJv8AzgvQj0i0R3UM9QzWK5EM,Tabanan Regency
INDRAPRASTHA,ChIJRU8JGwAn0i0RLNJJ3SRw1L8,Tabanan Regency
"Wantilan Graha Kertaning Desa, Desa Adat Sunantaya",ChIJPc1nagAl0i0Rf_cz93rWJL0,Tabanan Regency
Rumah mangku panti,ChIJh7Y4RQAh0i0R-te4S2cFAsA,Tabanan Regency
Jaranan stune,ChIJqc9hKAAl0i0REtJPnk7xleU,Tabanan Regency
Pohon Sakral Celagi,ChIJHc94AgA70i0RvcoyEblK5qs,Tabanan Regency
Puri Ageng Marga (ᬧᬸᬭᬶᬅᬕᭂᬂᬫᬃᬕ᭟),ChIJyT0vB5Uk0i0RVxjyLnuYF7I,Tabanan Regency
Bale Banjar Bolangan,ChIJQ9o0jT8n0i0R_8WuNj-01xk,Tabanan Regency
Puri Gede Penebel,ChIJIz4AOi4l0i0RnDEenMXZnao,Tabanan Regency
Puri Oka Marga,ChIJey1yDpUk0i0RMLsyhMNPHbc,Tabanan Regency
"Banjar Beng Tengah, Desa Tunjuk, Tabanan",ChIJI86vvZUl0i0REviaqg8JNJM,Tabanan Regency
Monumen MBO DPRI SK,ChIJi--d3HAv0i0R1jSbC1JZkh4,Tabanan Regency
Puri Beng Tabanan,ChIJ553woxQ70i0RRb97Q-qvVDw,Tabanan Regency
Beji GWS Jambe Langu,ChIJUfz1m9cn0i0Rz4tMuzoXkLI,Tabanan Regency
Gunung Batukaru,ChIJJyy4rC0p0i0RhQPzF4cab8w,Tabanan Regency
Griya Keniten Marga,ChIJ87ud7g0l0i0RrgkT4eWENKE,Tabanan Regency
Saren kelod puri pucangan,ChIJe2XvTwA70i0RMrAvZo-eITs,Tabanan Regency
Tanjakan berkelok,ChIJLTegfACJ0S0RrIkX9niPvOA,Tabanan Regency
PURI TAMAN MARGA,ChIJWWlzb5Uk0i0R1mY6Ulb7fNU,Tabanan Regency
Mit house,ChIJ_TXuY9aJ0S0Rd-FntPL0HWI,Tabanan Regency
Puri Anyar Tabanan,ChIJ6y4LySo70i0RR1ru2RVYgdU,Tabanan Regency
Tugu Perjuangan Kemerdekaan 1945,ChIJk13hk78x0i0RMHPCoLbke58,Tabanan Regency
Sarasidi Village,ChIJYVrkMQAv0i0ReyEoIIfmHmE,Tabanan Regency
Jro man KOPLET,ChIJ4yy-bAAj0i0RtjbLOaPtOWM,Tabanan Regency
KayuSugih,ChIJkSWzwv-J0S0RPFmvpvXtNIg,Tabanan Regency
Puri Agung Tabanan,ChIJRxS_3Vg60i0Rx_EZipu8S7k,Tabanan Regency
Puri Agung Kerambitan,ChIJzbfwpmtXBAUR1jYgQhksDMM,Tabanan Regency
Rumah dode domang,ChIJkQulSwAl0i0RRLqVJslfbsQ,Tabanan Regency
Puri Jelantik Marga,ChIJx-ccDwAl0i0ReAhZeShKuCQ,Tabanan Regency
Puri Agung Kaleran Tabanan,ChIJ832kjlg60i0RdOUU61dTIL0,Tabanan Regency
Puri Kompyang Tabanan,ChIJ32kGcoM70i0RBsnG5boaEgE,Tabanan Regency
Bale Adat Desa Adat Tunjuk,ChIJ4a-QLwAl0i0Rm9xVzTCTXUg,Tabanan Regency
Puri Gede Penebel,ChIJnYTn4f4l0i0RtAiT6s2uaa4,Tabanan Regency
"Kuburan Desa Adat Dharma Sadhu, br, Mandung, Desa Sembung Gede, kec, Kerambitan, Tabanan",ChIJTZRSXBkx0i0RBBU64f4-etE,Tabanan Regency
Pondok Kak Sukerti,ChIJg3911LmJ0S0RyXjpvXWUk0U,Tabanan Regency
Rumah gek yunda,ChIJG-5IIQAl0i0R-xXH4BJZU1g,Tabanan Regency
Jro Beluran Subamia,ChIJUd8ZowY70i0Ra1goorbkhYg,Tabanan Regency
Goa Jepang Danau Beratan,ChIJxROM3lWJ0S0RFZOlEnWbpPc,Tabanan Regency
Rumah Yuni,ChIJw67qLa870i0Ry5pA8zdsLpM,Tabanan Regency
"Br.Wanasara, Bongan, Tabanan",ChIJvyhkKlk70i0Rx8hVqjUjmrg,Tabanan Regency
Sesandan Rice Terrace,ChIJ63X65I0v0i0R7ndOfZ3rrA8,Tabanan Regency
Subak abian kunyit,ChIJ1wRvMdEp0i0RiZS5Fbuv4XA,Tabanan Regency
Mandala Dwaraka,ChIJdZauCwmJ0S0RSet-wNbdpkM,Tabanan Regency
Dwi Hita & Bunga,ChIJ1TQAcT4x0i0RA5b6CP3HpA4,Tabanan Regency
Tora house,ChIJIWi1LgAn0i0RFkRSxa3nmK0,Tabanan Regency
Bendung Babakan Anyar,ChIJPZcNWwAx0i0RkVy2183ve3g,Tabanan Regency
Saren Taman Puri Kediri,ChIJ48bBO4o70i0RgT9rFU38qtA,Tabanan Regency
Rumahnya RIKI AYA,ChIJfRLpcQA70i0RBmodrK-B0ic,Tabanan Regency
Ulu nunggang,ChIJ19iPHPYj0i0Ry5QKCGFgqdQ,Tabanan Regency
Rumah Adiastuti,ChIJE4NCsi0p0i0ROGin9VAo5lc,Tabanan Regency
Home bracik,ChIJJZsQUQAp0i0R5CsUzGaxzfc,Tabanan Regency
Mata Air Nyambu (Air Minum Alami),ChIJXYpbGD070i0RPBNM9hu7oTI,Tabanan Regency
Balai Banjar Bangah,ChIJRcGrdTQn0i0RJ0pOU7AwF9E,Tabanan Regency
Balai Banjar Munggal,ChIJK7Jw25A70i0RU0XMKD8c13Q,Tabanan Regency
Balai banjar Padangan kaja,ChIJ-w__yHIp0i0Rr0RAR7olpcs,Tabanan Regency
Balai Banjar Tamansari,ChIJVVQEth-H0S0RQ2UnClI8jUU,Tabanan Regency
Lapangan Umum Wanasari,ChIJRYRXhCYl0i0RS0EiZeP_NIM,Tabanan Regency
Lapangan Umum Buruan,ChIJBUyiXgIl0i0RbSXmaXnxcVc,Tabanan Regency
LAPANGAN UMUM POYAN,ChIJpegVWp4h0i0RiF3c7-a9pDg,Tabanan Regency
Lapangan Umum Desa Pesagi,ChIJJzrQS2ol0i0R-jS9jGXjIm4,Tabanan Regency
Lapangan Umum Desa Penatahan,ChIJVWZNgrkl0i0Rhg1jrDgmjd0,Tabanan Regency
Indah LAUNDRY,ChIJL5_QZjMk0i0R3ZoQxBfk3hU,Tabanan Regency
Lapangan Tegal Duwe,ChIJq6qqqi4m0i0RSOsUN9Cwuio,Tabanan Regency
Lapangan Bola Voli Seribupati,ChIJafZKaAMj0i0R_5QDvLtOmKo,Tabanan Regency
SPBU 54.821.16 Sanggulan,ChIJp5IdOQA70i0R8oik7trk8NM,Tabanan Regency
Balai banjar Tegeh,ChIJI1tRsTwn0i0RtFSoEgpJZUk,Tabanan Regency
Bale banjar ds. jelantik,ChIJv3aOFsUn0i0RXD2FHubb33I,Tabanan Regency
Banjar Pinge Desa Baru,ChIJTbrazrAm0i0RHwF7psPrU1s,Tabanan Regency
Banjar Pemanis Kelod,ChIJyyin0Jcl0i0RS9BkA_HRphc,Tabanan Regency
Balai Banjar Senganan Kanginan,ChIJQQ_NKHon0i0R1NHcw4dXhNU,Tabanan Regency
Balai Banjar Biaung Tengah,ChIJ2aeRy_cl0i0RPFARgcHiT2c,Tabanan Regency
Balai Banjar Petiga Kangin,ChIJ6QgwcAAl0i0RKTfTzcsO6AM,Tabanan Regency
Balai Banjar Adat Kikir,ChIJofBETwAl0i0REG2RT1E_MgU,Tabanan Regency
Balai Banjar Bugbugan,ChIJZ2dkknYn0i0RIGcioPWlpCI,Tabanan Regency
Bale Banjar Desa Adat Poyan,ChIJd0uJUXUh0i0RLTI0faEZlwI,Tabanan Regency
Balai Banjar Tajen Pande,ChIJi_qsz9Yl0i0RxOZbm1wpQAc,Tabanan Regency
Balai Banjar Tohjiwa,ChIJiWCiUwaL0S0R4dYPbrSVuv0,Tabanan Regency
Balai Banjar Piling Kawan Dan Piling Tengah,ChIJKZgl6Jsn0i0RaAGYvKIciX8,Tabanan Regency
Balai Banjar Tajen Sedahan,ChIJsY8r0Tcl0i0RZpZUd5FM15U,Tabanan Regency
Balai Banjar Gunung Kangin,ChIJ7capSQAn0i0RSgVjLv_EKFU,Tabanan Regency
Balai banjar dese adat abing,ChIJ-zEHnEOL0S0RRUQGp6U1VXg,Tabanan Regency
Balai Banjar Penganggahan,ChIJB7on53sn0i0RE49vCDTIGPM,Tabanan Regency
Balai Banjar Wongaya Kelod Kangin,ChIJb2IdsRUm0i0RCK4aya0of_E,Tabanan Regency
Balai Banjar KELACI,ChIJi88FcwAl0i0RVFKaBbg_ZuA,Tabanan Regency
"Balai Banjar, Juwuk Legi",ChIJ7cTaLTiL0S0R6fpyHFuwj4Y,Tabanan Regency
Banjar Tengah Marga Dajan Puri,ChIJY0B-4VMl0i0RThM4hLb2CeI,Tabanan Regency
Balai Banjar Buahan Utara,ChIJkXInagAl0i0R__VHY3pab9Y,Tabanan Regency
Balai Banjar Wongaya Bendul,ChIJCaZoJW4n0i0RJoXjLN0v2Vk,Tabanan Regency
Balai Banjar Umadiwang,ChIJTfttJEA70i0Rgz4ndnBS7DY,Tabanan Regency
Balai Banjar Adat Cepaka,ChIJL7I2w0Yv0i0R-ibEXuC98mA,Tabanan Regency
Balai Banjar Taman Tanda,ChIJaft7QwCJ0S0RIGlT_JBBBbQ,Tabanan Regency
Balai Banjar Beng Kaja Tunjuk,ChIJNZdRnfgl0i0R2V_jd7dNlV0,Tabanan Regency
BALAI BANJAR ADAT JADI PISAH,ChIJcVF5tQ870i0ROXOLU5osj8s,Tabanan Regency
Balai Banjar Riang Ancut,ChIJP1pn0IM70i0R7xiiVRTWP5M,Tabanan Regency
Balai Banjar Desa Pakraman Munduk,ChIJHUCrdfgv0i0RXUusG-x3mO4,Tabanan Regency
Balai Banjar NyatNyatan Desa Gadung Sari,ChIJI_obD_Qv0i0REiZkNvSYhSQ,Tabanan Regency
Balai Banjar Bangkiang Mayung,ChIJk84K7CQx0i0R6qEE-wG-WRk,Tabanan Regency
Balai Banjar. Riang Delod Sema Gede,ChIJYaVKAt070i0RYGUYJfr1_tk,Tabanan Regency
Balai Banjar Sakenan Blodan,ChIJpYYuM6g70i0ReC_eFDB9it4,Tabanan Regency
Arena Mojan,ChIJF9lNZgAh0i0RmMPa5BjBKzI,Tabanan Regency
SDN 1 MEKARSARI,ChIJAzNF-SYh0i0RF5zXmyrVDRw,Tabanan Regency
SDN 2 Tajen,ChIJz6MX4U8k0i0RWm3X5WUDkM4,Tabanan Regency
SDN.1 BATURITI,ChIJoWEIrf-J0S0RLiaSuVEsD8o,Tabanan Regency
SDN 3 Payangan,ChIJnfl1RJ8n0i0RUDAfg7J7RN8,Tabanan Regency
SDN 1 Bangli,ChIJbYhEN08n0i0RYvIbZOkf03Q,Tabanan Regency
SDN 1 Pitra,ChIJnQ-UNOgl0i0REKn9yD4wiII,Tabanan Regency
SDN 5 Senganan,ChIJX0lbZGYn0i0RwRkYjYDsLLY,Tabanan Regency
SDN 8 Kediri,ChIJkY8Pbjg60i0R8gmBxB_0xvA,Tabanan Regency
Jl. Banjar Raden,ChIJh4dQabEm0i0Rw4buz4PQP84,Tabanan Regency
Vocational School 1 Tabanan,ChIJ270rDFc60i0RO1qfJPU-mvU,Tabanan Regency
SMK Negeri 2 Tabanan,ChIJg16bi2o70i0RvaZh-uRIbQI,Tabanan Regency
SMK Negeri 3 Tabanan,ChIJwTwWJycw0i0ROY-bnlCHSzs,Tabanan Regency
SMEA,ChIJR68HDFc60i0RHFOgCT_-ZPE,Tabanan Regency
SD Negeri 1 Selabih,ChIJ417aBFIt0i0R9c2ZKqjNrv8,Tabanan Regency
SD Negeri 2 Selabih,ChIJOTXPDH8t0i0Rx9er8McWJWA,Tabanan Regency
SD N 1 Belatungan,ChIJO7a-owYr0i0Rh3aM250UYlc,Tabanan Regency
SD Negeri 1 Mundeh Kauh,ChIJrYiEOIcr0i0RgrDAzsxcdxg,Tabanan Regency
SD Negeri 3 Lalanglinggah,ChIJA6koSeQt0i0RKpcUrNNm_5Y,Tabanan Regency
SD N 2 BELATUNGAN,ChIJ4XI3Nfsr0i0Rss8JQ4tubUY,Tabanan Regency
SD N 1 Lalanglinggah,ChIJo814nJot0i0Ru9zmuhPHzrM,Tabanan Regency
SD Negeri 1 Mundeh,ChIJmQgWdBgr0i0RWydo5jsfcS0,Tabanan Regency
TK MEKAR SARI SELABIH,ChIJp3vpyoAt0i0RZPLObYhlVQk,Tabanan Regency
SD Negeri 2 Kebonpadangan,ChIJN4wPuC0q0i0R3InpgMVH3YA,Tabanan Regency
SD Negeri 3 Bajera,ChIJY6HQCLgv0i0Rc_68Zq_ixx0,Tabanan Regency
SD Negeri 3 Lumbung,ChIJzzDx9gMt0i0Ry375k6A8B_I,Tabanan Regency
SD Negeri 3 Kebon Padangan,ChIJPSBTXjIq0i0Rvz-HXHT4e2M,Tabanan Regency
SD Negeri 2 Mundeh Kangin,ChIJhUHmDycs0i0RTWgLfMCkAm8,Tabanan Regency
SD NEGERI 2 BANTIRAN,ChIJ4zabeASB0S0Rb1Tiw2nePXQ,Tabanan Regency
SD Negeri 2 Lumbung,ChIJAUbSwm0u0i0Rsik7Mf6_vG4,Tabanan Regency
SD Negeri 1 Bantiran,ChIJxbMgu_CB0S0Rw3I3lR9rJBA,Tabanan Regency
SD Negeri 1 Antosari,ChIJr_GnzeYv0i0R4-qaZFHs6lQ,Tabanan Regency
SD Negeri 2 Bengkel Sari,ChIJ8U26f5gt0i0RQkZbz9FWt-o,Tabanan Regency
SD Negeri 1 Tiying Gading,ChIJ9Rjp0V8u0i0R738CVANcGRI,Tabanan Regency
SD Negeri 2 Angkah,ChIJHZs-4nkv0i0R7KuYwMV07lE,Tabanan Regency
SD Negeri 2 Antosari,ChIJTwkX6hgu0i0RwEASha8v80M,Tabanan Regency
SD Negeri 1 Antap,ChIJy9hBeusx0i0RxzdQ38szyEY,Tabanan Regency
SD Negeri 2 Lalanglinggah,ChIJxyVxzD4t0i0RGkSNY87WBko,Tabanan Regency
SD Negeri 1 Karyasari,ChIJ4RSAmyEp0i0RhScsKX_aH2Y,Tabanan Regency
SD NEGERI 3 BANTIRAN,ChIJveuXu0mB0S0RpNpm9UvHjL8,Tabanan Regency
SD Negeri 2 Batungsel,ChIJr_yg-pUp0i0RKAQFGAQpTGE,Tabanan Regency
SD Negeri 2 Antap,ChIJU5c2EX0z0i0ROvclD7f8ipA,Tabanan Regency
SD Negeri 1 Pujungan,ChIJ9xpk3FiH0S0Rpm42Qjd9XeU,Tabanan Regency
SD N 1 Serampingan,ChIJv-zr7VMx0i0RirT1k1F3Af8,Tabanan Regency
SD Negeri 1 Selemadeg,ChIJ5-7ZJKUv0i0RFnLG3xE-3nQ,Tabanan Regency
SD Negeri 1 Batungsel,ChIJ8Wg0OxUp0i0R0vykKt4b0uc,Tabanan Regency
SD Negeri 1 Wanagiri,ChIJXT1Ootgu0i0RpaiHY5GOHHw,Tabanan Regency
SD Negeri No.2 Berembeng,ChIJp9Wyl9sx0i0R-FfGMTDsKRo,Tabanan Regency
SD Negeri 1 Berembeng,ChIJNfw-Lr8x0i0RTksJpQcmZjE,Tabanan Regency
Sekolah Dasar Wanagiri Kauh,ChIJU7702ykp0i0RwN8Y5eOvkks,Tabanan Regency
SD Negeri 1 Bengkel Sari,ChIJEeRt9UYv0i0RLUJbhH-3LBo,Tabanan Regency
SD Negeri 5 BELIMBING,ChIJM0UZKD0p0i0RvxhjygUVFMg,Tabanan Regency
SD Negeri 4 Bajera,ChIJjbbW-iAu0i0RJbkin4US19Q,Tabanan Regency
SD No. 1 Sembung Gede,ChIJ116-MAYw0i0RSIrXBposMPY,Tabanan Regency
SD Negeri 6 Pujungan,ChIJz3qcU6CH0S0R6lCVi8yhf7w,Tabanan Regency
Pura perempatan agung alas,ChIJCY419Xgx0i0RFD4GIdgmFuo,Tabanan Regency
Daya Tarik Wisata Jogging Track Jalan Usaha Tani Desa Cepaka,ChIJF8E6Qy450i0R1L4o5pnSqsQ,Tabanan Regency
Desa Wisata Kaba-Kaba,ChIJia3kNEU50i0R_8Ic2MfjrE4,Tabanan Regency
Wisata Grembengan,ChIJHRHyfZk70i0Rl9LF3CbTARE,Tabanan Regency
KANTOR PERBEKEL MARGA,ChIJ6zwCqW8l0i0RAYrI-Fd90yc,Tabanan Regency
KANTOR PERBEKEL DESA RIANG GEDE,ChIJqS3rXV8l0i0RDuk0z3y2Q-0,Tabanan Regency
Kantor Perbekel Desa Beringkit Belayu,ChIJEboq-gw70i0RK8uGaKPYZP8,Tabanan Regency
KANTOR PERBEKEL DESA CEPAKA,ChIJxYsAZgk50i0R1IXSD1UMyP4,Tabanan Regency
KANTOR PERBEKEL DESA SANDA,ChIJWYSSNbsp0i0R8yu5LwLj4t4,Tabanan Regency
Abiantuwung Village Office,ChIJuWcmEGk70i0Rrk25-JmVoK0,Tabanan Regency
KANTOR PERBEKEL DESA GUNUNG SALAK,ChIJo4emCwsv0i0Ry1XA21aFFKg,Tabanan Regency
KANTOR PERBEKEL DESA TIMPAG,ChIJ8SjjK_kv0i0RkhucM9vgwFI,Tabanan Regency
KANTOR PERBEKEL DESA KELATING,ChIJw8xN4M4w0i0R1pG545uKUCA,Tabanan Regency
KANTOR PERBEKEL DESA BUWIT,ChIJyZc4L7w50i0RQY311rsmn-M,Tabanan Regency
Kantor Perbekel Desa Mundeh Kangin,ChIJ8W78k_gr0i0RjWZSvnn_fzE,Tabanan Regency
Kantor Perbekel Desa Tibubiu,ChIJnXAYKuEw0i0RJyjRGzYKZOI,Tabanan Regency
KANTOR PERBEKEL DESA BATUNGSEL,ChIJU1Uk8Nop0i0RId2PnI27fNM,Tabanan Regency
Kantor Perbekel Desa Tegal Mengkeb,ChIJxcEGb9Qx0i0RGvsAGS28S54,Tabanan Regency
KANTOR PERBEKEL DESA TISTA,ChIJC2E4b4ww0i0RQENo8MY_vZ4,Tabanan Regency
Kantor Perbekel Desa Munduk Temu,ChIJl67I952A0S0RJ-kvoAV2lXo,Tabanan Regency
KANTOR PERBEKEL DESA BERABAN,ChIJNzan59c50i0R1PKssjugBVk,Tabanan Regency
KANTOR PERBEKEL DESA BENGKEL SARI,ChIJBcW9kAgu0i0R11rHQtdSGDM,Tabanan Regency
Bajera Village Government Office,ChIJZUYHDtQx0i0Rm9Gd_eTKTeo,Tabanan Regency
KANTOR PERBEKEL DESA BANTIRAN,ChIJfa3n3dCA0S0RBjv6sfDMo4M,Tabanan Regency
KANTOR PERBEKEL DESA JELIJIH PUNGGANG,ChIJec7Mk10p0i0RaApkOIY4j8c,Tabanan Regency
Kantor Perbekel Desa Belimbing,ChIJaaMgtQgp0i0RzO1v_QTsOww,Tabanan Regency
KANTOR PERBEKEL DESA LUMBUNG,ChIJo1FWTnEu0i0RLaT9EZF4N5Q,Tabanan Regency
Kantor Perbekel Tangguntiti,ChIJ-UWl5P4w0i0RddqnmrIVu64,Tabanan Regency
Kantor Perbekel Desa Berembeng,ChIJ65NpbgAx0i0R1fuFIssMZ5g,Tabanan Regency
KANTOR PERBEKEL DESA SUDIMARA,ChIJj2Ujta4w0i0RQduESN6nXmc,Tabanan Regency
SMK Gandhi Usada Bali,ChIJm49N5q470i0RveabCdNxWnc,Tabanan Regency
Tourism Vocational Triatma Jaya Tabanan,ChIJBwg8o0I60i0R2sqeZ8eQYpk,Tabanan Regency
SMK Pariwisata Biwi Tabanan,ChIJ5aAnpkI60i0RpQS4GIl4j3Q,Tabanan Regency
SMK Saraswati 1,ChIJQymjBlQ60i0RglYaS3TAH84,Tabanan Regency
SMK Pariwisata Margarana,ChIJzUzmMPk60i0RIK_2aDMUSiY,Tabanan Regency
SMK Bintang Persada,ChIJzeSPhmE60i0RR4_OPbDuv8s,Tabanan Regency
Balai Banjar Kuwum Anyar,ChIJk2RNDQAl0i0R84yljog0VjM,Tabanan Regency
Secret Garden Village,ChIJhwAqoysh0i0R70f2yLfD06s,Tabanan Regency
Museum Mandala Mathika Subak,ChIJeacH7cQ70i0Ru6nFKgSYNDc,Tabanan Regency
Desa Adat Pekraman Petiga Marga Tabanan,ChIJ4ZhdAHIk0i0RojTnx2mbpDg,Tabanan Regency
Rumah Wigunaaa,ChIJnyKBLQAn0i0RuiIo0128wjU,Tabanan Regency
Balai Banjar Tuka,ChIJX-IQyY0j0i0RIgU_fKLAA9k,Tabanan Regency
Griya Basangbe,ChIJjWWPwHsj0i0RtItSwySmV40,Tabanan Regency
Battle of Margarana Museum,ChIJoSQlxuwk0i0RLrOvO5QY3eo,Tabanan Regency
JEGU Rock City,ChIJV-4UEKkl0i0RTz2NZMxn-d0,Tabanan Regency
Banjar Peken,ChIJWaqnqWw70i0RLI_B7rk7KU4,Tabanan Regency
Griya manik tajen,ChIJfT2HxUMl0i0R2_ybK6Lt5w0,Tabanan Regency
Water Museum Mandala Manthika,ChIJq1tqTgA70i0R4TsPa_gTcoU,Tabanan Regency
Graha sastraloka,ChIJQ_v-NEw70i0RfRNBiJmlssc,Tabanan Regency
Tabanan Anom Palace,ChIJewxI5Vg60i0RStqXAEtoVog,Tabanan Regency
Bali Butterfly Park,ChIJMaOrTtM60i0RRirULm_EL5s,Tabanan Regency
Pura bale agung desa adat kubontingguh,ChIJn6zOdK470i0Rmxd-w89iwQ0,Tabanan Regency
Griye Jumpung Pekilen,ChIJQec7nSU70i0R4Dce-9jOH_o,Tabanan Regency
Jero Tambangan,ChIJx_MsNlk60i0RzjS_X_m7B_E,Tabanan Regency
Pura Luhur Jagasatru,ChIJQbe5rIQo0i0RxgfK7xj1Yng,Tabanan Regency
MABES GDR FAMILY,ChIJ_Sy5TAAx0i0RAHBevssKYX4,Tabanan Regency
Tugu Pahlawan Desa Samsam,ChIJm7MlkNM70i0RqHPnCsY5kDQ,Tabanan Regency
Subak Museum,ChIJP_9eh1I60i0RO3qiNEyh4YU,Tabanan Regency
Boga Bali Living Museum,ChIJ2_a8OwAl0i0R1vBQt3-3iwA,Tabanan Regency
gawean,ChIJLymOQQAn0i0RZZPzf7kYR6s,Tacy
Bundaran Pasar Minggu,ChIJNcVeAdK16C0RXylmDO82Mts,Tanah Bumbu Regency
Puskesmas Pembantu (Pustu),ChIJ34vqEyM71S8RsJEADbqcYRc,Tanah Datar Regency
Bundaran Sarang Halang,ChIJS3J9XF7x5i0RKlnwqwUoRzc,Tanah Laut Regency
Pustu Puskesmas Pembantu,ChIJkwevtZrjaS4RczCYehPOdig,Tangerang Regency
Puskesmas pembantu (pustu)sukajasi,ChIJc2U0ewB1Ry4R9bnrP4rWQQQ,Tanggamus Regency
Pustu (puskesmas pembantu),ChIJl67nAMY9Ry4RarLeIYkw3sY,Tanggamus Regency
Pustu (Puskesmas Pembantu),ChIJqQjWHX2p5S0RMR3iAPoYzG8,Tapin Regency
Bundaran Rantau,ChIJUfAIQACl5S0RXSNJeUBxSvI,Tapin Regency
Bundaran Bungur,ChIJGbu_Ggm75S0R_Iq_1dkix_c,Tapin Regency
Kantor Kepala Desa Salawu,ChIJ1w3jJ9uqaC4RyCIiRM9WrzE,Tasikmalaya Regency
Simpang,ChIJ9YE5Q7bjZS4RdAvfYdyfdSY,Tasikmalaya Regency
Sekolah Dasar Negeri Bojongsari,ChIJbxxNBulXby4R6RxvtA_uNuY,Tasikmalaya Regency
Wisata Bendungan Leuwikeris,ChIJPQaGZQBfby4Rillt9ji4sA4,Tasikmalaya Regency
puskesmas pembantu,ChIJNZVpSeF3cC4RwGuUyh6kO5o,Temanggung Regency
PUSKESMAS PEMBANTU NAMPIREJO,ChIJ1d7d036Dei4RUb3Di0nejX0,Temanggung Regency
Puskesmas Pembantu Nglorog,ChIJkwRAQIh_cC4RSZxxDpGNcLQ,Temanggung Regency
PUSKESMAS PEMBANTU TEGOWANUH,ChIJSy0HLgB5cC4RXsI4I6yVgFc,Temanggung Regency
Puskesmas Pembantu Muntung,ChIJlVtMrMpxcC4RpBV72aD7Qzk,Temanggung Regency
Crossroads,ChIJoxd70qklY4gRr9g2SBRiAos,Tennessee
Crossroads,ChIJr2hy4J5SY4gRrdAdP2YZImM,Tennessee
Crossroads,ChIJhc_Elcd4e4gR5OykmzTmzNY,Tennessee
Crossroads,ChIJY_p753DfYogRBnvx0Z7uCco,Tennessee
The Crossroads,ChIJcSXHugOkYYgR3walT0tGCNA,Tennessee
Crossroads,ChIJ82t18CX5fIgR93jRZqDC12M,Tennessee
Cross Roads,ChIJlfEwQz7JZogRJU32UMCeGUI,Tennessee
Cross Roads,ChIJcyrMEME9e4gRazPG_00yLKY,Tennessee
Cross Roads,ChIJMSl5uheIe4gRDouOymvbnvc,Tennessee
Cross Roads,ChIJI34n-5nUfogRH_a5g4JIefs,Tennessee
Cross Roads,ChIJMWxPkmp8ZogR5V3yDtOwb_E,Tennessee
Cross Roads,ChIJGRMJhaxKYYgRhf7V40PkZSc,Tennessee
Crossroads,ChIJgy4wELT6NoYRqhPDLc5RHxs,Texas
Crossroads,ChIJnQhKzd4GNoYRHv-7YQQi6QY,Texas
Crossroads,ChIJSRhr_VAoSoYRixdNk6CiwBA,Texas
Crossroads,ChIJ54QMh_C7-YYR4RZITW-FVpk,Texas
Crossroads,ChIJz74L7B5NSoYRRwuvVIBVsDc,Texas
Cross Roads,ChIJ-97V3HlrRoYRBguw6JNjLn4,Texas
Cross Roads,ChIJJQAVohT6VYYRDmDhnGi2Bf4,Texas
Cross Roads,ChIJTWAAjLRHRoYRcPcj6_GlMIw,Texas
Cross Roads,ChIJucwUgu7lSIYRzlhOg7TOpP4,Texas
Cross Roads,ChIJi_eOf7NHRoYRERmnuHrr3TE,Texas
Crossroad Store,ChIJl3Is_A3nT4YRSUkjOQ15TNA,Texas
PUSKESMAS PEMBANTU,ChIJIT8ubBCfdjIRv3lxUnNLwAY,Toli-Toli Regency
PUSKESMAS PEMBANTU,ChIJQU9FnuDfcDIRM5BuwYwO9SY,Toli-Toli Regency
Bendungan,ChIJO79U4UIGeS4RxZW7NpKlLdo,Trenggalek Regency
Puskesmas Pembantu Gador ( Pustu ),ChIJj4MuCAAdeS4RZzGcna9r4Lo,Trenggalek Regency
Perempatan Dempok,ChIJ-yQfVwAdeS4RQVc2ot10gTo,Trenggalek Regency
Crossroads,ChIJ5-mTMySJfkgRlaxVhoX3yig,Trimdon Station
Crossroads,ChIJ13NXldfVc0gRye6sk3Z7pYc,Trowbridge
Crossroads,ChIJ2yHFXW_Vc0gRGmYzFdVZlmk,Trowbridge
Puskesmas Pembantu (PUSTU),ChIJ_RI5z98Pdy4R-jRkBCSuFcc,Tuban Regency
Puskesmas montong sekar,ChIJh5bY-Uqedy4RR7-qYg_Bilc,Tuban Regency
PEREMPATAN SRIWING KARANG KULON,ChIJG3sGOgAJdy4R5Tc0qkcQO-0,Tuban Regency
Perempatan Jalan Dusun Bandungrejo,ChIJcwwAOgCPdy4R7R5DzRgINaM,Tuban Regency
Puskesmas Plumpang,ChIJNbE3ubKRdy4RxpmiqkI7K0s,Tuban Regency
Puskesmas pembantu,ChIJocUTUbifPy4RPPX-28O4ZR4,Tulang Bawang Regency
Tugu,ChIJVQ7SkjzmeC4Rjtzt675EatQ,Tulungagung Regency
Bendungan Wonorejo,ChIJee3bLB0DeS4Rro415eQSG1c,Tulungagung Regency
Perempatan Prayit,ChIJ-eqCA-DjeC4RJ2gPfQ9R_HU,Tulungagung Regency
Perempatan Tamanan,ChIJh_Q3dgDjeC4RN7dPqjnbvPA,Tulungagung Regency
Tugu Kendang Perempatan TT ( Tulungagung Theater ),ChIJxwBA5eDieC4ROC2VPY8qZpU,Tulungagung Regency
PEREMPATAN RUMAH SAKIT LAMA / LAWAS,ChIJN-Ydp8DjeC4RNEqxgciDa3U,Tulungagung Regency
Perempatan Tong Kacangan,ChIJ91haaADneC4RYFvueKjd_iw,Tulungagung Regency
Perempatan Amanda,ChIJE4Z2YQDleC4RMj2mlnRwcAo,Tulungagung Regency
Perempatan Bis Ngguling,ChIJbyDqJQDjeC4RrCOnFO4ft2E,Tulungagung Regency
Crossroads,ChIJHxNyGiNe30cRkDUqK9wqKjA,Uckfield
Crossroads,ChIJ2wf767KGxokRR-uwd-9MQHw,Upper Pottsgrove Township
Crossroads,ChIJ8enARUyFsokRXaENk8lpDnc,Virginia
Crossroads,ChIJI37CvNxpTYgRME_989A3cnk,Virginia
Crossroads,ChIJv3zKXm58tIkR3RKib1-TcmM,Virginia
Crossroads,ChIJ957AlmN3dkgRoZEv60xQBmw,Virginia Water
WADUK KALOLA,ChIJF2hXcK_WlS0RlCwcbzmmXa8,Wajo Regency
Puskesmas Cihampelas,ChIJKXS_wKz6aC4RzfXZT7TFzQE,West Bandung Regency
Sekolah Dasar Negeri Angke 01,ChIJUw9VoBn2aS4R5mjFzzg2RG0,West Jakarta City
Puskesmas Kecamatan Kalideres,ChIJxbBucSMDai4R5ZpBU-zUOiY,West Jakarta City
Bundaran Simpang Tembalu,ChIJc-ViTh7vCC4RHAI3tEbdYOE,West Kotawaringin Regency
Puskesmas Pembantu (Pustu) Tepian Ulaq,ChIJS_3rcwC99y0RGdrMiEXH4ZA,West Kutai Regency
Cagar Budaya Banten,ChIJ1yMJt3CPRy4RCAY7mt2QxBg,West Lampung Regency
Puskesmas Pembantu Peresak,ChIJNQL2Gjy5zS0R3dXolsK-z00,West Lombok Regency
Meninting Public Health Center.,ChIJR7-11QTCzS0RmPdxD58_qW4,West Lombok Regency
Lapangan Umum Kuripan Timur,ChIJy2i-5WG7zS0RXMDsho6bn6k,West Lombok Regency
"Crossroads Café Sandwiches, Pizza, Fried Chicken",ChIJn1DKHKTqeYgR8TaLl8nDCPU,Wickliffe
Crossroads,ChIJY_JPzFsNdEgRs3qwAKzntWk,Winchester
Crossroads,ChIJ1053y4OGcEgRh9dnlTMkMzQ,Wolverhampton
Puskesmas Pembantu,ChIJX-3V5KrFey4RqBJN9HkWPlw,Wonogiri Regency
UPTD Puskesmas Ngadirojo,ChIJ9RzEcS0pei4RVJcNz1vDRfY,Wonogiri Regency
Puskesmas Pembantu,ChIJt1lVDFDLey4RAv3fVcXQBI4,Wonogiri Regency
Bendungan,ChIJR9ZhVLK8ei4R0GxV43Z6AgU,Wonosobo Regency
Puskesmas Pembantu Purwojati,ChIJkW76cGefei4RDw_rm6YAKNs,Wonosobo Regency
Crossroads Store,ChIJj4glRlgB0IcRiKO3F03mRck,Wood Township
Crossroads,ChIJw3yEpIpch0gRI_YbQB3CDV4,Wooler
Crossroads,ChIJZbh-Too0rYkR9X4nVWhMeJY,Yanceyville
Cagar Budaya Pendapa Agung Taman Siswa,ChIJ2Zz2q4JXei4R4VkZmm0v9ys,Yogyakarta City
CAGAR ALAM AGAPE,ChIJYUmIHABZei4R59wnz2crtxY,Yogyakarta City
Tugu Yogyakarta Monument,ChIJ1TtVTRpZei4Ri1bdOgBk-cA,Yogyakarta City
Bagian Tata Pemerintahan Setda Kota Yogyakarta,ChIJYyChKmxXei4Rwb6vATXd3kk,Yogyakarta City
Special Region of Yogyakarta Governor's Office,ChIJO5Ia-idYei4RgmCVaRUqbVg,Yogyakarta City
Office of the Mayor of Yogyakarta,ChIJR9zWrmRXei4RKuPtBu0Spdo,Yogyakarta City
Badan Perencanaan Pembangunan Daerah Kota Yogyakarta,ChIJFYTur2RXei4RF8FtWEy2CYE,Yogyakarta City
Division of Economy and Cooperation Affairs of the Local Secretary of Yogyakarta City,ChIJaYLIq2RXei4RGR9t5GBwLxY,Yogyakarta City
JDIH Yogyakarta,ChIJoQErqGRXei4RqxYYMFzbnZI,Yogyakarta City
Bagian Kesejahteraan Rakyat Setda Kota Yogyakarta,ChIJbzj9vkBXei4RoB_AJ__8Yd0,Yogyakarta City
Bagian Administrasi dan Keuangan Sekretariat Daerah Kota Yogyakarta,ChIJYYqvHnNXei4RzFgfQJH4w5A,Yogyakarta City
Dinas Komunikasi Informatika dan Persandian Kota Yogyakarta,ChIJdZDWo2RXei4Ra83eAXArIws,Yogyakarta City
Kantor PPID Pemda Daerah Istimewa Yogyakarta,ChIJn7eQUZpXei4RkrXxXpFJv_0,Yogyakarta City
Perempatan Galeria,ChIJ1Wu6z6VZei4RpZI4_fxbIls,Yogyakarta City
SMP Santo Yoseph Denpasar,ChIJqXM0W_pefiARqOEhhsPPJlI,lainnya
skp,ChIJmW0Z5WiWUScROTScqqd4Qc8,lainnya
Crossroad Solutions Sdn Bhd,ChIJ3UV5jO7ihqQRSp1Y3L0YojM,lainnya
PDAM Kabupaten Gianyar,ChIJb944L_MW0i0RZfW2YqNL-Qw,lainnya
Ramekan ID Bali Office,ChIJ3VPjKTm5BCAR3mA7zYCWaI8,lainnya
Desa Adat Kuning,ChIJc6m1FwODyWgRtnyeFX2is2Q,lainnya
Desa Adat Abing,ChIJhYM76cTSyY0Rs8CMz-Z7xjQ,lainnya
UPT Puskesmas Tembuku I,ChIJQ-Cq21Z8gqERFTpAs0zvYSU,lainnya
PERTAMINA,ChIJGdEDtXXf0y0Rb9clKJohgC4,lainnya
MI Nurussalam,ChIJX72iyk2E34YR_7mzdi20_lY,lainnya
